日期,平均氣溫(℃),平均相對溼度( %),平均風向(°),平均風速(ms),最低氣壓時間,最低氣溫(℃),最低氣溫時間,最低相對溼度時間,最大六十分鐘降水量起始時間,最大十分鐘降水量起始時間,最高氣壓時間,最高氣溫(℃),最高氣溫時間,累積日照時數(hr),累積蒸發量(mm),累計雨量(mm)
2012-01-01,15.0,89,90.0,,,12.2,2012-01-01 00:00:00,,,,,20.8,2012-01-01 00:00:00,3.6,0.7,1.8
2012-01-02,13.6,96,45.0,,,11.2,2012-01-02 00:00:00,,,,,20.8,2012-01-02 00:00:00,0.0,0.7,0.0
2012-01-03,14.2,86,45.0,,,8.9,2012-01-03 00:00:00,,,,,20.6,2012-01-03 00:00:00,5.5,1.7,0.0
2012-01-04,12.3,94,90.0,,,10.1,2012-01-04 00:00:00,,,,,17.0,2012-01-04 00:00:00,0.3,0.8,3.2
2012-01-05,11.3,99,90.0,,,10.2,2012-01-05 00:00:00,,,,,14.6,2012-01-05 00:00:00,0.0,0.0,6.3
2012-01-06,14.2,97,22.5,,,12.7,2012-01-06 00:00:00,,,,,17.6,2012-01-06 00:00:00,0.1,0.6,4.4
2012-01-07,15.4,88,45.0,,,12.2,2012-01-07 00:00:00,,,,,21.8,2012-01-07 00:00:00,7.1,1.6,0.2
2012-01-08,15.2,86,90.0,,,10.1,2012-01-08 00:00:00,,,,,23.8,2012-01-08 00:00:00,7.4,2.0,0.0
2012-01-09,16.3,81,45.0,,,12.4,2012-01-09 00:00:00,,,,,23.8,2012-01-09 00:00:00,7.4,1.9,0.0
2012-01-10,16.2,84,45.0,,,12.6,2012-01-10 00:00:00,,,,,22.8,2012-01-10 00:00:00,6.9,1.9,0.0
2012-01-11,16.1,82,45.0,,,14.0,2012-01-11 00:00:00,,,,,16.6,2012-01-11 00:00:00,0.5,1.9,0.0
2012-01-12,14.4,83,135.0,,,14.8,2012-01-12 00:00:00,,,,,22.8,2012-01-12 00:00:00,0.1,1.9,1.1
2012-01-13,15.6,93,90.0,,,14.3,2012-01-13 00:00:00,,,,,22.8,2012-01-13 00:00:00,0.0,1.9,0.1
2012-01-14,17.9,88,90.0,,,15.4,2012-01-14 00:00:00,,,,,22.9,2012-01-14 00:00:00,0.0,1.9,0.1
2012-01-15,18.3,91,90.0,,,15.5,2012-01-15 00:00:00,,,,,23.0,2012-01-15 00:00:00,0.8,1.9,22.1
2012-01-16,11.9,98,90.0,,,10.5,2012-01-16 00:00:00,,,,,26.6,2012-01-16 00:00:00,1.0,1.9,11.3
2012-01-17,13.6,83,45.0,,,9.0,2012-01-17 00:00:00,,,,,18.9,2012-01-17 00:00:00,8.0,1.9,7.6
2012-01-18,16.3,81,315.0,,,11.5,2012-01-18 00:00:00,,,,,20.7,2012-01-18 00:00:00,5.5,1.9,0.0
2012-01-19,17.4,79,22.5,,,17.2,2012-01-19 00:00:00,,,,,24.8,2012-01-19 00:00:00,7.1,1.9,0.0
2012-01-20,16.6,83,45.0,,,13.3,2012-01-20 00:00:00,,,,,23.8,2012-01-20 00:00:00,7.4,1.9,0.0
2012-01-21,15.3,87,45.0,,,12.8,2012-01-21 00:00:00,,,,,21.4,2012-01-21 00:00:00,4.0,1.9,0.4
2012-01-22,14.3,95,45.0,,,9.2,2012-01-22 00:00:00,,,,,17.2,2012-01-22 00:00:00,0.1,1.9,7.7
2012-01-23,11.6,98,90.0,,,10.8,2012-01-23 00:00:00,,,,,14.6,2012-01-23 00:00:00,0.1,1.9,1.2
2012-01-24,13.2,96,90.0,,,11.6,2012-01-24 00:00:00,,,,,18.2,2012-01-24 00:00:00,2.5,1.9,17.3
2012-01-25,12.1,99,45.0,,,10.0,2012-01-25 00:00:00,,,,,14.6,2012-01-25 00:00:00,0.0,1.9,2.9
2012-01-26,12.7,93,90.0,,,10.8,2012-01-26 00:00:00,,,,,17.4,2012-01-26 00:00:00,1.7,1.9,0.0
2012-01-27,15.6,80,45.0,,,12.6,2012-01-27 00:00:00,,,,,22.6,2012-01-27 00:00:00,9.2,1.9,0.0
2012-01-28,17.1,80,90.0,,,13.4,2012-01-28 00:00:00,,,,,23.8,2012-01-28 00:00:00,8.8,1.9,0.0
2012-01-29,16.3,87,45.0,,,13.0,2012-01-29 00:00:00,,,,,21.4,2012-01-29 00:00:00,2.3,1.9,0.0
2012-01-30,15.3,86,45.0,,,10.8,2012-01-30 00:00:00,,,,,20.8,2012-01-30 00:00:00,0.2,1.9,0.0
2012-01-31,13.6,85,225.0,,,10.8,2012-01-31 00:00:00,,,,,19.0,2012-01-31 00:00:00,7.5,1.9,0.0
2012-02-01,13.0,89,45.0,,,10.0,2012-02-01 00:00:00,,,,,16.4,2012-02-01 00:00:00,4.3,1.9,0.0
2012-02-02,15.4,82,45.0,,,11.4,2012-02-02 00:00:00,,,,,22.8,2012-02-02 00:00:00,7.2,1.9,0.2
2012-02-03,12.6,96,45.0,,,11.2,2012-02-03 00:00:00,,,,,22.8,2012-02-03 00:00:00,0.1,1.9,0.9
2012-02-04,15.2,87,315.0,,,13.0,2012-02-04 00:00:00,,,,,22.8,2012-02-04 00:00:00,6.7,1.9,0.0
2012-02-05,17.3,81,360.0,,,13.8,2012-02-05 00:00:00,,,,,24.4,2012-02-05 00:00:00,8.2,1.9,0.0
2012-02-06,19.3,80,45.0,,,15.8,2012-02-06 00:00:00,,,,,26.0,2012-02-06 00:00:00,6.3,1.9,2.3
2012-02-07,15.4,99,45.0,,,12.4,2012-02-07 00:00:00,,,,,17.6,2012-02-07 00:00:00,0.4,1.9,7.0
2012-02-08,11.5,100,45.0,,,9.8,2012-02-08 00:00:00,,,,,14.6,2012-02-08 00:00:00,0.0,1.9,14.9
2012-02-09,13.3,94,45.0,,,12.0,2012-02-09 00:00:00,,,,,16.6,2012-02-09 00:00:00,0.8,1.9,0.0
2012-02-10,16.2,82,45.0,,,11.8,2012-02-10 00:00:00,,,,,21.8,2012-02-10 00:00:00,6.9,1.9,0.0
2012-02-11,17.1,81,22.5,,,12.6,2012-02-11 00:00:00,,,,,24.0,2012-02-11 00:00:00,8.7,1.9,0.0
2012-02-12,17.6,79,90.0,,,13.4,2012-02-12 00:00:00,,,,,25.2,2012-02-12 00:00:00,9.6,1.9,0.0
2012-02-13,17.2,80,270.0,,,16.0,2012-02-13 00:00:00,,,,,24.2,2012-02-13 00:00:00,5.2,1.9,0.0
2012-02-14,20.1,80,270.0,,,17.6,2012-02-14 00:00:00,,,,,25.4,2012-02-14 00:00:00,5.3,1.9,0.0
2012-02-15,19.9,86,45.0,,,17.4,2012-02-15 00:00:00,,,,,25.0,2012-02-15 00:00:00,1.5,1.9,0.9
2012-02-16,18.5,92,45.0,,,14.0,2012-02-16 00:00:00,,,,,23.6,2012-02-16 00:00:00,1.8,1.9,0.4
2012-02-17,14.8,93,22.5,,,10.4,2012-02-17 00:00:00,,,,,19.8,2012-02-17 00:00:00,2.1,1.9,0.0
2012-02-18,11.5,96,67.5,,,9.0,2012-02-18 00:00:00,,,,,19.6,2012-02-18 00:00:00,1.7,1.9,0.0
2012-02-19,13.7,84,45.0,,,11.6,2012-02-19 00:00:00,,,,,19.2,2012-02-19 00:00:00,1.0,1.9,0.0
2012-02-20,15.6,80,90.0,,,14.0,2012-02-20 00:00:00,,,,,21.8,2012-02-20 00:00:00,2.0,1.9,3.5
2012-02-21,15.6,80,90.0,,,14.0,2012-02-20 00:00:00,,,,,21.8,2012-02-20 00:00:00,2.0,1.9,3.5
2012-02-22,15.6,80,90.0,,,14.0,2012-02-20 00:00:00,,,,,21.8,2012-02-20 00:00:00,2.0,1.9,3.5
2012-02-23,15.6,80,90.0,,,14.0,2012-02-20 00:00:00,,,,,21.8,2012-02-20 00:00:00,2.0,1.9,3.5
2012-02-24,15.6,80,90.0,,,14.0,2012-02-20 00:00:00,,,,,21.8,2012-02-20 00:00:00,2.0,1.9,3.5
2012-02-25,15.6,80,90.0,,,14.0,2012-02-20 00:00:00,,,,,21.8,2012-02-20 00:00:00,2.0,1.9,3.5
2012-02-26,15.6,80,90.0,,,14.0,2012-02-20 00:00:00,,,,,21.8,2012-02-20 00:00:00,2.0,1.9,3.5
2012-02-27,15.6,80,90.0,,,14.0,2012-02-20 00:00:00,,,,,21.8,2012-02-20 00:00:00,2.0,1.9,3.5
2012-02-28,15.6,80,90.0,,,14.0,2012-02-20 00:00:00,,,,,21.8,2012-02-20 00:00:00,2.0,1.9,3.5
2012-02-29,15.6,80,90.0,,,14.0,2012-02-20 00:00:00,,,,,21.8,2012-02-20 00:00:00,2.0,1.9,3.5
2012-03-01,20.2,85,45.0,,,15.4,2012-03-01 00:00:00,,,,,25.0,2012-03-01 00:00:00,6.0,1.9,0.0
2012-03-02,19.8,86,45.0,,,17.2,2012-03-02 00:00:00,,,,,25.0,2012-03-02 00:00:00,5.5,1.9,0.0
2012-03-03,20.3,89,45.0,,,16.8,2012-03-03 00:00:00,,,,,24.8,2012-03-03 00:00:00,2.7,1.9,0.0
2012-03-04,19.8,90,90.0,,,15.8,2012-03-04 00:00:00,,,,,24.4,2012-03-04 00:00:00,2.6,1.9,0.0
2012-03-05,20.6,83,90.0,,,17.0,2012-03-05 00:00:00,,,,,28.0,2012-03-05 00:00:00,9.1,1.9,0.0
2012-03-06,21.1,84,22.5,,,17.6,2012-03-06 00:00:00,,,,,26.6,2012-03-06 00:00:00,6.8,1.9,0.3
2012-03-07,20.1,89,90.0,,,18.0,2012-03-07 00:00:00,,,,,25.0,2012-03-07 00:00:00,3.3,1.9,0.0
2012-03-08,19.6,86,45.0,,,17.0,2012-03-08 00:00:00,,,,,25.0,2012-03-08 00:00:00,2.4,1.9,2.4
2012-03-09,17.6,98,90.0,,,16.0,2012-03-09 00:00:00,,,,,21.2,2012-03-09 00:00:00,0.2,1.9,1.3
2012-03-10,16.5,99,45.0,,,14.2,2012-03-10 00:00:00,,,,,18.4,2012-03-10 00:00:00,0.0,1.9,5.3
2012-03-11,15.2,100,22.5,,,11.6,2012-03-11 00:00:00,,,,,16.8,2012-03-11 00:00:00,0.0,1.9,15.5
2012-03-12,14.6,97,45.0,,,13.2,2012-03-12 00:00:00,,,,,16.8,2012-03-12 00:00:00,0.0,1.9,3.2
2012-03-13,16.3,91,90.0,,,14.4,2012-03-13 00:00:00,,,,,21.0,2012-03-13 00:00:00,3.3,1.9,0.5
2012-03-14,17.1,92,90.0,,,14.4,2012-03-14 00:00:00,,,,,22.4,2012-03-14 00:00:00,0.7,1.9,0.0
2012-03-15,19.6,81,360.0,,,15.6,2012-03-15 00:00:00,,,,,26.6,2012-03-15 00:00:00,9.2,1.9,0.0
2012-03-16,20.2,86,90.0,,,17.0,2012-03-16 00:00:00,,,,,26.0,2012-03-16 00:00:00,4.6,1.9,0.0
2012-03-17,21.8,85,90.0,,,18.6,2012-03-17 00:00:00,,,,,28.2,2012-03-17 00:00:00,8.2,1.9,0.4
2012-03-18,23.3,86,90.0,,,19.6,2012-03-18 00:00:00,,,,,29.0,2012-03-18 00:00:00,7.9,1.9,0.0
2012-03-19,21.5,89,90.0,,,17.8,2012-03-19 00:00:00,,,,,28.6,2012-03-19 00:00:00,5.4,1.9,0.0
2012-03-20,19.9,91,90.0,,,11.2,2012-03-20 00:00:00,,,,,23.6,2012-03-20 00:00:00,2.3,1.9,0.0
2012-03-21,20.3,81,45.0,,,16.9,2012-03-21 00:00:00,,,,,23.9,2012-03-21 00:00:00,4.6,1.9,0.0
2012-03-22,20.5,83,90.0,,,17.0,2012-03-22 00:00:00,,,,,27.4,2012-03-22 00:00:00,9.1,1.9,0.0
2012-03-23,22.0,81,45.0,,,10.8,2012-03-23 00:00:00,,,,,27.8,2012-03-23 00:00:00,5.9,1.9,0.5
2012-03-24,12.5,100,90.0,,,11.6,2012-03-24 00:00:00,,,,,15.4,2012-03-24 00:00:00,3.1,1.9,4.2
2012-03-25,14.5,90,45.0,,,11.4,2012-03-25 00:00:00,,,,,19.2,2012-03-25 00:00:00,1.5,1.9,0.0
2012-03-26,16.3,75,90.0,,,12.0,2012-03-26 00:00:00,,,,,22.4,2012-03-26 00:00:00,5.4,1.9,0.0
2012-03-27,16.8,78,45.0,,,13.2,2012-03-27 00:00:00,,,,,23.0,2012-03-27 00:00:00,7.1,1.9,0.0
2012-03-28,17.5,82,90.0,,,13.0,2012-03-28 00:00:00,,,,,22.4,2012-03-28 00:00:00,4.0,1.9,0.0
2012-03-29,16.4,85,90.0,,,13.8,2012-03-29 00:00:00,,,,,22.4,2012-03-29 00:00:00,2.9,1.9,0.0
2012-03-30,19.4,78,90.0,,,17.6,2012-03-30 00:00:00,,,,,25.6,2012-03-30 00:00:00,7.1,1.9,0.0
2012-03-31,20.3,78,45.0,,,15.0,2012-03-31 00:00:00,,,,,25.0,2012-03-31 00:00:00,4.8,1.9,0.0
2012-04-01,18.1,87,45.0,,,15.0,2012-04-01 00:00:00,,,,,22.6,2012-04-01 00:00:00,1.8,1.9,0.0
2012-04-02,19.2,88,90.0,,,18.4,2012-04-02 00:00:00,,,,,24.6,2012-04-02 00:00:00,4.0,1.9,1.3
2012-04-03,21.0,90,90.0,,,18.4,2012-04-03 00:00:00,,,,,25.0,2012-04-03 00:00:00,2.0,1.9,0.0
2012-04-04,20.0,88,45.0,,,16.6,2012-04-04 00:00:00,,,,,23.6,2012-04-04 00:00:00,0.5,1.9,0.0
2012-04-05,19.5,88,90.0,,,17.6,2012-04-05 00:00:00,,,,,24.0,2012-04-05 00:00:00,0.8,1.9,0.0
2012-04-06,18.3,96,90.0,,,16.6,2012-04-06 00:00:00,,,,,20.4,2012-04-06 00:00:00,0.0,1.9,37.8
2012-04-07,17.6,98,67.5,,,16.0,2012-04-07 00:00:00,,,,,20.8,2012-04-07 00:00:00,0.0,1.9,2.7
2012-04-08,18.0,94,22.5,,,16.4,2012-04-08 00:00:00,,,,,20.8,2012-04-08 00:00:00,1.8,1.9,1.7
2012-04-09,19.2,88,22.5,,,18.0,2012-04-09 00:00:00,,,,,25.2,2012-04-09 00:00:00,1.0,1.9,0.3
2012-04-10,22.1,86,90.0,,,19.0,2012-04-10 00:00:00,,,,,26.6,2012-04-10 00:00:00,4.8,1.9,0.0
2012-04-11,23.1,86,45.0,,,18.6,2012-04-11 00:00:00,,,,,28.6,2012-04-11 00:00:00,9.3,1.9,0.0
2012-04-12,22.8,86,45.0,,,18.2,2012-04-12 00:00:00,,,,,28.6,2012-04-12 00:00:00,8.3,1.9,0.0
2012-04-13,22.2,85,90.0,,,18.4,2012-04-13 00:00:00,,,,,28.6,2012-04-13 00:00:00,6.9,1.9,0.0
2012-04-14,22.6,85,90.0,,,18.4,2012-04-14 00:00:00,,,,,28.6,2012-04-14 00:00:00,2.4,1.9,0.0
2012-04-15,21.7,89,90.0,,,19.4,2012-04-15 00:00:00,,,,,26.0,2012-04-15 00:00:00,1.6,1.9,0.8
2012-04-16,20.9,90,90.0,,,18.8,2012-04-16 00:00:00,,,,,25.6,2012-04-16 00:00:00,2.2,1.9,6.1
2012-04-17,20.0,96,45.0,,,18.0,2012-04-17 00:00:00,,,,,22.6,2012-04-17 00:00:00,0.0,1.9,9.7
2012-04-18,20.4,91,90.0,,,17.4,2012-04-18 00:00:00,,,,,25.2,2012-04-18 00:00:00,1.2,1.9,40.7
2012-04-19,20.0,94,45.0,,,19.0,2012-04-19 00:00:00,,,,,24.8,2012-04-19 00:00:00,0.6,1.9,7.0
2012-04-20,20.6,92,360.0,,,17.6,2012-04-20 00:00:00,,,,,24.6,2012-04-20 00:00:00,0.0,1.9,49.0
2012-04-21,20.0,91,45.0,0.0,,18.2,2012-04-21 00:00:00,,,,,24.6,2012-04-21 00:00:00,1.3,1.9,42.8
2012-04-22,20.3,92,90.0,0.0,,17.8,2012-04-22 00:00:00,,,,,24.0,2012-04-22 00:00:00,1.2,1.9,20.4
2012-04-23,21.3,89,90.0,0.0,,18.2,2012-04-23 00:00:00,,,,,26.0,2012-04-23 00:00:00,2.8,1.9,4.7
2012-04-24,23.2,83,180.0,0.0,,20.0,2012-04-24 00:00:00,,,,,29.0,2012-04-24 00:00:00,7.5,1.9,1.0
2012-04-25,23.4,86,90.0,0.0,,18.6,2012-04-25 00:00:00,,,,,28.0,2012-04-25 00:00:00,4.5,1.9,37.9
2012-04-26,20.8,94,45.0,0.0,,19.6,2012-04-26 00:00:00,,,,,24.2,2012-04-26 00:00:00,0.5,1.9,18.2
2012-04-27,19.3,95,90.0,0.0,,16.8,2012-04-27 00:00:00,,,,,23.2,2012-04-27 00:00:00,0.0,1.9,15.0
2012-04-28,19.4,95,90.0,0.0,,17.6,2012-04-28 00:00:00,,,,,25.0,2012-04-28 00:00:00,1.0,1.9,2.0
2012-04-29,22.0,83,90.0,0.0,,18.4,2012-04-29 00:00:00,,,,,27.6,2012-04-29 00:00:00,3.4,1.9,19.0
2012-04-30,20.4,93,90.0,0.0,,19.4,2012-04-30 00:00:00,,,,,25.6,2012-04-30 00:00:00,1.3,1.9,11.0
2012-05-01,23.1,81,45.0,0.0,,20.2,2012-05-01 00:00:00,,,,,28.4,2012-05-01 00:00:00,4.2,1.9,0.0
2012-05-02,22.4,83,90.0,0.0,,19.8,2012-05-02 00:00:00,,,,,25.4,2012-05-02 00:00:00,1.1,1.9,68.5
2012-05-03,21.8,88,90.0,0.0,,19.8,2012-05-03 00:00:00,,,,,26.2,2012-05-03 00:00:00,0.6,1.9,62.0
2012-05-04,20.5,88,45.0,0.0,,18.6,2012-05-04 00:00:00,,,,,23.8,2012-05-04 00:00:00,0.0,1.9,42.2
2012-05-05,22.1,81,45.0,0.0,,19.6,2012-05-05 00:00:00,,,,,26.6,2012-05-05 00:00:00,1.6,1.9,0.2
2012-05-06,22.9,81,90.0,0.0,,17.4,2012-05-06 00:00:00,,,,,26.8,2012-05-06 00:00:00,5.3,1.9,0.0
2012-05-07,22.9,80,90.0,0.0,,18.8,2012-05-07 00:00:00,,,,,27.6,2012-05-07 00:00:00,2.5,1.9,0.0
2012-05-08,23.8,81,90.0,0.0,,19.4,2012-05-08 00:00:00,,,,,28.0,2012-05-08 00:00:00,2.3,1.9,0.0
2012-05-09,23.5,85,90.0,0.0,,19.4,2012-05-09 00:00:00,,,,,29.4,2012-05-09 00:00:00,4.8,1.9,56.5
2012-05-10,22.5,86,45.0,0.0,,20.4,2012-05-10 00:00:00,,,,,25.8,2012-05-10 00:00:00,0.5,1.9,0.7
2012-05-11,21.8,93,90.0,0.0,,19.4,2012-05-11 00:00:00,,,,,25.6,2012-05-11 00:00:00,0.3,1.9,14.0
2012-05-12,22.1,90,90.0,0.0,,19.0,2012-05-12 00:00:00,,,,,27.6,2012-05-12 00:00:00,4.0,1.9,23.9
2012-05-13,23.0,89,90.0,0.0,,19.4,2012-05-13 00:00:00,,,,,28.6,2012-05-13 00:00:00,6.7,1.9,0.0
2012-05-14,24.1,82,90.0,0.0,,21.0,2012-05-14 00:00:00,,,,,29.8,2012-05-14 00:00:00,7.8,1.9,0.0
2012-05-15,24.0,90,45.0,0.0,,21.0,2012-05-15 00:00:00,,,,,28.8,2012-05-15 00:00:00,3.4,1.9,7.5
2012-05-16,22.1,96,90.0,0.0,,19.8,2012-05-16 00:00:00,,,,,22.6,2012-05-16 00:00:00,0.8,1.9,13.0
2012-05-17,21.7,93,90.0,0.0,,20.2,2012-05-17 00:00:00,,,,,24.6,2012-05-17 00:00:00,0.0,1.9,18.8
2012-05-18,21.5,96,90.0,0.0,,19.6,2012-05-18 00:00:00,,,,,24.2,2012-05-18 00:00:00,0.0,1.9,28.5
2012-05-19,21.1,96,90.0,0.0,,19.8,2012-05-19 00:00:00,,,,,24.0,2012-05-19 00:00:00,0.0,1.9,46.3
2012-05-20,21.3,94,45.0,0.0,,20.2,2012-05-20 00:00:00,,,,,25.4,2012-05-20 00:00:00,1.0,1.9,2.7
2012-05-21,22.8,86,135.0,0.0,,18.4,2012-05-21 00:00:00,,,,,26.8,2012-05-21 00:00:00,5.2,1.9,0.0
2012-05-22,21.7,88,90.0,0.0,,17.8,2012-05-22 00:00:00,,,,,25.6,2012-05-22 00:00:00,4.5,1.9,0.0
2012-05-23,21.8,84,90.0,0.0,,19.4,2012-05-23 00:00:00,,,,,26.4,2012-05-23 00:00:00,4.3,1.9,0.0
2012-05-24,22.8,86,90.0,0.0,,19.2,2012-05-24 00:00:00,,,,,27.6,2012-05-24 00:00:00,4.1,1.9,0.0
2012-05-25,23.2,86,90.0,0.0,,20.6,2012-05-25 00:00:00,,,,,28.6,2012-05-25 00:00:00,5.6,1.9,0.0
2012-05-26,24.2,87,45.0,0.0,,20.6,2012-05-26 00:00:00,,,,,28.2,2012-05-26 00:00:00,3.5,1.9,3.6
2012-05-27,24.3,89,45.0,0.0,,20.4,2012-05-27 00:00:00,,,,,29.0,2012-05-27 00:00:00,4.0,1.9,160.0
2012-05-28,21.0,98,90.0,0.0,,20.4,2012-05-28 00:00:00,,,,,26.8,2012-05-28 00:00:00,0.0,1.9,33.4
2012-05-29,22.6,95,45.0,0.0,,20.2,2012-05-29 00:00:00,,,,,27.2,2012-05-29 00:00:00,2.6,1.9,7.3
2012-05-30,22.9,92,90.0,0.0,,20.6,2012-05-30 00:00:00,,,,,27.6,2012-05-30 00:00:00,1.5,1.9,26.6
2012-05-31,23.5,91,45.0,0.0,,22.0,2012-05-31 00:00:00,,,,,28.0,2012-05-31 00:00:00,7.3,1.9,0.0
2012-06-01,24.7,87,45.0,0.0,,20.8,2012-06-01 00:00:00,,,,,28.6,2012-06-01 00:00:00,3.8,1.9,0.0
2012-06-02,23.6,91,90.0,0.0,,21.2,2012-06-02 00:00:00,,,,,28.8,2012-06-02 00:00:00,5.7,1.9,0.0
2012-06-03,23.2,93,45.0,0.0,,21.8,2012-06-03 00:00:00,,,,,26.4,2012-06-03 00:00:00,1.1,1.9,0.2
2012-06-04,22.5,95,90.0,0.0,,20.8,2012-06-04 00:00:00,,,,,27.6,2012-06-04 00:00:00,0.0,1.9,7.0
2012-06-05,23.8,84,45.0,0.0,,21.4,2012-06-05 00:00:00,,,,,28.2,2012-06-05 00:00:00,5.5,1.9,0.0
2012-06-06,24.3,92,45.0,0.0,,21.6,2012-06-06 00:00:00,,,,,28.2,2012-06-06 00:00:00,3.2,1.9,0.0
2012-06-07,24.8,90,22.5,0.0,,22.2,2012-06-07 00:00:00,,,,,29.4,2012-06-07 00:00:00,4.8,1.9,0.5
2012-06-08,24.4,92,90.0,0.0,,21.2,2012-06-08 00:00:00,,,,,28.8,2012-06-08 00:00:00,1.8,1.9,80.0
2012-06-09,23.6,93,90.0,0.0,,21.4,2012-06-09 00:00:00,,,,,28.0,2012-06-09 00:00:00,0.5,1.9,35.3
2012-06-10,21.6,99,90.0,0.0,,21.2,2012-06-10 00:00:00,,,,,23.0,2012-06-10 00:00:00,0.1,1.9,179.8
2012-06-11,22.2,97,90.0,0.0,,21.4,2012-06-11 00:00:00,,,,,23.6,2012-06-11 00:00:00,0.0,1.9,144.3
2012-06-12,21.9,98,90.0,0.0,,21.0,2012-06-12 00:00:00,,,,,24.0,2012-06-12 00:00:00,0.0,1.9,211.4
2012-06-13,22.7,95,90.0,0.0,,21.0,2012-06-13 00:00:00,,,,,25.0,2012-06-13 00:00:00,0.0,1.9,14.8
2012-06-14,21.6,99,90.0,0.0,,20.8,2012-06-14 00:00:00,,,,,24.6,2012-06-14 00:00:00,0.0,1.9,24.3
2012-06-15,22.5,95,90.0,0.0,,21.6,2012-06-15 00:00:00,,,,,26.0,2012-06-15 00:00:00,0.0,1.9,0.9
2012-06-16,22.5,97,90.0,0.0,,20.8,2012-06-16 00:00:00,,,,,27.6,2012-06-16 00:00:00,0.4,1.9,36.4
2012-06-17,23.8,92,90.0,0.0,,21.0,2012-06-17 00:00:00,,,,,28.2,2012-06-17 00:00:00,4.5,1.9,53.5
2012-06-18,23.7,90,90.0,0.0,,20.6,2012-06-18 00:00:00,,,,,28.6,2012-06-18 00:00:00,4.5,1.9,40.4
2012-06-19,21.9,96,90.0,0.0,,20.6,2012-06-19 00:00:00,,,,,24.6,2012-06-19 00:00:00,0.0,1.9,9.3
2012-06-20,20.8,98,90.0,0.0,,20.2,2012-06-20 00:00:00,,,,,23.0,2012-06-20 00:00:00,0.0,1.9,57.9
2012-06-21,21.9,96,45.0,0.0,,20.6,2012-06-21 00:00:00,,,,,26.6,2012-06-21 00:00:00,0.0,1.9,2.7
2012-06-22,23.1,94,45.0,0.0,,20.6,2012-06-22 00:00:00,,,,,27.4,2012-06-22 00:00:00,1.7,1.9,7.7
2012-06-23,23.3,90,45.0,0.0,,20.2,2012-06-23 00:00:00,,,,,27.8,2012-06-23 00:00:00,0.3,1.9,33.8
2012-06-24,23.7,88,90.0,0.0,,20.0,2012-06-24 00:00:00,,,,,28.4,2012-06-24 00:00:00,3.3,1.9,0.0
2012-06-25,24.1,90,90.0,0.0,,20.4,2012-06-25 00:00:00,,,,,27.8,2012-06-25 00:00:00,3.7,1.9,5.3
2012-06-26,24.3,89,45.0,0.0,,20.8,2012-06-26 00:00:00,,,,,28.6,2012-06-26 00:00:00,7.0,1.9,14.8
2012-06-27,24.7,88,45.0,0.0,,21.0,2012-06-27 00:00:00,,,,,29.0,2012-06-27 00:00:00,5.5,1.9,5.6
2012-06-28,24.0,88,45.0,0.0,,20.7,2012-06-28 00:00:00,,,,,29.0,2012-06-28 00:00:00,6.7,1.9,0.0
2012-06-29,24.0,88,45.0,0.0,,21.0,2012-06-29 00:00:00,,,,,28.0,2012-06-29 00:00:00,0.8,1.9,0.0
2012-06-30,24.5,90,90.0,0.0,,22.0,2012-06-30 00:00:00,,,,,28.0,2012-06-30 00:00:00,2.7,1.9,1.7
2012-07-01,24.4,90,45.0,0.0,,20.6,2012-07-01 00:00:00,,,,,28.4,2012-07-01 00:00:00,1.9,1.9,1.6
2012-07-02,23.9,91,45.0,0.0,,20.6,2012-07-02 00:00:00,,,,,29.0,2012-07-02 00:00:00,5.0,1.9,0.1
2012-07-03,24.5,87,22.5,0.0,,20.2,2012-07-03 00:00:00,,,,,30.2,2012-07-03 00:00:00,9.0,1.9,0.0
2012-07-04,24.8,85,22.5,0.0,,21.5,2012-07-04 00:00:00,,,,,29.4,2012-07-04 00:00:00,4.1,1.9,0.0
2012-07-05,24.9,90,45.0,0.0,,21.4,2012-07-05 00:00:00,,,,,29.8,2012-07-05 00:00:00,2.1,1.9,31.9
2012-07-06,24.2,90,45.0,0.0,,21.6,2012-07-06 00:00:00,,,,,28.8,2012-07-06 00:00:00,0.7,1.9,1.7
2012-07-07,24.6,90,45.0,0.0,,21.2,2012-07-07 00:00:00,,,,,28.4,2012-07-07 00:00:00,4.0,1.9,3.5
2012-07-08,24.6,89,45.0,0.0,,20.8,2012-07-08 00:00:00,,,,,29.4,2012-07-08 00:00:00,6.5,1.9,0.0
2012-07-09,24.9,87,90.0,0.0,,21.8,2012-07-09 00:00:00,,,,,29.8,2012-07-09 00:00:00,6.8,1.9,0.0
2012-07-10,24.9,86,45.0,0.0,,20.4,2012-07-10 00:00:00,,,,,29.4,2012-07-10 00:00:00,7.0,1.9,0.0
2012-07-11,24.9,86,45.0,0.0,,20.4,2012-07-11 00:00:00,,,,,29.4,2012-07-11 00:00:00,7.0,1.9,0.0
2012-07-12,24.1,85,45.0,0.0,,20.6,2012-07-12 00:00:00,,,,,28.2,2012-07-12 00:00:00,2.5,1.9,0.0
2012-07-13,23.8,88,22.5,0.0,,21.2,2012-07-13 00:00:00,,,,,28.6,2012-07-13 00:00:00,7.5,1.9,0.0
2012-07-14,24.0,87,45.0,0.0,,21.6,2012-07-14 00:00:00,,,,,29.2,2012-07-14 00:00:00,5.5,1.9,5.6
2012-07-15,23.8,91,45.0,0.0,,21.6,2012-07-15 00:00:00,,,,,27.6,2012-07-15 00:00:00,2.5,1.9,3.1
2012-07-16,23.1,95,90.0,0.0,,21.2,2012-07-16 00:00:00,,,,,28.0,2012-07-16 00:00:00,2.1,1.9,2.6
2012-07-17,24.2,89,45.0,0.0,,20.0,2012-07-17 00:00:00,,,,,28.6,2012-07-17 00:00:00,5.0,1.9,3.8
2012-07-18,24.2,87,45.0,0.0,,21.2,2012-07-18 00:00:00,,,,,29.0,2012-07-18 00:00:00,3.4,1.9,3.6
2012-07-19,24.4,88,45.0,0.0,,21.6,2012-07-19 00:00:00,,,,,29.0,2012-07-19 00:00:00,7.0,1.9,0.0
2012-07-20,24.5,90,90.0,0.0,,21.3,2012-07-20 00:00:00,,,,,28.6,2012-07-20 00:00:00,3.6,1.9,16.0
2012-07-21,24.5,90,90.0,0.0,,21.3,2012-07-20 00:00:00,,,,,28.6,2012-07-20 00:00:00,3.6,1.9,16.0
2012-07-22,24.5,90,90.0,0.0,,21.3,2012-07-20 00:00:00,,,,,28.6,2012-07-20 00:00:00,3.6,1.9,16.0
2012-07-23,24.5,90,90.0,0.0,,21.3,2012-07-20 00:00:00,,,,,28.6,2012-07-20 00:00:00,3.6,1.9,16.0
2012-07-24,24.5,90,90.0,0.0,,21.3,2012-07-20 00:00:00,,,,,28.6,2012-07-20 00:00:00,3.6,1.9,16.0
2012-07-25,24.5,90,90.0,0.0,,21.3,2012-07-20 00:00:00,,,,,28.6,2012-07-20 00:00:00,3.6,1.9,16.0
2012-07-26,24.5,90,90.0,0.0,,21.3,2012-07-20 00:00:00,,,,,28.6,2012-07-20 00:00:00,3.6,1.9,16.0
2012-07-27,24.5,90,90.0,0.0,,21.3,2012-07-20 00:00:00,,,,,28.6,2012-07-20 00:00:00,3.6,1.9,16.0
2012-07-28,24.5,90,90.0,0.0,,21.3,2012-07-20 00:00:00,,,,,28.6,2012-07-20 00:00:00,3.6,1.9,16.0
2012-07-29,24.5,90,90.0,0.0,,21.3,2012-07-20 00:00:00,,,,,28.6,2012-07-20 00:00:00,3.6,1.9,16.0
2012-07-30,24.5,90,90.0,0.0,,21.3,2012-07-20 00:00:00,,,,,28.6,2012-07-20 00:00:00,3.6,1.9,16.0
2012-07-31,24.5,90,90.0,0.0,,21.3,2012-07-20 00:00:00,,,,,28.6,2012-07-20 00:00:00,3.6,1.9,16.0
2012-08-01,22.8,96,45.0,0.0,,20.6,2012-08-01 00:00:00,,,,,25.0,2012-08-01 00:00:00,0.2,1.9,157.0
2012-08-02,20.8,98,45.0,0.0,,20.0,2012-08-02 00:00:00,,,,,23.8,2012-08-02 00:00:00,0.0,1.9,404.8
2012-08-03,23.2,90,45.0,0.0,,20.6,2012-08-03 00:00:00,,,,,27.2,2012-08-03 00:00:00,0.0,1.9,0.1
2012-08-04,23.7,87,90.0,0.0,,21.6,2012-08-04 00:00:00,,,,,28.0,2012-08-04 00:00:00,0.2,1.9,0.0
2012-08-05,23.7,85,90.0,0.0,,20.2,2012-08-05 00:00:00,,,,,28.4,2012-08-05 00:00:00,4.1,1.9,0.0
2012-08-06,22.6,88,360.0,0.0,,20.4,2012-08-06 00:00:00,,,,,26.0,2012-08-06 00:00:00,0.0,1.9,30.7
2012-08-07,22.8,91,45.0,0.0,,21.2,2012-08-07 00:00:00,,,,,27.2,2012-08-07 00:00:00,0.9,1.9,0.8
2012-08-08,23.8,89,22.5,0.0,,21.6,2012-08-08 00:00:00,,,,,29.0,2012-08-08 00:00:00,6.1,1.9,1.4
2012-08-09,23.9,88,360.0,0.0,,21.4,2012-08-09 00:00:00,,,,,27.4,2012-08-09 00:00:00,0.2,1.9,0.0
2012-08-10,23.2,90,360.0,0.0,,21.4,2012-08-10 00:00:00,,,,,26.4,2012-08-10 00:00:00,0.0,1.9,2.0
2012-08-11,23.5,89,22.5,0.0,,21.4,2012-08-11 00:00:00,,,,,29.0,2012-08-11 00:00:00,3.0,1.9,0.0
2012-08-12,24.2,89,45.0,0.0,,20.4,2012-08-12 00:00:00,,,,,29.0,2012-08-12 00:00:00,4.5,1.9,16.6
2012-08-13,23.9,89,360.0,0.0,,21.0,2012-08-13 00:00:00,,,,,28.0,2012-08-13 00:00:00,3.8,1.9,0.0
2012-08-14,24.3,90,90.0,0.0,,21.6,2012-08-14 00:00:00,,,,,27.8,2012-08-14 00:00:00,3.4,1.9,0.0
2012-08-15,23.9,89,45.0,0.0,,21.6,2012-08-15 00:00:00,,,,,27.8,2012-08-15 00:00:00,0.3,1.9,0.0
2012-08-16,23.8,92,90.0,0.0,,20.0,2012-08-16 00:00:00,,,,,27.4,2012-08-16 00:00:00,0.3,1.9,11.2
2012-08-17,23.0,92,360.0,0.0,,20.0,2012-08-17 00:00:00,,,,,29.0,2012-08-17 00:00:00,3.8,1.9,13.5
2012-08-18,22.9,91,360.0,0.0,,20.2,2012-08-18 00:00:00,,,,,26.8,2012-08-18 00:00:00,7.4,1.9,0.0
2012-08-19,23.4,91,360.0,0.0,,19.6,2012-08-19 00:00:00,,,,,28.8,2012-08-19 00:00:00,5.5,1.9,15.0
2012-08-20,23.5,88,45.0,0.0,,20.0,2012-08-20 00:00:00,,,,,28.6,2012-08-20 00:00:00,7.0,1.9,4.4
2012-08-21,22.9,94,360.0,0.0,,20.0,2012-08-21 00:00:00,,,,,28.2,2012-08-21 00:00:00,5.2,1.9,6.4
2012-08-22,23.5,91,360.0,0.0,,21.6,2012-08-22 00:00:00,,,,,27.8,2012-08-22 00:00:00,3.3,1.9,0.0
2012-08-23,24.9,90,360.0,0.0,,22.0,2012-08-23 00:00:00,,,,,29.8,2012-08-23 00:00:00,5.9,1.9,1.8
2012-08-24,25.6,71,22.5,0.0,,22.0,2012-08-24 00:00:00,,,,,29.8,2012-08-24 00:00:00,0.0,1.9,1.2
2012-08-25,22.6,91,22.5,0.0,,20.8,2012-08-25 00:00:00,,,,,27.4,2012-08-25 00:00:00,0.2,1.9,1.1
2012-08-26,24.2,87,360.0,0.0,,20.0,2012-08-26 00:00:00,,,,,28.6,2012-08-26 00:00:00,4.9,1.9,0.0
2012-08-27,23.9,87,360.0,0.0,,20.4,2012-08-27 00:00:00,,,,,27.8,2012-08-27 00:00:00,2.9,1.9,5.3
2012-08-28,21.4,97,360.0,0.0,,20.2,2012-08-28 00:00:00,,,,,25.6,2012-08-28 00:00:00,0.0,1.9,7.6
2012-08-29,23.5,90,45.0,0.0,,21.4,2012-08-29 00:00:00,,,,,27.6,2012-08-29 00:00:00,0.5,1.9,0.0
2012-08-30,24.0,89,360.0,0.0,,20.4,2012-08-30 00:00:00,,,,,28.0,2012-08-30 00:00:00,3.5,1.9,0.8
2012-08-31,22.1,95,45.0,0.0,,19.8,2012-08-31 00:00:00,,,,,28.0,2012-08-31 00:00:00,0.5,1.9,8.0
2012-09-01,22.1,94,45.0,0.0,,18.0,2012-09-01 00:00:00,,,,,28.2,2012-09-01 00:00:00,4.7,1.9,26.5
2012-09-02,22.7,89,360.0,0.0,,19.4,2012-09-02 00:00:00,,,,,28.0,2012-09-02 00:00:00,7.2,1.9,1.5
2012-09-03,22.4,91,45.0,0.0,,18.8,2012-09-03 00:00:00,,,,,27.8,2012-09-03 00:00:00,6.1,1.9,32.6
2012-09-04,23.2,89,45.0,0.0,,21.0,2012-09-04 00:00:00,,,,,28.4,2012-09-04 00:00:00,6.0,1.9,4.2
2012-09-05,24.5,88,360.0,0.0,,21.8,2012-09-05 00:00:00,,,,,29.0,2012-09-05 00:00:00,6.0,1.9,0.0
2012-09-06,24.4,85,360.0,0.0,,21.4,2012-09-06 00:00:00,,,,,30.2,2012-09-06 00:00:00,7.0,1.9,0.0
2012-09-07,23.6,89,360.0,0.0,,20.6,2012-09-07 00:00:00,,,,,28.0,2012-09-07 00:00:00,2.0,1.9,23.8
2012-09-08,23.4,92,45.0,0.0,,20.0,2012-09-08 00:00:00,,,,,28.0,2012-09-08 00:00:00,4.0,1.9,40.0
2012-09-09,23.8,89,22.5,0.0,,21.4,2012-09-09 00:00:00,,,,,28.8,2012-09-09 00:00:00,7.0,1.9,0.0
2012-09-10,24.1,89,45.0,0.0,,19.8,2012-09-10 00:00:00,,,,,28.0,2012-09-10 00:00:00,3.5,1.9,0.0
2012-09-11,23.0,90,45.0,0.0,,20.4,2012-09-11 00:00:00,,,,,27.4,2012-09-11 00:00:00,2.4,1.9,0.0
2012-09-12,23.7,88,360.0,0.0,,20.8,2012-09-12 00:00:00,,,,,29.0,2012-09-12 00:00:00,5.5,1.9,0.0
2012-09-13,23.8,89,45.0,0.0,,20.4,2012-09-13 00:00:00,,,,,28.4,2012-09-13 00:00:00,4.2,1.9,0.9
2012-09-14,23.7,88,360.0,0.0,,20.0,2012-09-14 00:00:00,,,,,28.8,2012-09-14 00:00:00,6.9,1.9,0.0
2012-09-15,23.5,88,45.0,0.0,,20.6,2012-09-15 00:00:00,,,,,28.6,2012-09-15 00:00:00,8.5,1.9,0.0
2012-09-16,22.5,87,360.0,0.0,,18.0,2012-09-16 00:00:00,,,,,27.6,2012-09-16 00:00:00,6.8,1.9,0.0
2012-09-17,21.9,84,360.0,0.0,,17.8,2012-09-17 00:00:00,,,,,26.6,2012-09-17 00:00:00,6.2,1.9,0.0
2012-09-18,21.4,87,360.0,0.0,,19.6,2012-09-18 00:00:00,,,,,25.8,2012-09-18 00:00:00,2.8,1.9,0.0
2012-09-19,21.9,88,360.0,0.0,,20.0,2012-09-19 00:00:00,,,,,26.8,2012-09-19 00:00:00,1.5,1.9,0.0
2012-09-20,23.0,78,225.0,0.0,,19.8,2012-09-20 00:00:00,,,,,28.0,2012-09-20 00:00:00,1.5,1.9,0.0
2012-09-21,24.1,80,360.0,0.0,,20.4,2012-09-21 00:00:00,,,,,30.2,2012-09-21 00:00:00,5.4,1.9,0.0
2012-09-22,24.1,86,360.0,0.0,,21.2,2012-09-22 00:00:00,,,,,30.0,2012-09-22 00:00:00,4.7,1.9,0.0
2012-09-23,23.8,89,45.0,0.0,,20.8,2012-09-23 00:00:00,,,,,28.0,2012-09-23 00:00:00,2.1,1.9,0.0
2012-09-24,23.2,90,360.0,0.0,,19.6,2012-09-24 00:00:00,,,,,28.4,2012-09-24 00:00:00,3.8,1.9,5.1
2012-09-25,23.4,89,360.0,0.0,,21.0,2012-09-25 00:00:00,,,,,28.2,2012-09-25 00:00:00,6.7,1.9,0.0
2012-09-26,24.1,86,360.0,0.0,,19.0,2012-09-26 00:00:00,,,,,28.6,2012-09-26 00:00:00,7.0,1.9,0.0
2012-09-27,24.5,81,360.0,0.0,,20.8,2012-09-27 00:00:00,,,,,30.6,2012-09-27 00:00:00,8.0,1.9,0.0
2012-09-28,21.6,93,360.0,0.0,,19.6,2012-09-28 00:00:00,,,,,25.2,2012-09-28 00:00:00,0.3,1.9,0.0
2012-09-29,22.0,91,360.0,0.0,,20.0,2012-09-29 00:00:00,,,,,25.6,2012-09-29 00:00:00,1.2,1.9,0.0
2012-09-30,22.4,87,360.0,0.0,,17.8,2012-09-30 00:00:00,,,,,26.2,2012-09-30 00:00:00,4.8,1.9,0.0
2012-10-01,22.4,77,360.0,0.0,,17.6,2012-10-01 00:00:00,,,,,26.6,2012-10-01 00:00:00,7.5,1.9,0.0
2012-10-02,22.4,78,45.0,0.0,,16.4,2012-10-02 00:00:00,,,,,26.4,2012-10-02 00:00:00,5.4,1.9,0.0
2012-10-03,22.4,79,360.0,0.0,,16.4,2012-10-03 00:00:00,,,,,26.4,2012-10-03 00:00:00,8.8,1.9,0.0
2012-10-04,22.4,79,360.0,0.0,,17.6,2012-10-04 00:00:00,,,,,25.6,2012-10-04 00:00:00,6.5,1.9,0.0
2012-10-05,22.4,77,360.0,0.0,,19.0,2012-10-05 00:00:00,,,,,24.8,2012-10-05 00:00:00,2.5,1.9,0.0
2012-10-06,22.4,78,360.0,0.0,,17.2,2012-10-06 00:00:00,,,,,25.0,2012-10-06 00:00:00,0.2,1.9,0.0
2012-10-07,22.4,78,360.0,0.0,,19.4,2012-10-07 00:00:00,,,,,27.6,2012-10-07 00:00:00,6.2,1.9,0.0
2012-10-08,22.4,78,360.0,0.0,,18.4,2012-10-08 00:00:00,,,,,26.4,2012-10-08 00:00:00,3.0,1.9,0.0
2012-10-09,22.4,78,360.0,0.0,,17.6,2012-10-09 00:00:00,,,,,24.6,2012-10-09 00:00:00,0.6,1.9,0.0
2012-10-10,22.4,78,360.0,0.0,,17.4,2012-10-10 00:00:00,,,,,26.8,2012-10-10 00:00:00,6.2,1.9,0.0
2012-10-11,22.4,76,45.0,0.0,,18.4,2012-10-11 00:00:00,,,,,27.0,2012-10-11 00:00:00,4.5,1.9,0.0
2012-10-12,22.4,76,360.0,0.0,,17.0,2012-10-12 00:00:00,,,,,27.6,2012-10-12 00:00:00,8.0,1.9,0.0
2012-10-13,22.4,76,360.0,0.0,,18.2,2012-10-13 00:00:00,,,,,26.2,2012-10-13 00:00:00,4.5,1.9,0.0
2012-10-14,22.4,76,45.0,0.0,,18.8,2012-10-14 00:00:00,,,,,25.8,2012-10-14 00:00:00,5.0,1.9,0.0
2012-10-15,22.4,76,360.0,0.0,,19.2,2012-10-15 00:00:00,,,,,26.0,2012-10-15 00:00:00,3.5,1.9,0.0
2012-10-16,22.4,76,360.0,0.0,,17.4,2012-10-16 00:00:00,,,,,25.6,2012-10-16 00:00:00,2.1,1.9,0.0
2012-10-17,22.4,76,360.0,0.0,,18.2,2012-10-17 00:00:00,,,,,26.4,2012-10-17 00:00:00,3.0,1.9,0.0
2012-10-18,22.4,76,360.0,0.0,,16.6,2012-10-18 00:00:00,,,,,27.0,2012-10-18 00:00:00,7.8,1.9,0.0
2012-10-19,22.4,76,360.0,0.0,,15.8,2012-10-19 00:00:00,,,,,26.2,2012-10-19 00:00:00,9.0,1.9,0.0
2012-10-20,22.4,76,360.0,0.0,,15.6,2012-10-20 00:00:00,,,,,26.2,2012-10-20 00:00:00,3.6,1.9,0.0
2012-10-21,21.2,83,270.0,0.0,,15.6,2012-10-21 00:00:00,,,,,25.8,2012-10-21 00:00:00,5.5,1.9,0.0
2012-10-22,20.7,80,270.0,0.0,,16.0,2012-10-22 00:00:00,,,,,27.8,2012-10-22 00:00:00,9.2,1.9,0.0
2012-10-23,20.9,83,360.0,0.0,,16.0,2012-10-23 00:00:00,,,,,27.8,2012-10-23 00:00:00,9.0,1.9,0.0
2012-10-24,22.1,83,360.0,0.0,,17.4,2012-10-24 00:00:00,,,,,28.6,2012-10-24 00:00:00,7.5,1.9,0.0
2012-10-25,21.8,81,360.0,0.0,,18.8,2012-10-25 00:00:00,,,,,29.2,2012-10-25 00:00:00,8.8,1.9,0.0
2012-10-26,23.0,85,270.0,0.0,,18.8,2012-10-26 00:00:00,,,,,29.8,2012-10-26 00:00:00,7.6,1.9,0.0
2012-10-27,22.4,88,360.0,0.0,,20.4,2012-10-27 00:00:00,,,,,28.2,2012-10-27 00:00:00,0.5,1.9,0.0
2012-10-28,22.6,88,360.0,0.0,,20.0,2012-10-28 00:00:00,,,,,26.4,2012-10-28 00:00:00,0.8,1.9,0.0
2012-10-29,22.5,87,360.0,0.0,,19.0,2012-10-29 00:00:00,,,,,27.8,2012-10-29 00:00:00,0.6,1.9,1.4
2012-10-30,21.1,87,360.0,0.0,,18.2,2012-10-30 00:00:00,,,,,26.4,2012-10-30 00:00:00,0.5,1.9,0.3
2012-10-31,18.2,95,45.0,0.0,,15.6,2012-10-31 00:00:00,,,,,22.0,2012-10-31 00:00:00,0.4,1.9,1.8
2012-11-01,19.2,87,180.0,0.0,,16.0,2012-10-31 00:00:00,,,,,25.0,2012-10-31 00:00:00,4.9,1.9,0.0
2012-11-02,18.6,86,360.0,0.0,,15.6,2012-10-31 00:00:00,,,,,24.2,2012-10-31 00:00:00,3.9,1.9,0.0
2012-11-03,20.6,82,360.0,0.0,,15.6,2012-10-31 00:00:00,,,,,28.0,2012-10-31 00:00:00,7.2,1.9,0.0
2012-11-04,20.5,84,360.0,0.0,,17.2,2012-10-31 00:00:00,,,,,27.0,2012-10-31 00:00:00,8.3,1.9,0.0
2012-11-05,20.3,86,45.0,0.0,,17.0,2012-10-31 00:00:00,,,,,26.0,2012-10-31 00:00:00,2.5,1.9,0.0
2012-11-06,20.1,84,360.0,0.0,,15.2,2012-10-31 00:00:00,,,,,26.2,2012-10-31 00:00:00,8.2,1.9,0.0
2012-11-07,18.9,86,360.0,0.0,,15.6,2012-10-31 00:00:00,,,,,26.4,2012-10-31 00:00:00,8.2,1.9,0.0
2012-11-08,19.3,82,360.0,0.0,,15.6,2012-10-31 00:00:00,,,,,26.0,2012-10-31 00:00:00,5.0,1.9,0.0
2012-11-09,20.3,80,270.0,0.0,,17.2,2012-10-31 00:00:00,,,,,27.4,2012-10-31 00:00:00,7.6,1.9,0.0
2012-11-10,21.3,83,360.0,0.0,,17.6,2012-10-31 00:00:00,,,,,27.0,2012-10-31 00:00:00,4.6,1.9,0.0
2012-11-11,20.8,82,360.0,0.0,,18.6,2012-11-11 00:00:00,,,,,26.0,2012-11-11 00:00:00,2.4,1.9,0.0
2012-11-12,20.6,86,315.0,0.0,,16.8,2012-11-12 00:00:00,,,,,25.4,2012-11-12 00:00:00,2.3,1.9,0.0
2012-11-13,19.9,85,180.0,0.0,,15.4,2012-11-13 00:00:00,,,,,25.4,2012-11-13 00:00:00,5.9,1.9,0.0
2012-11-14,20.6,78,225.0,0.0,,17.6,2012-11-14 00:00:00,,,,,27.2,2012-11-14 00:00:00,5.6,1.9,0.0
2012-11-15,21.0,80,225.0,0.0,,17.0,2012-11-15 00:00:00,,,,,26.4,2012-11-15 00:00:00,4.5,1.9,0.0
2012-11-16,20.6,82,360.0,0.0,,16.4,2012-11-16 00:00:00,,,,,26.8,2012-11-16 00:00:00,4.6,1.9,20.7
2012-11-17,17.1,97,225.0,0.0,,16.4,2012-11-17 00:00:00,,,,,19.4,2012-11-17 00:00:00,0.0,1.9,31.0
2012-11-18,16.6,99,45.0,0.0,,15.6,2012-11-18 00:00:00,,,,,22.0,2012-11-18 00:00:00,0.3,1.9,11.8
2012-11-19,19.3,89,360.0,0.0,,15.4,2012-11-19 00:00:00,,,,,25.4,2012-11-19 00:00:00,7.2,1.9,0.0
2012-11-20,18.5,86,180.0,0.0,,16.6,2012-11-20 00:00:00,,,,,23.0,2012-11-20 00:00:00,0.6,1.9,2.5
2012-11-21,17.7,93,360.0,0.0,,17.4,2012-11-21 00:00:00,,,,,21.4,2012-11-21 00:00:00,0.0,1.9,18.1
2012-11-22,20.6,91,315.0,0.0,,18.8,2012-11-22 00:00:00,,,,,25.2,2012-11-22 00:00:00,1.3,1.9,0.0
2012-11-23,18.8,97,90.0,0.0,,17.0,2012-11-23 00:00:00,,,,,22.2,2012-11-23 00:00:00,0.5,1.9,36.6
2012-11-24,18.2,97,360.0,0.0,,17.6,2012-11-24 00:00:00,,,,,22.2,2012-11-24 00:00:00,0.4,1.9,6.2
2012-11-25,20.8,89,360.0,0.0,,16.8,2012-11-25 00:00:00,,,,,26.8,2012-11-25 00:00:00,1.2,1.9,3.0
2012-11-26,19.7,92,360.0,0.0,,15.4,2012-11-26 00:00:00,,,,,24.6,2012-11-26 00:00:00,3.6,1.9,7.7
2012-11-27,16.2,99,360.0,0.0,,15.4,2012-11-27 00:00:00,,,,,17.6,2012-11-27 00:00:00,6.3,1.9,3.8
2012-11-28,16.8,97,45.0,0.0,,16.0,2012-11-28 00:00:00,,,,,19.6,2012-11-28 00:00:00,0.0,1.9,16.9
2012-11-29,17.9,93,360.0,0.0,,16.4,2012-11-29 00:00:00,,,,,23.2,2012-11-29 00:00:00,1.5,1.9,3.5
2012-11-30,17.4,98,90.0,0.0,,16.2,2012-11-30 00:00:00,,,,,19.6,2012-11-30 00:00:00,0.0,1.9,12.2
2012-12-01,17.9,96,360.0,0.0,,16.8,2012-12-01 00:00:00,,,,,20.6,2012-12-01 00:00:00,0.5,1.9,2.4
2012-12-02,18.0,96,360.0,0.0,,17.0,2012-12-02 00:00:00,,,,,20.6,2012-12-02 00:00:00,0.0,1.9,1.2
2012-12-03,16.9,99,360.0,0.0,,13.6,2012-12-03 00:00:00,,,,,19.2,2012-12-03 00:00:00,0.0,1.9,0.9
2012-12-04,17.4,89,90.0,0.0,,14.0,2012-12-04 00:00:00,,,,,23.2,2012-12-04 00:00:00,5.5,1.9,16.4
2012-12-05,14.4,96,45.0,0.0,,13.0,2012-12-05 00:00:00,,,,,16.0,2012-12-05 00:00:00,0.0,1.9,11.8
2012-12-06,15.2,92,180.0,0.0,,13.2,2012-12-06 00:00:00,,,,,19.2,2012-12-06 00:00:00,0.7,1.9,4.7
2012-12-07,16.0,92,360.0,0.0,,13.2,2012-12-07 00:00:00,,,,,22.4,2012-12-07 00:00:00,3.0,1.9,0.3
2012-12-08,15.3,97,360.0,0.0,,13.6,2012-12-08 00:00:00,,,,,17.4,2012-12-08 00:00:00,0.0,1.9,28.0
2012-12-09,14.5,98,45.0,0.0,,13.2,2012-12-09 00:00:00,,,,,16.8,2012-12-09 00:00:00,0.0,1.9,0.4
2012-12-10,14.7,91,45.0,0.0,,12.4,2012-12-10 00:00:00,,,,,19.1,2012-12-10 00:00:00,2.6,1.9,0.0
2012-12-11,14.9,90,360.0,0.0,,12.0,2012-12-11 00:00:00,,,,,21.4,2012-12-11 00:00:00,2.2,1.9,0.0
2012-12-12,16.2,88,360.0,0.0,,12.4,2012-12-12 00:00:00,,,,,23.0,2012-12-12 00:00:00,5.7,1.9,0.0
2012-12-13,16.3,89,360.0,0.0,,13.0,2012-12-13 00:00:00,,,,,22.8,2012-12-13 00:00:00,6.2,1.9,0.0
2012-12-14,18.3,81,270.0,0.0,,14.0,2012-12-14 00:00:00,,,,,26.4,2012-12-14 00:00:00,6.3,1.9,0.0
2012-12-15,17.7,84,270.0,0.0,,15.6,2012-12-15 00:00:00,,,,,24.0,2012-12-15 00:00:00,5.5,1.9,0.0
2012-12-16,18.5,86,360.0,0.0,,14.0,2012-12-16 00:00:00,,,,,25.0,2012-12-16 00:00:00,6.5,1.9,0.0
2012-12-17,18.4,81,360.0,0.0,,14.4,2012-12-17 00:00:00,,,,,25.0,2012-12-17 00:00:00,7.5,1.9,2.0
2012-12-18,16.0,94,360.0,0.0,,11.4,2012-12-18 00:00:00,,,,,25.0,2012-12-18 00:00:00,1.5,1.9,0.3
2012-12-19,13.3,96,270.0,0.0,,10.4,2012-12-19 00:00:00,,,,,16.6,2012-12-19 00:00:00,0.0,1.9,0.3
2012-12-20,15.5,80,360.0,0.0,,13.0,2012-12-20 00:00:00,,,,,22.6,2012-12-20 00:00:00,7.5,1.9,0.0
2012-12-21,18.6,72,360.0,0.0,,14.6,2012-12-21 00:00:00,,,,,26.2,2012-12-21 00:00:00,7.5,1.9,0.0
2012-12-22,18.5,83,225.0,0.0,,12.2,2012-12-22 00:00:00,,,,,24.6,2012-12-22 00:00:00,6.5,1.9,0.0
2012-12-23,11.7,100,45.0,0.0,,9.2,2012-12-23 00:00:00,,,,,13.4,2012-12-23 00:00:00,0.0,1.9,0.8
2012-12-24,13.1,94,360.0,0.0,,11.4,2012-12-24 00:00:00,,,,,20.2,2012-12-24 00:00:00,2.5,1.9,0.0
2012-12-25,15.7,81,360.0,0.0,,13.4,2012-12-25 00:00:00,,,,,22.2,2012-12-25 00:00:00,5.3,1.9,0.0
2012-12-26,17.2,81,360.0,0.0,,13.4,2012-12-26 00:00:00,,,,,24.4,2012-12-26 00:00:00,7.5,1.9,0.0
2012-12-27,16.9,85,360.0,0.0,,13.2,2012-12-27 00:00:00,,,,,22.0,2012-12-27 00:00:00,1.7,1.9,0.0
2012-12-28,17.5,84,360.0,0.0,,15.6,2012-12-28 00:00:00,,,,,23.4,2012-12-28 00:00:00,6.0,1.9,0.0
2012-12-29,19.5,84,360.0,0.0,,9.6,2012-12-29 00:00:00,,,,,26.0,2012-12-29 00:00:00,6.5,1.9,15.5
2012-12-30,11.4,99,45.0,0.0,,6.2,2012-12-30 00:00:00,,,,,14.8,2012-12-30 00:00:00,0.4,1.9,6.4
2012-12-31,8.8,99,360.0,0.0,,8.0,2012-12-31 00:00:00,,,,,10.8,2012-12-31 00:00:00,0.0,1.9,0.4
