,日期,市場,平均價(元/公斤),交易量(公斤)
0,2021-01-01,台北二,20.8,"9,120"
1,2021-01-02,台北二,20.3,"8,460"
2,2021-01-03,台北二,23.6,"6,690"
3,2021-01-05,台北二,19.1,"11,279"
4,2021-01-06,台北二,22.6,"7,369"
5,2021-01-07,台北二,22.8,"7,260"
6,2021-01-08,台北二,25.0,"6,270"
7,2021-01-09,台北二,24.1,"7,444"
8,2021-01-10,台北二,25.2,"7,020"
9,2021-01-12,台北二,22.0,"19,986"
10,2021-01-13,台北二,25.5,"14,705"
11,2021-01-15,台北二,27.0,"9,000"
12,2021-01-16,台北二,25.3,"9,780"
13,2021-01-17,台北二,26.5,"7,590"
14,2021-01-19,台北二,24.3,"9,600"
15,2021-01-20,台北二,24.5,"8,607"
16,2021-01-21,台北二,19.9,"11,864"
17,2021-01-22,台北二,21.1,"8,135"
18,2021-01-23,台北二,22.7,"9,630"
19,2021-01-24,台北二,22.4,"8,580"
20,2021-01-26,台北二,23.0,"14,549"
21,2021-01-27,台北二,23.0,"10,425"
22,2021-01-28,台北二,23.4,"8,490"
23,2021-01-29,台北二,22.6,"7,260"
24,2021-01-30,台北二,22.1,"7,545"
25,2021-01-31,台北二,24.0,"7,938"
26,2021-02-02,台北二,27.6,"6,800"
27,2021-02-03,台北二,29.4,"5,626"
28,2021-02-04,台北二,29.6,"7,065"
29,2021-02-06,台北二,26.3,"10,564"
30,2021-02-07,台北二,26.0,"8,055"
31,2021-02-08,台北二,22.5,"7,800"
32,2021-02-09,台北二,21.4,"7,615"
33,2021-02-10,台北二,26.1,"5,760"
34,2021-02-11,台北二,28.2,"5,370"
35,2021-02-17,台北二,34.2,"6,660"
36,2021-02-18,台北二,32.8,"6,885"
37,2021-02-19,台北二,32.3,"13,053"
38,2021-02-21,台北二,35.0,"8,400"
39,2021-02-23,台北二,34.7,"10,303"
40,2021-02-24,台北二,31.8,"11,010"
41,2021-02-25,台北二,26.2,"15,514"
42,2021-02-26,台北二,32.8,"9,197"
43,2021-02-27,台北二,31.6,"8,595"
44,2021-03-02,台北二,28.3,"8,084"
45,2021-03-03,台北二,31.2,"7,050"
46,2021-03-04,台北二,29.7,"7,110"
47,2021-03-05,台北二,31.8,"5,385"
48,2021-03-06,台北二,27.7,"9,648"
49,2021-03-07,台北二,25.7,"8,303"
50,2021-03-09,台北二,26.2,"11,490"
51,2021-03-10,台北二,29.8,"8,985"
52,2021-03-11,台北二,30.8,"8,610"
53,2021-03-12,台北二,27.8,"12,510"
54,2021-03-13,台北二,25.4,"11,490"
55,2021-03-14,台北二,28.4,"8,775"
56,2021-03-16,台北二,29.2,"11,038"
57,2021-03-17,台北二,25.0,"10,606"
58,2021-03-18,台北二,22.8,"11,768"
59,2021-03-19,台北二,22.7,"11,307"
60,2021-03-20,台北二,24.4,"11,565"
61,2021-03-21,台北二,26.3,"10,560"
62,2021-03-24,台北二,26.7,"12,315"
63,2021-03-25,台北二,27.6,"11,332"
64,2021-03-26,台北二,25.7,"13,905"
65,2021-03-27,台北二,23.8,"13,225"
66,2021-03-28,台北二,28.4,"9,075"
67,2021-03-30,台北二,28.3,"11,238"
68,2021-03-31,台北二,19.6,"12,060"
69,2021-04-01,台北二,21.7,"11,250"
70,2021-04-02,台北二,21.0,"12,096"
71,2021-04-03,台北二,20.2,"15,323"
72,2021-04-06,台北二,20.6,"14,955"
73,2021-04-07,台北二,20.3,"9,390"
74,2021-04-08,台北二,23.8,"7,125"
75,2021-04-09,台北二,23.3,"8,110"
76,2021-04-10,台北二,20.5,"13,380"
77,2021-04-11,台北二,25.3,"11,295"
78,2021-04-13,台北二,21.2,"13,826"
79,2021-04-14,台北二,23.5,"8,745"
80,2021-04-15,台北二,22.9,"7,425"
81,2021-04-16,台北二,20.5,"9,270"
82,2021-04-17,台北二,19.9,"11,805"
83,2021-04-18,台北二,22.3,"8,546"
84,2021-04-20,台北二,22.9,"9,675"
85,2021-04-21,台北二,25.2,"8,430"
86,2021-04-22,台北二,30.1,"5,415"
87,2021-04-23,台北二,27.7,"7,245"
88,2021-04-24,台北二,26.2,"10,934"
89,2021-04-25,台北二,31.9,"9,495"
90,2021-04-27,台北二,30.2,"11,307"
91,2021-04-28,台北二,28.4,"9,386"
92,2021-04-29,台北二,27.2,"5,985"
93,2021-04-30,台北二,33.5,"6,571"
94,2021-05-01,台北二,29.5,"8,880"
95,2021-05-02,台北二,26.6,"9,274"
96,2021-05-04,台北二,29.6,"10,655"
97,2021-05-05,台北二,33.0,"7,170"
98,2021-05-06,台北二,36.1,"7,110"
99,2021-05-07,台北二,33.6,"8,280"
100,2021-05-08,台北二,33.1,"8,991"
101,2021-05-09,台北二,35.3,"6,952"
102,2021-05-11,台北二,35.7,"13,771"
103,2021-05-12,台北二,35.4,"8,400"
104,2021-05-13,台北二,38.1,"6,255"
105,2021-05-14,台北二,31.2,"10,196"
106,2021-05-15,台北二,31.3,"10,066"
107,2021-05-16,台北二,37.5,"8,100"
108,2021-05-18,台北二,30.8,"14,923"
109,2021-05-19,台北二,28.6,"10,395"
110,2021-05-20,台北二,22.8,"15,300"
111,2021-05-21,台北二,23.0,"14,265"
112,2021-05-22,台北二,22.7,"15,120"
113,2021-05-23,台北二,27.1,"9,480"
114,2021-05-25,台北二,28.8,"13,194"
115,2021-05-26,台北二,31.3,"11,295"
116,2021-05-27,台北二,25.0,"11,685"
117,2021-05-28,台北二,28.1,"7,785"
118,2021-05-29,台北二,27.5,"10,872"
119,2021-05-30,台北二,28.0,"10,612"
120,2021-06-01,台北二,25.8,"13,965"
121,2021-06-02,台北二,31.8,"10,605"
122,2021-06-04,台北二,27.2,"14,559"
123,2021-06-05,台北二,26.2,"12,131"
124,2021-06-06,台北二,30.1,"8,940"
125,2021-06-08,台北二,28.5,"12,180"
126,2021-06-09,台北二,22.7,"14,484"
127,2021-06-10,台北二,24.8,"10,425"
128,2021-06-11,台北二,27.5,"9,355"
129,2021-06-12,台北二,32.9,"7,575"
130,2021-06-13,台北二,34.2,"7,623"
131,2021-06-14,台北二,32.2,"9,780"
132,2021-06-17,台北二,28.6,"10,080"
133,2021-06-18,台北二,28.3,"8,045"
134,2021-06-19,台北二,24.7,"13,763"
135,2021-06-20,台北二,25.3,"10,095"
136,2021-06-22,台北二,28.5,"9,227"
137,2021-06-23,台北二,37.7,"6,075"
138,2021-06-24,台北二,31.5,"8,205"
139,2021-06-25,台北二,36.4,"5,941"
140,2021-06-26,台北二,35.6,"6,900"
141,2021-06-27,台北二,34.5,"7,187"
142,2021-06-29,台北二,33.1,"8,895"
143,2021-06-30,台北二,34.6,"7,500"
144,2021-07-01,台北二,27.2,"10,530"
145,2021-07-02,台北二,30.6,"8,025"
146,2021-07-03,台北二,31.8,"6,959"
147,2021-07-04,台北二,35.3,"6,105"
148,2021-07-06,台北二,33.5,"8,206"
149,2021-07-07,台北二,35.4,"6,840"
150,2021-07-08,台北二,36.0,"6,888"
151,2021-07-09,台北二,36.7,"8,023"
152,2021-07-10,台北二,37.7,"6,405"
153,2021-07-11,台北二,41.1,"4,710"
154,2021-07-13,台北二,32.6,"10,200"
155,2021-07-14,台北二,30.8,"8,176"
156,2021-07-16,台北二,25.2,"11,187"
157,2021-07-17,台北二,27.0,"8,825"
158,2021-07-18,台北二,32.7,"5,910"
159,2021-07-20,台北二,30.6,"9,525"
160,2021-07-21,台北二,32.1,"6,810"
161,2021-07-22,台北二,34.5,"5,685"
162,2021-07-23,台北二,31.8,"8,416"
163,2021-07-24,台北二,29.5,"7,141"
164,2021-07-25,台北二,34.4,"6,030"
165,2021-07-27,台北二,32.8,"7,215"
166,2021-07-28,台北二,34.3,"6,405"
167,2021-07-29,台北二,41.2,"4,260"
168,2021-01-01,台北一,18.4,"16,657"
169,2021-01-02,台北一,18.8,"19,995"
170,2021-01-03,台北一,18.9,"17,733"
171,2021-01-05,台北一,20.0,"17,072"
172,2021-01-06,台北一,19.6,"18,632"
173,2021-01-07,台北一,20.2,"19,360"
174,2021-01-08,台北一,20.3,"16,478"
175,2021-01-09,台北一,20.6,"15,885"
176,2021-01-10,台北一,21.8,"15,043"
177,2021-01-12,台北一,22.0,"22,978"
178,2021-01-13,台北一,22.4,"27,386"
179,2021-01-15,台北一,22.5,"27,290"
180,2021-01-16,台北一,22.1,"21,780"
181,2021-01-17,台北一,22.6,"15,405"
182,2021-01-19,台北一,22.9,"20,045"
183,2021-01-20,台北一,22.1,"22,431"
184,2021-01-21,台北一,20.3,"19,816"
185,2021-01-22,台北一,19.0,"17,852"
186,2021-01-23,台北一,18.5,"19,584"
187,2021-01-24,台北一,20.2,"18,585"
188,2021-01-26,台北一,21.3,"25,538"
189,2021-01-27,台北一,21.3,"24,684"
190,2021-01-28,台北一,21.6,"21,165"
191,2021-01-29,台北一,20.7,"16,890"
192,2021-01-30,台北一,20.7,"16,878"
193,2021-01-31,台北一,20.4,"17,430"
194,2021-02-02,台北一,21.0,"18,327"
195,2021-02-03,台北一,21.9,"15,586"
196,2021-02-04,台北一,24.6,"14,499"
197,2021-02-06,台北一,25.0,"17,784"
198,2021-02-07,台北一,23.4,"19,683"
199,2021-02-08,台北一,22.4,"15,464"
200,2021-02-09,台北一,19.9,"18,577"
201,2021-02-10,台北一,19.4,"18,630"
202,2021-02-11,台北一,20.2,"13,392"
203,2021-02-17,台北一,23.2,"17,565"
204,2021-02-18,台北一,25.5,"16,555"
205,2021-02-19,台北一,28.4,"18,351"
206,2021-02-21,台北一,30.4,"15,981"
207,2021-02-23,台北一,33.3,"16,125"
208,2021-02-24,台北一,33.4,"16,545"
209,2021-02-25,台北一,28.4,"23,376"
210,2021-02-26,台北一,25.3,"21,512"
211,2021-02-27,台北一,25.4,"17,628"
212,2021-03-02,台北一,25.8,"20,310"
213,2021-03-03,台北一,26.0,"16,605"
214,2021-03-04,台北一,25.8,"13,914"
215,2021-03-05,台北一,24.7,"16,065"
216,2021-03-06,台北一,23.4,"16,225"
217,2021-03-07,台北一,25.3,"13,689"
218,2021-03-09,台北一,25.4,"16,902"
219,2021-03-10,台北一,26.2,"16,900"
220,2021-03-11,台北一,25.4,"18,135"
221,2021-03-12,台北一,24.6,"19,264"
222,2021-03-13,台北一,26.2,"23,041"
223,2021-03-14,台北一,26.9,"20,189"
224,2021-03-16,台北一,25.3,"23,469"
225,2021-03-17,台北一,24.3,"18,860"
226,2021-03-18,台北一,22.9,"18,494"
227,2021-03-19,台北一,23.4,"16,775"
228,2021-03-20,台北一,21.4,"21,197"
229,2021-03-21,台北一,21.8,"19,518"
230,2021-03-24,台北一,21.5,"23,432"
231,2021-03-25,台北一,20.0,"23,921"
232,2021-03-26,台北一,19.5,"27,508"
233,2021-03-27,台北一,20.5,"27,800"
234,2021-03-28,台北一,21.7,"21,488"
235,2021-03-30,台北一,22.4,"22,515"
236,2021-03-31,台北一,19.2,"23,446"
237,2021-04-01,台北一,18.1,"20,957"
238,2021-04-02,台北一,15.6,"22,955"
239,2021-04-03,台北一,14.4,"23,973"
240,2021-04-06,台北一,14.7,"22,474"
241,2021-04-07,台北一,18.0,"19,281"
242,2021-04-08,台北一,21.0,"17,625"
243,2021-04-09,台北一,20.0,"20,190"
244,2021-04-10,台北一,17.2,"28,824"
245,2021-04-11,台北一,19.7,"21,120"
246,2021-04-13,台北一,21.6,"28,072"
247,2021-04-14,台北一,19.7,"25,668"
248,2021-04-15,台北一,18.3,"20,140"
249,2021-04-16,台北一,16.9,"24,208"
250,2021-04-17,台北一,17.0,"23,034"
251,2021-04-18,台北一,20.0,"16,350"
252,2021-04-20,台北一,20.4,"21,050"
253,2021-04-21,台北一,19.8,"19,410"
254,2021-04-22,台北一,21.2,"17,394"
255,2021-04-23,台北一,22.9,"16,185"
256,2021-04-24,台北一,23.5,"17,633"
257,2021-04-25,台北一,24.3,"14,993"
258,2021-04-27,台北一,25.7,"21,664"
259,2021-04-28,台北一,25.3,"18,975"
260,2021-04-29,台北一,25.8,"14,350"
261,2021-04-30,台北一,25.6,"13,477"
262,2021-05-01,台北一,24.6,"14,544"
263,2021-05-02,台北一,26.7,"13,208"
264,2021-05-04,台北一,30.2,"14,804"
265,2021-05-05,台北一,31.3,"14,730"
266,2021-05-06,台北一,31.0,"14,205"
267,2021-05-07,台北一,30.2,"13,710"
268,2021-05-08,台北一,31.4,"12,450"
269,2021-05-09,台北一,31.5,"13,845"
270,2021-05-11,台北一,31.6,"18,368"
271,2021-05-12,台北一,34.5,"16,265"
272,2021-05-13,台北一,36.2,"18,030"
273,2021-05-14,台北一,30.5,"15,978"
274,2021-05-15,台北一,27.8,"16,440"
275,2021-05-16,台北一,28.9,"12,362"
276,2021-05-18,台北一,26.0,"19,489"
277,2021-05-19,台北一,24.3,"15,345"
278,2021-05-20,台北一,24.1,"15,751"
279,2021-05-21,台北一,17.0,"19,434"
280,2021-05-22,台北一,16.8,"13,240"
281,2021-05-23,台北一,17.8,"14,400"
282,2021-05-25,台北一,21.3,"15,862"
283,2021-05-26,台北一,21.2,"20,271"
284,2021-05-27,台北一,21.9,"14,700"
285,2021-05-28,台北一,24.0,"13,584"
286,2021-05-29,台北一,26.4,"11,175"
287,2021-05-30,台北一,27.5,"13,200"
288,2021-06-01,台北一,26.4,"16,054"
289,2021-06-02,台北一,23.6,"16,428"
290,2021-06-04,台北一,24.3,"16,503"
291,2021-06-05,台北一,23.4,"18,278"
292,2021-06-06,台北一,23.3,"14,807"
293,2021-06-08,台北一,24.4,"17,490"
294,2021-06-09,台北一,23.5,"20,911"
295,2021-06-10,台北一,25.8,"18,943"
296,2021-06-11,台北一,25.1,"18,309"
297,2021-06-12,台北一,25.3,"15,720"
298,2021-06-13,台北一,26.1,"15,004"
299,2021-06-14,台北一,26.6,"15,039"
300,2021-06-17,台北一,23.2,"18,276"
301,2021-06-18,台北一,20.9,"14,040"
302,2021-06-19,台北一,24.8,"13,485"
303,2021-06-20,台北一,27.4,"14,148"
304,2021-06-22,台北一,27.8,"13,200"
305,2021-06-23,台北一,27.4,"15,110"
306,2021-06-24,台北一,26.3,"16,875"
307,2021-06-25,台北一,25.7,"12,755"
308,2021-06-26,台北一,28.0,"10,303"
309,2021-06-27,台北一,27.4,"13,142"
310,2021-06-29,台北一,28.6,"10,512"
311,2021-06-30,台北一,27.4,"12,629"
312,2021-07-01,台北一,25.4,"13,807"
313,2021-07-02,台北一,26.7,"8,718"
314,2021-07-03,台北一,29.2,"9,251"
315,2021-07-04,台北一,29.9,"8,265"
316,2021-07-06,台北一,33.3,"12,898"
317,2021-07-07,台北一,30.7,"13,600"
318,2021-07-08,台北一,30.8,"9,358"
319,2021-07-09,台北一,30.6,"13,319"
320,2021-07-10,台北一,28.1,"14,180"
321,2021-07-11,台北一,27.9,"12,702"
322,2021-07-13,台北一,27.5,"15,788"
323,2021-07-14,台北一,24.9,"15,687"
324,2021-07-16,台北一,24.3,"17,355"
325,2021-07-17,台北一,25.8,"14,781"
326,2021-07-18,台北一,27.4,"10,869"
327,2021-07-20,台北一,29.4,"14,025"
328,2021-07-21,台北一,29.5,"11,115"
329,2021-07-22,台北一,28.8,"11,445"
330,2021-07-23,台北一,26.7,"15,212"
331,2021-07-24,台北一,24.5,"16,210"
332,2021-07-25,台北一,24.1,"13,422"
333,2021-07-27,台北一,28.4,"9,961"
334,2021-07-28,台北一,31.7,"10,875"
335,2021-07-29,台北一,30.8,"9,894"
336,2021-01-01,板橋區,16.0,"5,490"
337,2021-01-02,板橋區,15.8,"5,983"
338,2021-01-03,板橋區,16.3,"6,585"
339,2021-01-05,板橋區,17.2,"9,749"
340,2021-01-06,板橋區,17.6,"8,175"
341,2021-01-07,板橋區,17.1,"6,255"
342,2021-01-08,板橋區,16.8,"6,000"
343,2021-01-09,板橋區,16.8,"5,205"
344,2021-01-10,板橋區,16.9,"6,868"
345,2021-01-12,板橋區,18.1,"12,508"
346,2021-01-13,板橋區,18.2,"11,339"
347,2021-01-15,板橋區,18.9,"12,887"
348,2021-01-16,板橋區,18.6,"7,269"
349,2021-01-17,板橋區,20.0,"6,476"
350,2021-01-19,板橋區,20.0,"10,988"
351,2021-01-20,板橋區,19.9,"8,655"
352,2021-01-21,板橋區,19.1,"7,436"
353,2021-01-22,板橋區,17.5,"7,890"
354,2021-01-23,板橋區,17.3,"8,370"
355,2021-01-24,板橋區,17.9,"6,765"
356,2021-01-26,板橋區,19.7,"12,760"
357,2021-01-27,板橋區,19.7,"10,230"
358,2021-01-28,板橋區,19.7,"8,700"
359,2021-01-29,板橋區,18.8,"5,775"
360,2021-01-30,板橋區,17.0,"6,020"
361,2021-01-31,板橋區,17.0,"6,876"
362,2021-02-02,板橋區,19.6,"7,812"
363,2021-02-03,板橋區,19.8,"6,915"
364,2021-02-04,板橋區,19.5,"7,080"
365,2021-02-06,板橋區,20.7,"9,750"
366,2021-02-07,板橋區,20.7,"6,159"
367,2021-02-08,板橋區,23.6,"5,973"
368,2021-02-09,板橋區,23.3,"6,108"
369,2021-02-10,板橋區,22.2,"7,140"
370,2021-02-11,板橋區,22.5,"6,750"
371,2021-02-17,板橋區,22.8,"10,546"
372,2021-02-18,板橋區,24.8,"5,783"
373,2021-02-19,板橋區,25.0,"9,240"
374,2021-02-21,板橋區,25.2,"10,395"
375,2021-02-23,板橋區,27.3,"8,990"
376,2021-02-24,板橋區,29.9,"7,623"
377,2021-02-25,板橋區,29.4,"10,509"
378,2021-02-26,板橋區,27.7,"9,255"
379,2021-02-27,板橋區,27.7,"7,273"
380,2021-03-02,板橋區,25.3,"12,163"
381,2021-03-03,板橋區,25.6,"6,840"
382,2021-03-04,板橋區,23.1,"7,440"
383,2021-03-05,板橋區,23.1,"6,585"
384,2021-03-06,板橋區,22.6,"6,393"
385,2021-03-07,板橋區,23.2,"5,875"
386,2021-03-09,板橋區,22.8,"10,763"
387,2021-03-10,板橋區,23.2,"7,455"
388,2021-03-11,板橋區,25.1,"7,575"
389,2021-03-12,板橋區,25.1,"12,285"
390,2021-03-13,板橋區,25.0,"11,355"
391,2021-03-14,板橋區,25.0,"8,955"
392,2021-03-16,板橋區,27.7,"10,905"
393,2021-03-17,板橋區,24.7,"8,971"
394,2021-03-18,板橋區,24.8,"8,113"
395,2021-03-19,板橋區,24.6,"7,325"
396,2021-03-20,板橋區,24.8,"8,012"
397,2021-03-21,板橋區,24.0,"8,010"
398,2021-03-24,板橋區,24.0,"12,720"
399,2021-03-25,板橋區,24.1,"9,540"
400,2021-03-26,板橋區,22.1,"14,100"
401,2021-03-27,板橋區,22.2,"11,280"
402,2021-03-28,板橋區,22.0,"9,510"
403,2021-03-30,板橋區,22.6,"12,195"
404,2021-03-31,板橋區,23.3,"8,745"
405,2021-04-01,板橋區,22.1,"8,797"
406,2021-04-02,板橋區,19.0,"8,970"
407,2021-04-03,板橋區,18.6,"8,400"
408,2021-04-06,板橋區,17.7,"14,535"
409,2021-04-07,板橋區,18.3,"10,155"
410,2021-04-08,板橋區,16.3,"9,948"
411,2021-04-09,板橋區,17.0,"8,445"
412,2021-04-10,板橋區,18.4,"9,795"
413,2021-04-11,板橋區,18.7,"13,801"
414,2021-04-13,板橋區,18.0,"19,083"
415,2021-04-14,板橋區,17.6,"6,659"
416,2021-04-15,板橋區,18.3,"9,870"
417,2021-04-16,板橋區,16.0,"7,620"
418,2021-04-17,板橋區,16.1,"8,595"
419,2021-04-18,板橋區,16.2,"8,100"
420,2021-04-20,板橋區,17.9,"9,915"
421,2021-04-21,板橋區,18.2,"9,000"
422,2021-04-22,板橋區,18.8,"8,550"
423,2021-04-23,板橋區,18.4,"7,410"
424,2021-04-24,板橋區,19.7,"8,685"
425,2021-04-25,板橋區,20.7,"11,971"
426,2021-04-27,板橋區,24.9,"18,607"
427,2021-04-28,板橋區,24.9,"7,575"
428,2021-04-29,板橋區,23.2,"7,265"
429,2021-04-30,板橋區,20.7,"8,580"
430,2021-05-01,板橋區,22.8,"7,260"
431,2021-05-02,板橋區,22.9,"7,533"
432,2021-05-04,板橋區,26.6,"11,934"
433,2021-05-05,板橋區,26.3,"8,326"
434,2021-05-06,板橋區,29.6,"8,639"
435,2021-05-07,板橋區,28.4,"7,761"
436,2021-05-08,板橋區,29.1,"8,265"
437,2021-05-09,板橋區,29.2,"8,130"
438,2021-05-11,板橋區,29.9,"12,837"
439,2021-05-12,板橋區,30.4,"12,135"
440,2021-05-13,板橋區,32.2,"10,212"
441,2021-05-14,板橋區,32.0,"7,691"
442,2021-05-15,板橋區,31.7,"8,055"
443,2021-05-16,板橋區,31.8,"7,605"
444,2021-05-18,板橋區,29.9,"9,738"
445,2021-05-19,板橋區,26.8,"7,697"
446,2021-05-20,板橋區,24.5,"7,952"
447,2021-05-21,板橋區,21.5,"7,843"
448,2021-05-22,板橋區,19.5,"9,876"
449,2021-05-23,板橋區,18.1,"9,900"
450,2021-05-25,板橋區,18.4,"12,626"
451,2021-05-26,板橋區,18.2,"11,422"
452,2021-05-27,板橋區,19.1,"8,970"
453,2021-05-28,板橋區,21.9,"6,390"
454,2021-05-29,板橋區,22.7,"7,873"
455,2021-05-30,板橋區,22.9,"8,921"
456,2021-06-01,板橋區,22.7,"9,580"
457,2021-06-02,板橋區,23.9,"9,165"
458,2021-06-04,板橋區,23.3,"13,347"
459,2021-06-05,板橋區,23.3,"8,775"
460,2021-06-06,板橋區,23.6,"8,250"
461,2021-06-08,板橋區,24.5,"9,972"
462,2021-06-09,板橋區,24.8,"12,509"
463,2021-06-10,板橋區,25.6,"11,879"
464,2021-06-11,板橋區,25.5,"9,080"
465,2021-06-12,板橋區,26.9,"7,935"
466,2021-06-13,板橋區,28.4,"9,615"
467,2021-06-14,板橋區,27.2,"8,536"
468,2021-06-17,板橋區,25.6,"11,115"
469,2021-06-18,板橋區,24.6,"7,545"
470,2021-06-19,板橋區,24.6,"8,262"
471,2021-06-20,板橋區,24.5,"8,805"
472,2021-06-22,板橋區,25.6,"9,013"
473,2021-06-23,板橋區,26.0,"11,325"
474,2021-06-24,板橋區,25.5,"10,785"
475,2021-06-25,板橋區,25.9,"9,165"
476,2021-06-26,板橋區,26.6,"7,756"
477,2021-06-27,板橋區,26.4,"8,145"
478,2021-06-29,板橋區,26.1,"7,869"
479,2021-06-30,板橋區,27.8,"6,480"
480,2021-07-01,板橋區,28.5,"7,125"
481,2021-07-02,板橋區,27.8,"5,835"
482,2021-07-03,板橋區,30.1,"7,186"
483,2021-07-04,板橋區,30.3,"6,704"
484,2021-07-06,板橋區,32.6,"7,804"
485,2021-07-07,板橋區,31.6,"6,063"
486,2021-07-08,板橋區,32.5,"7,362"
487,2021-07-09,板橋區,31.6,"10,772"
488,2021-07-10,板橋區,32.8,"10,065"
489,2021-07-11,板橋區,32.5,"8,205"
490,2021-07-13,板橋區,30.3,"8,277"
491,2021-07-14,板橋區,29.9,"6,750"
492,2021-07-16,板橋區,27.9,"11,028"
493,2021-07-17,板橋區,26.0,"7,858"
494,2021-07-18,板橋區,26.5,"7,455"
495,2021-07-20,板橋區,28.4,"8,626"
496,2021-07-21,板橋區,27.7,"7,080"
497,2021-07-22,板橋區,27.1,"6,096"
498,2021-07-23,板橋區,27.0,"10,740"
499,2021-07-24,板橋區,26.2,"8,342"
500,2021-07-25,板橋區,26.6,"7,335"
501,2021-07-27,板橋區,27.8,"7,637"
502,2021-07-28,板橋區,27.1,"6,894"
503,2021-07-29,板橋區,27.5,"5,127"
504,2021-01-01,三重區,17.0,"12,680"
505,2021-01-02,三重區,17.0,"17,153"
506,2021-01-03,三重區,17.2,"15,881"
507,2021-01-05,三重區,17.2,"19,522"
508,2021-01-06,三重區,17.0,"15,251"
509,2021-01-07,三重區,17.5,"12,695"
510,2021-01-08,三重區,17.7,"13,070"
511,2021-01-09,三重區,17.9,"14,265"
512,2021-01-10,三重區,18.3,"17,598"
513,2021-01-12,三重區,18.9,"30,075"
514,2021-01-13,三重區,19.3,"29,117"
515,2021-01-15,三重區,19.4,"21,051"
516,2021-01-16,三重區,19.7,"17,412"
517,2021-01-17,三重區,20.0,"16,650"
518,2021-01-19,三重區,19.7,"22,002"
519,2021-01-20,三重區,19.0,"19,039"
520,2021-01-21,三重區,17.8,"16,620"
521,2021-01-22,三重區,18.5,"15,514"
522,2021-01-23,三重區,18.5,"18,210"
523,2021-01-24,三重區,18.0,"17,758"
524,2021-01-26,三重區,19.8,"31,178"
525,2021-01-27,三重區,19.7,"23,987"
526,2021-01-28,三重區,19.3,"16,723"
527,2021-01-29,三重區,18.3,"14,883"
528,2021-01-30,三重區,17.4,"16,698"
529,2021-01-31,三重區,19.1,"16,685"
530,2021-02-02,三重區,20.4,"17,440"
531,2021-02-03,三重區,21.0,"15,434"
532,2021-02-04,三重區,20.4,"18,784"
533,2021-02-06,三重區,21.7,"19,603"
534,2021-02-07,三重區,23.5,"14,190"
535,2021-02-08,三重區,24.6,"12,973"
536,2021-02-09,三重區,22.6,"14,832"
537,2021-02-10,三重區,22.0,"24,798"
538,2021-02-11,三重區,22.7,"14,010"
539,2021-02-17,三重區,23.7,"25,200"
540,2021-02-18,三重區,25.8,"15,281"
541,2021-02-19,三重區,26.6,"24,659"
542,2021-02-21,三重區,27.1,"14,472"
543,2021-02-23,三重區,29.9,"16,299"
544,2021-02-24,三重區,30.0,"17,698"
545,2021-02-25,三重區,28.8,"25,505"
546,2021-02-26,三重區,27.4,"22,028"
547,2021-02-27,三重區,26.6,"20,337"
548,2021-03-02,三重區,23.3,"21,687"
549,2021-03-03,三重區,23.9,"14,591"
550,2021-03-04,三重區,22.5,"14,803"
551,2021-03-05,三重區,22.5,"16,968"
552,2021-03-06,三重區,22.8,"17,328"
553,2021-03-07,三重區,23.2,"15,674"
554,2021-03-09,三重區,23.5,"18,599"
555,2021-03-10,三重區,24.0,"17,360"
556,2021-03-11,三重區,25.1,"14,460"
557,2021-03-12,三重區,25.2,"28,233"
558,2021-03-13,三重區,25.7,"22,690"
559,2021-03-14,三重區,27.2,"18,059"
560,2021-03-16,三重區,27.3,"21,257"
561,2021-03-17,三重區,25.5,"16,890"
562,2021-03-18,三重區,24.7,"15,297"
563,2021-03-19,三重區,23.8,"15,092"
564,2021-03-20,三重區,24.2,"18,153"
565,2021-03-21,三重區,23.6,"20,441"
566,2021-03-24,三重區,23.1,"21,969"
567,2021-03-25,三重區,21.6,"19,542"
568,2021-03-26,三重區,21.5,"31,799"
569,2021-03-27,三重區,22.1,"27,313"
570,2021-03-28,三重區,22.6,"19,516"
571,2021-03-30,三重區,22.7,"21,135"
572,2021-03-31,三重區,21.2,"18,890"
573,2021-04-01,三重區,18.9,"19,155"
574,2021-04-02,三重區,17.9,"18,010"
575,2021-04-03,三重區,17.1,"23,576"
576,2021-04-06,三重區,16.4,"20,640"
577,2021-04-07,三重區,17.0,"16,129"
578,2021-04-08,三重區,17.5,"17,240"
579,2021-04-09,三重區,17.3,"16,935"
580,2021-04-10,三重區,17.5,"20,877"
581,2021-04-11,三重區,18.4,"29,481"
582,2021-04-13,三重區,18.1,"24,610"
583,2021-04-14,三重區,17.2,"20,780"
584,2021-04-15,三重區,16.7,"15,261"
585,2021-04-16,三重區,16.4,"14,865"
586,2021-04-17,三重區,17.2,"17,665"
587,2021-04-18,三重區,17.9,"17,949"
588,2021-04-20,三重區,18.9,"17,516"
589,2021-04-21,三重區,19.1,"16,665"
590,2021-04-22,三重區,19.2,"13,305"
591,2021-04-23,三重區,20.3,"12,512"
592,2021-04-24,三重區,21.7,"18,045"
593,2021-04-25,三重區,23.2,"23,105"
594,2021-04-27,三重區,24.7,"25,247"
595,2021-04-28,三重區,23.1,"16,575"
596,2021-04-29,三重區,22.6,"11,249"
597,2021-04-30,三重區,24.4,"12,555"
598,2021-05-01,三重區,25.5,"18,024"
599,2021-05-02,三重區,26.6,"12,840"
600,2021-05-04,三重區,28.4,"16,926"
601,2021-05-05,三重區,29.3,"14,970"
602,2021-05-06,三重區,30.6,"13,439"
603,2021-05-07,三重區,29.8,"12,670"
604,2021-05-08,三重區,29.9,"15,700"
605,2021-05-09,三重區,30.4,"14,281"
606,2021-05-11,三重區,30.6,"26,084"
607,2021-05-12,三重區,31.7,"20,386"
608,2021-05-13,三重區,33.0,"16,510"
609,2021-05-14,三重區,32.7,"12,780"
610,2021-05-15,三重區,32.2,"14,968"
611,2021-05-16,三重區,32.3,"14,275"
612,2021-05-18,三重區,28.4,"20,773"
613,2021-05-19,三重區,24.4,"16,679"
614,2021-05-20,三重區,21.3,"17,448"
615,2021-05-21,三重區,17.5,"19,345"
616,2021-05-22,三重區,16.0,"20,802"
617,2021-05-23,三重區,17.3,"19,170"
618,2021-05-25,三重區,18.4,"29,171"
619,2021-05-26,三重區,18.9,"25,017"
620,2021-05-27,三重區,20.9,"14,280"
621,2021-05-28,三重區,24.2,"11,790"
622,2021-05-29,三重區,26.0,"14,393"
623,2021-05-30,三重區,25.5,"14,280"
624,2021-06-01,三重區,23.2,"20,369"
625,2021-06-02,三重區,24.1,"18,114"
626,2021-06-04,三重區,23.6,"21,345"
627,2021-06-05,三重區,24.2,"17,889"
628,2021-06-06,三重區,25.0,"16,200"
629,2021-06-08,三重區,25.6,"18,017"
630,2021-06-09,三重區,25.7,"26,609"
631,2021-06-10,三重區,26.2,"19,555"
632,2021-06-11,三重區,26.7,"15,101"
633,2021-06-12,三重區,28.5,"14,857"
634,2021-06-13,三重區,28.7,"15,210"
635,2021-06-14,三重區,27.2,"14,911"
636,2021-06-17,三重區,24.6,"17,138"
637,2021-06-18,三重區,25.1,"14,639"
638,2021-06-19,三重區,26.0,"18,260"
639,2021-06-20,三重區,25.5,"15,735"
640,2021-06-22,三重區,26.1,"16,504"
641,2021-06-23,三重區,26.5,"22,937"
642,2021-06-24,三重區,25.9,"15,941"
643,2021-06-25,三重區,26.0,"13,156"
644,2021-06-26,三重區,28.3,"12,362"
645,2021-06-27,三重區,29.7,"11,733"
646,2021-06-29,三重區,28.0,"12,712"
647,2021-06-30,三重區,30.8,"12,891"
648,2021-07-01,三重區,30.2,"10,709"
649,2021-07-02,三重區,31.0,"9,740"
650,2021-07-03,三重區,31.5,"13,463"
651,2021-07-04,三重區,31.7,"12,210"
652,2021-07-06,三重區,31.6,"13,661"
653,2021-07-07,三重區,33.2,"10,110"
654,2021-07-08,三重區,33.5,"10,364"
655,2021-07-09,三重區,33.9,"22,613"
656,2021-07-10,三重區,32.8,"17,450"
657,2021-07-11,三重區,31.0,"13,545"
658,2021-07-13,三重區,29.8,"14,926"
659,2021-07-14,三重區,28.2,"15,422"
660,2021-07-16,三重區,25.6,"17,581"
661,2021-07-17,三重區,25.1,"17,577"
662,2021-07-18,三重區,26.7,"12,948"
663,2021-07-20,三重區,27.2,"16,335"
664,2021-07-21,三重區,27.1,"13,298"
665,2021-07-22,三重區,26.1,"10,569"
666,2021-07-23,三重區,26.1,"19,620"
667,2021-07-24,三重區,26.0,"14,925"
668,2021-07-25,三重區,26.9,"12,316"
669,2021-07-27,三重區,29.5,"13,742"
670,2021-07-28,三重區,30.7,"12,153"
671,2021-07-29,三重區,28.2,"9,903"
672,2021-01-01,宜蘭市,20.0,"5,500"
673,2021-01-02,宜蘭市,20.0,"5,400"
674,2021-01-03,宜蘭市,20.0,"4,520"
675,2021-01-05,宜蘭市,20.0,"4,570"
676,2021-01-06,宜蘭市,20.0,"5,500"
677,2021-01-07,宜蘭市,20.0,"3,860"
678,2021-01-08,宜蘭市,20.0,"6,500"
679,2021-01-09,宜蘭市,21.0,"4,500"
680,2021-01-10,宜蘭市,22.0,"4,680"
681,2021-01-12,宜蘭市,23.0,"6,500"
682,2021-01-13,宜蘭市,24.0,"5,680"
683,2021-01-19,宜蘭市,23.0,"4,820"
684,2021-01-21,宜蘭市,22.0,"4,850"
685,2021-01-22,宜蘭市,18.0,"4,570"
686,2021-01-24,宜蘭市,22.0,"4,520"
687,2021-02-18,宜蘭市,28.0,"4,450"
688,2021-02-19,宜蘭市,30.0,"4,860"
689,2021-02-21,宜蘭市,35.0,"4,750"
690,2021-02-24,宜蘭市,32.0,"5,540"
691,2021-03-05,宜蘭市,24.0,"5,450"
692,2021-03-07,宜蘭市,24.0,"5,580"
693,2021-03-09,宜蘭市,26.0,"5,650"
694,2021-03-11,宜蘭市,25.0,"6,250"
695,2021-03-14,宜蘭市,27.0,"4,850"
696,2021-03-17,宜蘭市,24.0,"5,350"
697,2021-03-18,宜蘭市,23.0,"5,740"
698,2021-03-19,宜蘭市,25.0,"6,250"
699,2021-03-21,宜蘭市,23.0,"5,540"
700,2021-03-24,宜蘭市,23.0,"4,580"
701,2021-03-25,宜蘭市,20.0,"5,250"
702,2021-03-26,宜蘭市,20.0,"6,520"
703,2021-03-31,宜蘭市,18.0,"5,450"
704,2021-04-01,宜蘭市,18.0,"5,450"
705,2021-04-02,宜蘭市,18.0,"5,250"
706,2021-04-04,宜蘭市,15.0,"4,250"
707,2021-04-07,宜蘭市,20.0,"4,850"
708,2021-04-08,宜蘭市,22.0,"4,820"
709,2021-04-09,宜蘭市,20.0,"4,850"
710,2021-04-11,宜蘭市,23.0,"7,540"
711,2021-04-14,宜蘭市,18.0,"4,560"
712,2021-04-15,宜蘭市,20.0,"4,820"
713,2021-04-18,宜蘭市,18.0,"5,250"
714,2021-04-21,宜蘭市,20.0,"5,260"
715,2021-04-23,宜蘭市,24.0,"4,850"
716,2021-04-25,宜蘭市,26.0,"8,650"
717,2021-04-27,宜蘭市,25.0,"5,250"
718,2021-04-28,宜蘭市,26.0,"5,620"
719,2021-04-29,宜蘭市,25.0,"4,650"
720,2021-05-02,宜蘭市,32.0,"4,550"
721,2021-05-05,宜蘭市,35.0,"4,550"
722,2021-05-06,宜蘭市,30.0,"4,550"
723,2021-05-07,宜蘭市,32.0,"4,580"
724,2021-05-09,宜蘭市,32.0,"4,850"
725,2021-05-12,宜蘭市,40.0,"4,260"
726,2021-05-13,宜蘭市,32.0,"5,540"
727,2021-05-14,宜蘭市,29.0,"6,500"
728,2021-05-15,宜蘭市,28.0,"5,500"
729,2021-05-16,宜蘭市,32.0,"5,500"
730,2021-05-18,宜蘭市,23.0,"5,540"
731,2021-05-19,宜蘭市,23.0,"4,850"
732,2021-05-20,宜蘭市,24.0,"4,850"
733,2021-05-21,宜蘭市,14.0,"5,050"
734,2021-05-22,宜蘭市,12.0,"4,850"
735,2021-05-23,宜蘭市,18.0,"5,500"
736,2021-05-25,宜蘭市,23.0,"6,540"
737,2021-05-26,宜蘭市,20.0,"4,580"
738,2021-05-27,宜蘭市,23.0,"5,250"
739,2021-05-28,宜蘭市,25.0,"4,850"
740,2021-05-29,宜蘭市,22.0,"4,850"
741,2021-05-30,宜蘭市,28.0,"4,520"
742,2021-06-01,宜蘭市,26.0,"4,580"
743,2021-06-02,宜蘭市,24.0,"4,580"
744,2021-06-04,宜蘭市,25.0,"4,250"
745,2021-06-05,宜蘭市,23.0,"4,280"
746,2021-06-06,宜蘭市,23.0,"3,500"
747,2021-06-08,宜蘭市,24.0,"6,200"
748,2021-06-09,宜蘭市,24.0,"7,500"
749,2021-06-10,宜蘭市,23.0,"4,500"
750,2021-06-11,宜蘭市,23.0,"5,500"
751,2021-06-12,宜蘭市,22.0,"4,350"
752,2021-06-13,宜蘭市,26.0,"5,500"
753,2021-06-14,宜蘭市,28.0,"3,550"
754,2021-06-17,宜蘭市,20.0,"5,500"
755,2021-06-18,宜蘭市,23.0,"5,500"
756,2021-06-19,宜蘭市,25.0,"5,680"
757,2021-06-20,宜蘭市,28.0,"5,500"
758,2021-06-22,宜蘭市,28.0,"5,500"
759,2021-06-23,宜蘭市,28.0,"7,500"
760,2021-06-24,宜蘭市,25.0,"5,000"
761,2021-06-25,宜蘭市,27.0,"5,000"
762,2021-06-26,宜蘭市,25.0,"5,650"
763,2021-06-27,宜蘭市,28.0,"4,500"
764,2021-06-29,宜蘭市,30.0,"5,000"
765,2021-06-30,宜蘭市,27.0,"5,400"
766,2021-07-01,宜蘭市,25.0,"4,800"
767,2021-07-02,宜蘭市,32.0,"6,000"
768,2021-07-03,宜蘭市,30.0,"5,650"
769,2021-07-04,宜蘭市,28.0,"6,200"
770,2021-07-06,宜蘭市,33.0,"5,500"
771,2021-07-07,宜蘭市,29.0,"5,500"
772,2021-07-08,宜蘭市,33.0,"7,500"
773,2021-07-09,宜蘭市,30.0,"6,500"
774,2021-07-10,宜蘭市,30.0,"5,560"
775,2021-07-11,宜蘭市,30.0,"4,800"
776,2021-07-13,宜蘭市,26.0,"5,500"
777,2021-07-14,宜蘭市,25.0,"5,000"
778,2021-07-16,宜蘭市,25.0,"5,500"
779,2021-07-17,宜蘭市,22.0,"5,050"
780,2021-07-18,宜蘭市,25.0,"5,600"
781,2021-07-20,宜蘭市,30.0,"6,500"
782,2021-07-21,宜蘭市,30.0,"6,500"
783,2021-07-22,宜蘭市,30.0,"7,800"
784,2021-07-23,宜蘭市,29.0,"7,400"
785,2021-07-24,宜蘭市,26.0,"8,050"
786,2021-07-25,宜蘭市,24.0,"6,500"
787,2021-07-27,宜蘭市,34.0,"5,500"
788,2021-07-28,宜蘭市,29.0,"6,200"
789,2021-01-06,桃　農,9.9,255
790,2021-01-08,桃　農,6.5,28
791,2021-01-09,桃　農,7.6,62
792,2021-01-10,桃　農,5.5,40
793,2021-01-12,桃　農,12.6,179
794,2021-01-15,桃　農,8.7,90
795,2021-01-16,桃　農,8.0,16
796,2021-01-21,桃　農,9.0,60
797,2021-01-22,桃　農,11.8,90
798,2021-01-23,桃　農,11.6,150
799,2021-01-24,桃　農,4.0,13
800,2021-01-26,桃　農,15.0,135
801,2021-01-27,桃　農,8.3,185
802,2021-01-31,桃　農,6.7,45
803,2021-02-06,桃　農,8.8,36
804,2021-02-09,桃　農,10.0,20
805,2021-02-10,桃　農,6.7,210
806,2021-02-23,桃　農,8.0,10
807,2021-02-24,桃　農,7.0,43
808,2021-02-26,桃　農,7.0,69
809,2021-03-03,桃　農,5.0,26
810,2021-03-04,桃　農,7.0,84
811,2021-03-07,桃　農,5.0,32
812,2021-03-30,桃　農,17.0,11
813,2021-04-03,桃　農,12.0,23
814,2021-04-06,桃　農,10.0,20
815,2021-04-07,桃　農,15.0,16
816,2021-04-08,桃　農,8.0,20
817,2021-04-10,桃　農,10.0,20
818,2021-04-11,桃　農,7.6,45
819,2021-04-14,桃　農,20.6,170
820,2021-04-15,桃　農,7.0,17
821,2021-04-18,桃　農,8.4,208
822,2021-04-22,桃　農,5.0,96
823,2021-04-23,桃　農,8.9,111
824,2021-04-24,桃　農,10.9,36
825,2021-04-25,桃　農,17.0,225
826,2021-04-27,桃　農,7.0,14
827,2021-04-29,桃　農,5.0,20
828,2021-05-01,桃　農,6.0,150
829,2021-05-02,桃　農,10.0,16
830,2021-05-04,桃　農,10.0,17
831,2021-05-05,桃　農,7.0,24
832,2021-05-06,桃　農,8.6,29
833,2021-05-08,桃　農,14.0,24
834,2021-05-09,桃　農,7.0,26
835,2021-05-11,桃　農,10.0,32
836,2021-05-12,桃　農,12.0,17
837,2021-05-13,桃　農,10.0,28
838,2021-05-14,桃　農,9.0,30
839,2021-05-15,桃　農,10.0,15
840,2021-05-16,桃　農,10.0,30
841,2021-05-18,桃　農,9.0,51
842,2021-05-20,桃　農,6.7,34
843,2021-05-21,桃　農,17.8,287
844,2021-05-22,桃　農,13.3,802
845,2021-05-23,桃　農,12.7,420
846,2021-05-25,桃　農,12.0,16
847,2021-05-27,桃　農,12.7,40
848,2021-05-28,桃　農,10.0,78
849,2021-05-29,桃　農,14.3,147
850,2021-06-01,桃　農,15.8,180
851,2021-06-02,桃　農,14.6,150
852,2021-06-04,桃　農,15.5,233
853,2021-06-05,桃　農,13.9,174
854,2021-06-06,桃　農,14.2,144
855,2021-06-08,桃　農,19.5,155
856,2021-06-09,桃　農,15.0,162
857,2021-06-10,桃　農,11.0,35
858,2021-06-11,桃　農,13.8,199
859,2021-06-12,桃　農,16.1,269
860,2021-06-13,桃　農,15.8,177
861,2021-06-14,桃　農,11.2,33
862,2021-06-17,桃　農,11.5,112
863,2021-06-18,桃　農,8.5,243
864,2021-06-19,桃　農,12.1,127
865,2021-06-20,桃　農,12.9,163
866,2021-06-22,桃　農,14.6,253
867,2021-06-23,桃　農,11.6,150
868,2021-06-24,桃　農,11.9,176
869,2021-06-25,桃　農,7.2,66
870,2021-06-26,桃　農,13.0,120
871,2021-06-27,桃　農,14.2,105
872,2021-06-29,桃　農,16.2,90
873,2021-06-30,桃　農,14.2,105
874,2021-07-01,桃　農,10.0,11
875,2021-07-02,桃　農,10.6,234
876,2021-07-03,桃　農,14.5,120
877,2021-07-04,桃　農,10.8,64
878,2021-07-06,桃　農,14.3,256
879,2021-07-07,桃　農,15.0,226
880,2021-07-08,桃　農,9.0,68
881,2021-07-09,桃　農,10.3,274
882,2021-07-10,桃　農,10.1,287
883,2021-07-11,桃　農,9.6,76
884,2021-07-13,桃　農,16.0,212
885,2021-07-14,桃　農,12.7,185
886,2021-07-16,桃　農,13.9,256
887,2021-07-17,桃　農,13.7,150
888,2021-07-18,桃　農,8.8,211
889,2021-07-20,桃　農,14.8,150
890,2021-07-21,桃　農,11.3,120
891,2021-07-22,桃　農,7.9,133
892,2021-07-23,桃　農,9.1,272
893,2021-07-25,桃　農,8.0,59
894,2021-07-27,桃　農,8.7,93
895,2021-01-01,台中市,18.9,"25,140"
896,2021-01-02,台中市,17.9,"25,586"
897,2021-01-03,台中市,18.4,"17,595"
898,2021-01-05,台中市,18.0,"30,760"
899,2021-01-06,台中市,18.0,"29,580"
900,2021-01-07,台中市,18.8,"21,405"
901,2021-01-08,台中市,18.6,"21,120"
902,2021-01-09,台中市,18.2,"20,819"
903,2021-01-10,台中市,20.0,"28,663"
904,2021-01-12,台中市,21.0,"54,424"
905,2021-01-13,台中市,22.4,"37,661"
906,2021-01-15,台中市,22.4,"43,980"
907,2021-01-16,台中市,20.9,"29,007"
908,2021-01-17,台中市,22.4,"29,025"
909,2021-01-19,台中市,20.1,"36,030"
910,2021-01-20,台中市,20.8,"25,215"
911,2021-01-21,台中市,20.6,"19,650"
912,2021-01-22,台中市,19.1,"24,930"
913,2021-01-23,台中市,18.5,"27,231"
914,2021-01-24,台中市,18.6,"30,540"
915,2021-01-26,台中市,18.8,"52,125"
916,2021-01-27,台中市,20.1,"33,748"
917,2021-01-28,台中市,21.8,"27,095"
918,2021-01-29,台中市,22.0,"21,075"
919,2021-01-30,台中市,22.8,"25,950"
920,2021-01-31,台中市,21.6,"17,205"
921,2021-02-02,台中市,19.7,"30,768"
922,2021-02-03,台中市,20.6,"24,735"
923,2021-02-04,台中市,22.5,"23,335"
924,2021-02-06,台中市,23.0,"41,400"
925,2021-02-07,台中市,23.6,"27,870"
926,2021-02-08,台中市,24.2,"16,956"
927,2021-02-09,台中市,22.6,"28,480"
928,2021-02-10,台中市,23.9,"39,230"
929,2021-02-11,台中市,23.8,"31,089"
930,2021-02-17,台中市,23.7,"63,540"
931,2021-02-18,台中市,24.0,"27,645"
932,2021-02-19,台中市,23.4,"30,462"
933,2021-02-21,台中市,25.8,"42,721"
934,2021-02-23,台中市,26.8,"33,585"
935,2021-02-24,台中市,28.3,"29,520"
936,2021-02-25,台中市,30.1,"48,987"
937,2021-02-26,台中市,29.9,"29,895"
938,2021-02-27,台中市,26.5,"17,040"
939,2021-03-02,台中市,26.2,"41,505"
940,2021-03-03,台中市,28.2,"27,984"
941,2021-03-04,台中市,28.0,"18,000"
942,2021-03-05,台中市,29.5,"34,401"
943,2021-03-06,台中市,26.3,"25,785"
944,2021-03-07,台中市,27.4,"20,919"
945,2021-03-09,台中市,25.5,"35,356"
946,2021-03-10,台中市,26.5,"24,075"
947,2021-03-11,台中市,28.4,"31,284"
948,2021-03-12,台中市,27.4,"38,100"
949,2021-03-13,台中市,27.6,"43,046"
950,2021-03-14,台中市,27.3,"40,839"
951,2021-03-16,台中市,27.9,"29,812"
952,2021-03-17,台中市,27.1,"27,577"
953,2021-03-18,台中市,28.0,"17,721"
954,2021-03-19,台中市,26.9,"24,093"
955,2021-03-20,台中市,27.2,"36,884"
956,2021-03-21,台中市,23.5,"19,680"
957,2021-03-24,台中市,21.9,"58,914"
958,2021-03-25,台中市,25.8,"32,604"
959,2021-03-26,台中市,22.1,"37,703"
960,2021-03-27,台中市,23.0,"41,813"
961,2021-03-28,台中市,22.3,"39,120"
962,2021-03-30,台中市,22.1,"33,814"
963,2021-03-31,台中市,19.7,"36,286"
964,2021-04-01,台中市,20.5,"26,259"
965,2021-04-02,台中市,17.9,"29,805"
966,2021-04-03,台中市,15.6,"28,370"
967,2021-04-06,台中市,14.9,"58,790"
968,2021-04-07,台中市,14.8,"24,045"
969,2021-04-08,台中市,15.1,"24,871"
970,2021-04-09,台中市,17.4,"24,585"
971,2021-04-10,台中市,16.8,"33,582"
972,2021-04-11,台中市,17.6,"53,436"
973,2021-04-13,台中市,17.5,"59,662"
974,2021-04-14,台中市,17.8,"32,124"
975,2021-04-15,台中市,17.9,"22,515"
976,2021-04-16,台中市,16.4,"23,534"
977,2021-04-17,台中市,15.1,"34,710"
978,2021-04-18,台中市,15.8,"22,074"
979,2021-04-20,台中市,15.4,"32,760"
980,2021-04-21,台中市,17.8,"27,603"
981,2021-04-22,台中市,17.4,"21,516"
982,2021-04-23,台中市,18.9,"24,410"
983,2021-04-24,台中市,19.7,"23,220"
984,2021-04-25,台中市,22.7,"47,207"
985,2021-04-27,台中市,21.9,"50,317"
986,2021-04-28,台中市,22.5,"28,470"
987,2021-04-29,台中市,24.3,"22,055"
988,2021-04-30,台中市,23.3,"19,380"
989,2021-05-01,台中市,24.8,"35,350"
990,2021-05-02,台中市,24.3,"22,050"
991,2021-05-04,台中市,26.4,"38,599"
992,2021-05-05,台中市,27.6,"29,130"
993,2021-05-06,台中市,29.3,"12,675"
994,2021-05-07,台中市,30.5,"32,994"
995,2021-05-08,台中市,30.9,"32,925"
996,2021-05-09,台中市,30.2,"27,144"
997,2021-05-11,台中市,29.9,"46,914"
998,2021-05-12,台中市,32.2,"43,458"
999,2021-05-13,台中市,32.9,"22,240"
1000,2021-05-14,台中市,33.5,"18,630"
1001,2021-05-15,台中市,28.1,"36,373"
1002,2021-05-16,台中市,28.3,"26,397"
1003,2021-05-18,台中市,27.5,"38,851"
1004,2021-05-19,台中市,26.2,"28,650"
1005,2021-05-20,台中市,25.1,"22,153"
1006,2021-05-21,台中市,23.0,"25,110"
1007,2021-05-22,台中市,18.4,"22,051"
1008,2021-05-23,台中市,19.3,"39,741"
1009,2021-05-25,台中市,20.4,"46,559"
1010,2021-05-26,台中市,21.3,"35,601"
1011,2021-05-27,台中市,22.0,"24,374"
1012,2021-05-28,台中市,23.5,"20,535"
1013,2021-05-29,台中市,20.1,"24,279"
1014,2021-05-30,台中市,22.8,"24,475"
1015,2021-06-01,台中市,21.0,"35,760"
1016,2021-06-02,台中市,20.5,"19,986"
1017,2021-06-04,台中市,21.1,"40,285"
1018,2021-06-05,台中市,21.6,"25,046"
1019,2021-06-06,台中市,23.3,"21,525"
1020,2021-06-08,台中市,20.9,"32,198"
1021,2021-06-09,台中市,23.2,"25,376"
1022,2021-06-10,台中市,23.1,"30,348"
1023,2021-06-11,台中市,23.7,"20,520"
1024,2021-06-12,台中市,22.7,"28,971"
1025,2021-06-13,台中市,23.7,"20,250"
1026,2021-06-14,台中市,25.0,"11,775"
1027,2021-06-17,台中市,21.6,"35,250"
1028,2021-06-18,台中市,22.9,"22,290"
1029,2021-06-19,台中市,24.4,"19,605"
1030,2021-06-20,台中市,25.4,"16,665"
1031,2021-06-22,台中市,26.4,"33,750"
1032,2021-06-23,台中市,25.8,"23,580"
1033,2021-06-24,台中市,26.8,"21,651"
1034,2021-06-25,台中市,25.2,"22,599"
1035,2021-06-26,台中市,26.9,"20,535"
1036,2021-06-27,台中市,26.2,"18,165"
1037,2021-06-29,台中市,26.8,"27,702"
1038,2021-06-30,台中市,28.0,"23,610"
1039,2021-07-01,台中市,28.7,"10,559"
1040,2021-07-02,台中市,27.9,"28,953"
1041,2021-07-03,台中市,27.7,"19,233"
1042,2021-07-04,台中市,28.9,"28,995"
1043,2021-07-06,台中市,29.4,"32,567"
1044,2021-07-07,台中市,29.8,"28,393"
1045,2021-07-08,台中市,30.0,"32,390"
1046,2021-07-09,台中市,29.6,"47,985"
1047,2021-07-10,台中市,30.5,"35,805"
1048,2021-07-11,台中市,31.1,"32,370"
1049,2021-07-13,台中市,29.9,"36,648"
1050,2021-07-14,台中市,29.2,"22,763"
1051,2021-07-16,台中市,29.9,"41,925"
1052,2021-07-17,台中市,28.5,"44,309"
1053,2021-07-18,台中市,28.9,"24,600"
1054,2021-07-20,台中市,28.1,"31,321"
1055,2021-07-21,台中市,29.0,"28,500"
1056,2021-07-22,台中市,29.3,"15,295"
1057,2021-07-23,台中市,28.2,"42,750"
1058,2021-07-24,台中市,28.4,"27,299"
1059,2021-07-25,台中市,28.6,"25,548"
1060,2021-07-27,台中市,28.0,"28,736"
1061,2021-07-28,台中市,28.7,"25,665"
1062,2021-07-29,台中市,28.4,"20,605"
1063,2021-01-01,豐原區,14.8,"13,224"
1064,2021-01-02,豐原區,14.6,"8,970"
1065,2021-01-03,豐原區,14.8,"9,170"
1066,2021-01-05,豐原區,15.1,"8,470"
1067,2021-01-07,豐原區,15.3,"12,450"
1068,2021-01-08,豐原區,14.5,"19,020"
1069,2021-01-09,豐原區,15.1,"6,760"
1070,2021-01-10,豐原區,14.1,"8,500"
1071,2021-01-12,豐原區,16.0,"9,265"
1072,2021-01-13,豐原區,14.7,"10,200"
1073,2021-01-14,豐原區,18.0,"5,850"
1074,2021-01-15,豐原區,16.0,"12,055"
1075,2021-01-16,豐原區,16.7,"2,700"
1076,2021-01-17,豐原區,18.0,"5,640"
1077,2021-01-19,豐原區,18.6,"3,060"
1078,2021-01-20,豐原區,18.9,"7,142"
1079,2021-01-21,豐原區,17.9,"7,560"
1080,2021-01-22,豐原區,17.7,"4,455"
1081,2021-01-23,豐原區,15.6,"5,595"
1082,2021-01-24,豐原區,15.0,"3,000"
1083,2021-01-26,豐原區,16.6,"7,165"
1084,2021-01-27,豐原區,16.0,"7,500"
1085,2021-01-28,豐原區,16.5,"14,430"
1086,2021-01-29,豐原區,17.3,"7,820"
1087,2021-01-30,豐原區,19.7,"3,785"
1088,2021-01-31,豐原區,18.7,"8,085"
1089,2021-02-02,豐原區,18.6,"7,260"
1090,2021-02-03,豐原區,14.8,"19,305"
1091,2021-02-04,豐原區,17.5,"12,000"
1092,2021-02-05,豐原區,18.8,"14,790"
1093,2021-02-06,豐原區,18.0,"11,640"
1094,2021-02-07,豐原區,19.0,"5,688"
1095,2021-02-08,豐原區,19.9,"13,407"
1096,2021-02-09,豐原區,20.1,"10,770"
1097,2021-02-10,豐原區,18.5,"11,871"
1098,2021-02-11,豐原區,18.8,"15,150"
1099,2021-02-17,豐原區,17.0,"13,311"
1100,2021-02-18,豐原區,20.5,"17,590"
1101,2021-02-19,豐原區,20.5,"17,590"
1102,2021-02-20,豐原區,19.9,"8,290"
1103,2021-02-21,豐原區,20.0,"9,140"
1104,2021-02-23,豐原區,21.9,"3,584"
1105,2021-02-25,豐原區,24.3,"6,249"
1106,2021-02-26,豐原區,20.1,"6,834"
1107,2021-02-27,豐原區,25.0,"6,000"
1108,2021-02-28,豐原區,21.4,"3,500"
1109,2021-03-02,豐原區,20.1,"6,728"
1110,2021-03-03,豐原區,20.1,"2,310"
1111,2021-03-04,豐原區,22.4,"6,550"
1112,2021-03-05,豐原區,21.8,"5,500"
1113,2021-03-06,豐原區,26.8,"4,911"
1114,2021-03-07,豐原區,23.4,"3,200"
1115,2021-03-09,豐原區,20.8,"7,200"
1116,2021-03-10,豐原區,22.1,"4,750"
1117,2021-03-11,豐原區,23.5,"8,360"
1118,2021-03-12,豐原區,25.2,"6,369"
1119,2021-03-13,豐原區,23.7,"7,306"
1120,2021-03-14,豐原區,23.8,"1,200"
1121,2021-03-16,豐原區,23.3,"8,842"
1122,2021-03-17,豐原區,24.4,"5,540"
1123,2021-03-18,豐原區,22.2,"6,680"
1124,2021-03-19,豐原區,21.4,"10,500"
1125,2021-03-20,豐原區,23.2,"4,380"
1126,2021-03-21,豐原區,22.5,"2,400"
1127,2021-03-23,豐原區,20.2,"6,554"
1128,2021-03-24,豐原區,19.1,"4,370"
1129,2021-03-25,豐原區,18.2,"9,900"
1130,2021-03-26,豐原區,19.5,"12,330"
1131,2021-03-27,豐原區,18.9,"1,590"
1132,2021-03-28,豐原區,19.2,"7,832"
1133,2021-03-30,豐原區,17.8,"6,810"
1134,2021-03-31,豐原區,18.4,"2,450"
1135,2021-04-01,豐原區,15.0,"8,700"
1136,2021-04-02,豐原區,16.0,"6,550"
1137,2021-04-03,豐原區,16.5,"3,940"
1138,2021-04-04,豐原區,15.6,"2,700"
1139,2021-04-06,豐原區,13.9,"9,955"
1140,2021-04-07,豐原區,14.1,"11,700"
1141,2021-04-08,豐原區,14.6,"7,200"
1142,2021-04-09,豐原區,14.8,"8,130"
1143,2021-04-10,豐原區,17.0,"5,300"
1144,2021-04-11,豐原區,15.8,"7,200"
1145,2021-04-13,豐原區,15.4,"16,250"
1146,2021-04-14,豐原區,15.8,"5,700"
1147,2021-04-15,豐原區,15.3,"12,630"
1148,2021-04-16,豐原區,15.5,"2,325"
1149,2021-04-17,豐原區,14.8,"13,870"
1150,2021-04-18,豐原區,14.1,"6,375"
1151,2021-04-20,豐原區,14.4,"11,690"
1152,2021-04-21,豐原區,15.6,"4,800"
1153,2021-04-22,豐原區,15.6,"4,800"
1154,2021-04-23,豐原區,14.9,"9,930"
1155,2021-04-24,豐原區,15.8,"2,850"
1156,2021-04-25,豐原區,15.2,"13,245"
1157,2021-04-27,豐原區,18.4,"10,594"
1158,2021-04-28,豐原區,18.6,"3,250"
1159,2021-04-29,豐原區,17.8,"7,580"
1160,2021-04-30,豐原區,18.1,"7,480"
1161,2021-05-01,豐原區,20.9,"1,940"
1162,2021-05-02,豐原區,19.5,"5,896"
1163,2021-05-04,豐原區,19.8,"8,433"
1164,2021-05-05,豐原區,20.7,"1,450"
1165,2021-05-06,豐原區,21.9,"4,860"
1166,2021-05-07,豐原區,20.8,"9,000"
1167,2021-05-08,豐原區,29.8,"3,705"
1168,2021-05-09,豐原區,24.2,"7,200"
1169,2021-05-11,豐原區,23.8,"5,310"
1170,2021-05-12,豐原區,22.2,"11,852"
1171,2021-05-13,豐原區,21.9,"4,820"
1172,2021-05-14,豐原區,22.4,"10,600"
1173,2021-05-15,豐原區,22.6,"4,650"
1174,2021-05-16,豐原區,22.6,"7,384"
1175,2021-05-18,豐原區,24.2,"11,783"
1176,2021-05-19,豐原區,21.4,"6,456"
1177,2021-05-20,豐原區,21.8,"8,820"
1178,2021-05-21,豐原區,18.2,"14,080"
1179,2021-05-22,豐原區,18.0,"6,464"
1180,2021-05-23,豐原區,16.8,"1,140"
1181,2021-05-25,豐原區,16.9,"15,560"
1182,2021-05-27,豐原區,16.0,"14,040"
1183,2021-05-28,豐原區,16.9,"14,778"
1184,2021-05-29,豐原區,20.8,"1,560"
1185,2021-05-30,豐原區,17.5,"2,400"
1186,2021-06-01,豐原區,19.3,"11,130"
1187,2021-06-02,豐原區,15.7,"6,225"
1188,2021-06-03,豐原區,16.0,"11,940"
1189,2021-06-04,豐原區,16.1,"12,660"
1190,2021-06-05,豐原區,17.7,"5,580"
1191,2021-06-06,豐原區,18.2,"2,640"
1192,2021-06-08,豐原區,17.6,"2,424"
1193,2021-06-09,豐原區,18.1,"7,287"
1194,2021-06-10,豐原區,16.4,"15,180"
1195,2021-06-11,豐原區,16.4,"12,338"
1196,2021-06-12,豐原區,19.4,"2,102"
1197,2021-06-13,豐原區,17.2,"13,068"
1198,2021-06-16,豐原區,21.4,"2,800"
1199,2021-06-17,豐原區,20.0,"10,934"
1200,2021-06-18,豐原區,20.6,"10,285"
1201,2021-06-19,豐原區,19.9,"6,890"
1202,2021-06-20,豐原區,21.8,"1,375"
1203,2021-06-22,豐原區,22.6,"6,534"
1204,2021-06-23,豐原區,20.7,"6,650"
1205,2021-06-24,豐原區,20.5,"13,000"
1206,2021-06-25,豐原區,22.0,"9,790"
1207,2021-06-26,豐原區,21.2,"6,980"
1208,2021-06-27,豐原區,23.8,"7,010"
1209,2021-06-29,豐原區,21.3,"9,198"
1210,2021-06-30,豐原區,19.0,"1,672"
1211,2021-07-01,豐原區,19.2,"9,950"
1212,2021-07-02,豐原區,20.3,"9,274"
1213,2021-07-03,豐原區,21.4,"2,185"
1214,2021-07-04,豐原區,23.8,"2,016"
1215,2021-07-06,豐原區,25.0,"10,200"
1216,2021-07-07,豐原區,23.2,"4,908"
1217,2021-07-08,豐原區,22.1,"9,110"
1218,2021-07-09,豐原區,20.4,"13,603"
1219,2021-07-10,豐原區,23.7,"3,800"
1220,2021-07-13,豐原區,27.4,"4,222"
1221,2021-07-14,豐原區,23.1,"1,300"
1222,2021-07-15,豐原區,22.0,"6,390"
1223,2021-07-16,豐原區,21.7,"11,090"
1224,2021-07-17,豐原區,23.3,"6,260"
1225,2021-07-18,豐原區,19.9,"2,248"
1226,2021-07-20,豐原區,24.2,"9,252"
1227,2021-07-21,豐原區,21.3,"6,775"
1228,2021-07-22,豐原區,22.8,"11,800"
1229,2021-07-23,豐原區,20.6,"6,080"
1230,2021-07-24,豐原區,22.0,"3,380"
1231,2021-07-25,豐原區,22.8,"1,880"
1232,2021-07-27,豐原區,21.1,"6,345"
1233,2021-07-28,豐原區,20.4,"2,028"
1234,2021-07-29,豐原區,21.9,"7,720"
1235,2021-01-11,東勢區,8.3,18
1236,2021-01-22,東勢區,16.6,12
1237,2021-01-25,東勢區,16.6,22
1238,2021-02-02,東勢區,16.6,22
1239,2021-02-04,東勢區,13.3,32
1240,2021-02-08,東勢區,16.6,50
1241,2021-02-27,東勢區,13.3,16
1242,2021-03-04,東勢區,16.6,14
1243,2021-03-09,東勢區,20.0,62
1244,2021-03-16,東勢區,18.0,35
1245,2021-03-22,東勢區,13.3,31
1246,2021-03-23,東勢區,16.6,19
1247,2021-03-25,東勢區,20.0,10
1248,2021-03-30,東勢區,20.0,16
1249,2021-04-01,東勢區,15.0,11
1250,2021-04-02,東勢區,16.6,60
1251,2021-04-06,東勢區,15.0,26
1252,2021-04-12,東勢區,21.6,38
1253,2021-04-15,東勢區,30.0,19
1254,2021-04-20,東勢區,15.5,64
1255,2021-04-26,東勢區,16.6,40
1256,2021-04-30,東勢區,21.6,26
1257,2021-05-04,東勢區,16.6,19
1258,2021-05-10,東勢區,16.2,44
1259,2021-05-18,東勢區,12.4,91
1260,2021-06-08,東勢區,25.0,13
1261,2021-06-18,東勢區,13.3,19
1262,2021-01-01,嘉義市,16.0,"4,000"
1263,2021-01-02,嘉義市,16.0,"4,000"
1264,2021-01-03,嘉義市,16.0,"3,500"
1265,2021-01-04,嘉義市,15.0,"4,000"
1266,2021-01-05,嘉義市,18.0,"3,900"
1267,2021-01-06,嘉義市,18.0,"4,000"
1268,2021-01-07,嘉義市,18.0,"3,700"
1269,2021-01-08,嘉義市,17.0,"4,000"
1270,2021-01-09,嘉義市,17.0,"3,800"
1271,2021-01-10,嘉義市,17.0,"3,700"
1272,2021-01-11,嘉義市,18.0,"4,200"
1273,2021-01-12,嘉義市,18.0,"4,000"
1274,2021-01-13,嘉義市,18.0,"3,500"
1275,2021-01-15,嘉義市,20.0,"3,700"
1276,2021-01-16,嘉義市,21.0,"3,500"
1277,2021-01-17,嘉義市,20.0,"3,200"
1278,2021-01-18,嘉義市,20.0,"3,500"
1279,2021-01-19,嘉義市,20.0,"3,800"
1280,2021-01-20,嘉義市,19.0,"4,000"
1281,2021-01-21,嘉義市,20.0,"3,800"
1282,2021-01-22,嘉義市,22.0,"3,700"
1283,2021-01-23,嘉義市,18.0,"3,500"
1284,2021-01-24,嘉義市,18.0,"3,500"
1285,2021-01-25,嘉義市,19.0,"4,000"
1286,2021-01-26,嘉義市,19.0,"3,900"
1287,2021-01-27,嘉義市,19.0,"3,500"
1288,2021-01-29,嘉義市,18.0,"4,000"
1289,2021-01-30,嘉義市,18.0,"3,500"
1290,2021-01-31,嘉義市,20.0,"3,000"
1291,2021-02-01,嘉義市,20.0,"3,800"
1292,2021-02-02,嘉義市,20.0,"4,000"
1293,2021-02-03,嘉義市,20.0,"4,200"
1294,2021-02-04,嘉義市,20.0,"4,100"
1295,2021-02-05,嘉義市,20.0,"4,500"
1296,2021-02-06,嘉義市,20.0,"4,200"
1297,2021-02-07,嘉義市,21.0,"4,000"
1298,2021-02-08,嘉義市,22.0,"4,500"
1299,2021-02-09,嘉義市,22.0,"4,300"
1300,2021-02-10,嘉義市,22.0,"4,500"
1301,2021-02-11,嘉義市,22.0,"2,800"
1302,2021-02-17,嘉義市,23.0,"3,800"
1303,2021-02-18,嘉義市,26.0,"3,700"
1304,2021-02-19,嘉義市,26.0,"3,500"
1305,2021-02-20,嘉義市,26.0,"3,000"
1306,2021-02-21,嘉義市,25.0,"3,500"
1307,2021-02-22,嘉義市,25.0,"3,700"
1308,2021-02-23,嘉義市,24.0,"4,200"
1309,2021-02-24,嘉義市,25.0,"4,500"
1310,2021-02-25,嘉義市,25.0,"4,000"
1311,2021-02-26,嘉義市,25.0,"3,500"
1312,2021-02-28,嘉義市,24.0,"2,800"
1313,2021-03-01,嘉義市,24.0,"3,700"
1314,2021-03-02,嘉義市,24.0,"4,300"
1315,2021-03-03,嘉義市,24.0,"3,800"
1316,2021-03-04,嘉義市,25.0,"3,000"
1317,2021-03-05,嘉義市,24.0,"3,600"
1318,2021-03-06,嘉義市,23.0,"3,500"
1319,2021-03-07,嘉義市,23.0,"3,200"
1320,2021-03-08,嘉義市,23.0,"3,400"
1321,2021-03-09,嘉義市,23.0,"3,500"
1322,2021-03-10,嘉義市,23.0,"3,000"
1323,2021-03-11,嘉義市,24.0,"3,200"
1324,2021-03-12,嘉義市,24.0,"3,500"
1325,2021-03-13,嘉義市,24.0,"3,000"
1326,2021-03-15,嘉義市,25.0,"3,500"
1327,2021-03-16,嘉義市,25.0,"2,700"
1328,2021-03-17,嘉義市,25.0,"2,700"
1329,2021-03-18,嘉義市,25.0,"2,600"
1330,2021-03-19,嘉義市,24.0,"2,800"
1331,2021-03-20,嘉義市,25.0,"2,500"
1332,2021-03-21,嘉義市,23.0,"2,400"
1333,2021-03-22,嘉義市,23.0,"2,800"
1334,2021-03-23,嘉義市,25.0,"2,700"
1335,2021-03-24,嘉義市,25.0,"3,000"
1336,2021-03-25,嘉義市,24.0,"3,200"
1337,2021-03-26,嘉義市,24.0,"3,500"
1338,2021-03-27,嘉義市,24.0,"3,000"
1339,2021-03-29,嘉義市,24.0,"2,700"
1340,2021-03-30,嘉義市,25.0,"2,500"
1341,2021-03-31,嘉義市,25.0,"2,700"
1342,2021-04-01,嘉義市,20.0,"3,200"
1343,2021-04-02,嘉義市,20.0,"3,500"
1344,2021-04-03,嘉義市,20.0,"2,600"
1345,2021-04-06,嘉義市,20.0,"3,000"
1346,2021-04-07,嘉義市,20.0,"3,200"
1347,2021-04-08,嘉義市,20.0,"3,500"
1348,2021-04-09,嘉義市,18.0,"4,000"
1349,2021-04-10,嘉義市,18.0,"3,500"
1350,2021-04-11,嘉義市,18.0,"3,200"
1351,2021-04-12,嘉義市,18.0,"3,000"
1352,2021-04-14,嘉義市,18.0,"3,500"
1353,2021-04-15,嘉義市,18.0,"3,200"
1354,2021-04-16,嘉義市,18.0,"4,000"
1355,2021-04-17,嘉義市,18.0,"3,300"
1356,2021-04-18,嘉義市,18.0,"3,000"
1357,2021-04-19,嘉義市,17.0,"3,200"
1358,2021-04-20,嘉義市,17.0,"3,500"
1359,2021-04-21,嘉義市,17.0,"3,600"
1360,2021-04-22,嘉義市,18.0,"3,000"
1361,2021-04-23,嘉義市,17.0,"3,800"
1362,2021-04-24,嘉義市,17.0,"3,500"
1363,2021-04-25,嘉義市,18.0,"3,000"
1364,2021-04-26,嘉義市,18.0,"2,800"
1365,2021-04-28,嘉義市,19.0,"3,000"
1366,2021-04-29,嘉義市,21.0,"2,800"
1367,2021-04-30,嘉義市,20.0,"2,700"
1368,2021-05-01,嘉義市,20.0,"2,600"
1369,2021-05-02,嘉義市,20.0,"2,500"
1370,2021-05-03,嘉義市,22.0,"2,800"
1371,2021-05-04,嘉義市,22.0,"3,000"
1372,2021-05-05,嘉義市,23.0,"3,200"
1373,2021-05-06,嘉義市,23.0,"3,100"
1374,2021-05-07,嘉義市,28.0,"3,000"
1375,2021-05-08,嘉義市,28.0,"3,000"
1376,2021-05-09,嘉義市,28.0,"2,500"
1377,2021-05-10,嘉義市,28.0,"3,300"
1378,2021-05-11,嘉義市,28.0,"3,500"
1379,2021-05-12,嘉義市,28.0,"2,700"
1380,2021-05-14,嘉義市,30.0,"2,600"
1381,2021-05-15,嘉義市,28.0,"2,700"
1382,2021-05-16,嘉義市,28.0,"2,500"
1383,2021-05-17,嘉義市,26.0,"2,600"
1384,2021-05-18,嘉義市,26.0,"2,800"
1385,2021-05-19,嘉義市,26.0,"2,900"
1386,2021-05-20,嘉義市,25.0,"3,000"
1387,2021-05-21,嘉義市,22.0,"3,800"
1388,2021-05-22,嘉義市,22.0,"4,000"
1389,2021-05-23,嘉義市,22.0,"3,500"
1390,2021-05-24,嘉義市,20.0,"4,600"
1391,2021-05-25,嘉義市,20.0,"4,800"
1392,2021-05-26,嘉義市,19.0,"4,000"
1393,2021-05-28,嘉義市,17.0,"3,000"
1394,2021-05-29,嘉義市,16.0,"2,300"
1395,2021-05-30,嘉義市,18.0,"2,000"
1396,2021-05-31,嘉義市,18.0,"2,200"
1397,2021-06-01,嘉義市,17.0,"2,000"
1398,2021-06-02,嘉義市,17.0,"2,200"
1399,2021-06-03,嘉義市,17.0,"2,000"
1400,2021-06-04,嘉義市,17.0,"1,800"
1401,2021-06-05,嘉義市,17.0,"1,500"
1402,2021-06-06,嘉義市,17.0,"1,600"
1403,2021-06-07,嘉義市,18.0,"2,000"
1404,2021-06-08,嘉義市,18.0,"2,300"
1405,2021-06-09,嘉義市,16.0,"2,300"
1406,2021-06-10,嘉義市,18.0,"2,400"
1407,2021-06-11,嘉義市,18.0,"2,000"
1408,2021-06-12,嘉義市,18.0,"1,700"
1409,2021-06-15,嘉義市,19.0,"1,800"
1410,2021-06-16,嘉義市,20.0,"2,000"
1411,2021-06-17,嘉義市,20.0,"1,800"
1412,2021-06-18,嘉義市,25.0,"1,500"
1413,2021-06-19,嘉義市,25.0,"1,300"
1414,2021-06-20,嘉義市,25.0,"1,200"
1415,2021-06-21,嘉義市,25.0,"1,500"
1416,2021-06-22,嘉義市,24.0,"1,800"
1417,2021-06-23,嘉義市,24.0,"1,400"
1418,2021-06-24,嘉義市,22.0,"1,200"
1419,2021-06-26,嘉義市,22.0,"1,500"
1420,2021-06-27,嘉義市,23.0,"1,300"
1421,2021-06-28,嘉義市,23.0,"1,500"
1422,2021-06-29,嘉義市,22.0,"1,500"
1423,2021-06-30,嘉義市,23.0,"1,200"
1424,2021-07-01,嘉義市,25.0,"1,300"
1425,2021-07-02,嘉義市,22.0,"1,500"
1426,2021-07-03,嘉義市,23.0,"1,200"
1427,2021-07-04,嘉義市,22.0,"1,000"
1428,2021-07-05,嘉義市,23.0,"1,200"
1429,2021-07-06,嘉義市,23.0,"1,300"
1430,2021-07-07,嘉義市,25.0,"1,500"
1431,2021-07-08,嘉義市,25.0,"1,400"
1432,2021-07-09,嘉義市,25.0,"1,300"
1433,2021-07-10,嘉義市,25.0,"1,200"
1434,2021-07-12,嘉義市,26.0,"1,500"
1435,2021-07-13,嘉義市,26.0,"1,800"
1436,2021-07-14,嘉義市,26.0,"1,600"
1437,2021-07-15,嘉義市,26.0,"1,300"
1438,2021-07-16,嘉義市,25.0,"1,200"
1439,2021-07-17,嘉義市,23.0,"1,300"
1440,2021-07-18,嘉義市,23.0,"1,200"
1441,2021-07-19,嘉義市,25.0,"1,500"
1442,2021-07-20,嘉義市,24.0,"1,300"
1443,2021-07-21,嘉義市,25.0,"1,600"
1444,2021-07-22,嘉義市,25.0,"1,500"
1445,2021-07-23,嘉義市,25.0,"1,300"
1446,2021-07-24,嘉義市,24.0,"1,200"
1447,2021-07-26,嘉義市,24.0,"1,500"
1448,2021-07-27,嘉義市,24.0,"1,400"
1449,2021-07-28,嘉義市,24.0,"1,500"
1450,2021-01-01,高雄市,20.9,"7,410"
1451,2021-01-02,高雄市,20.6,"4,470"
1452,2021-01-03,高雄市,20.7,"4,140"
1453,2021-01-05,高雄市,20.9,"4,440"
1454,2021-01-06,高雄市,21.1,"3,630"
1455,2021-01-07,高雄市,19.5,"3,500"
1456,2021-01-08,高雄市,21.3,"2,310"
1457,2021-01-09,高雄市,19.9,"4,905"
1458,2021-01-10,高雄市,21.3,"4,489"
1459,2021-01-12,高雄市,21.5,"5,565"
1460,2021-01-13,高雄市,20.0,"4,400"
1461,2021-01-14,高雄市,20.0,"4,000"
1462,2021-01-15,高雄市,20.9,"4,080"
1463,2021-01-16,高雄市,20.6,"4,900"
1464,2021-01-17,高雄市,21.7,"3,260"
1465,2021-01-19,高雄市,23.4,"5,280"
1466,2021-01-20,高雄市,21.5,"3,950"
1467,2021-01-21,高雄市,22.1,"3,800"
1468,2021-01-22,高雄市,22.7,"4,395"
1469,2021-01-23,高雄市,22.0,"4,425"
1470,2021-01-24,高雄市,22.8,"3,285"
1471,2021-01-26,高雄市,23.1,"6,400"
1472,2021-01-27,高雄市,23.6,"4,665"
1473,2021-01-28,高雄市,23.0,"4,455"
1474,2021-01-29,高雄市,22.2,"4,700"
1475,2021-01-30,高雄市,22.1,"4,650"
1476,2021-01-31,高雄市,22.3,"4,800"
1477,2021-02-02,高雄市,23.3,"3,720"
1478,2021-02-03,高雄市,24.8,"4,410"
1479,2021-02-04,高雄市,25.5,"4,260"
1480,2021-02-05,高雄市,25.3,"4,350"
1481,2021-02-06,高雄市,25.1,"3,690"
1482,2021-02-07,高雄市,26.7,"2,460"
1483,2021-02-08,高雄市,27.4,"3,690"
1484,2021-02-09,高雄市,29.1,"1,980"
1485,2021-02-10,高雄市,29.1,"8,520"
1486,2021-02-11,高雄市,28.8,"3,000"
1487,2021-02-17,高雄市,26.9,"4,200"
1488,2021-02-18,高雄市,28.2,"4,230"
1489,2021-02-19,高雄市,27.6,"5,070"
1490,2021-02-20,高雄市,28.1,"3,270"
1491,2021-02-21,高雄市,28.2,"2,475"
1492,2021-02-23,高雄市,29.1,"4,380"
1493,2021-02-24,高雄市,29.1,"3,420"
1494,2021-02-25,高雄市,31.9,"6,000"
1495,2021-02-26,高雄市,32.0,"4,395"
1496,2021-02-27,高雄市,29.3,900
1497,2021-03-02,高雄市,28.2,"3,405"
1498,2021-03-03,高雄市,25.9,"4,020"
1499,2021-03-04,高雄市,25.6,"4,005"
1500,2021-03-05,高雄市,28.0,"4,395"
1501,2021-03-06,高雄市,27.2,"4,155"
1502,2021-03-07,高雄市,27.7,"4,080"
1503,2021-03-09,高雄市,28.2,"3,120"
1504,2021-03-10,高雄市,28.5,"3,105"
1505,2021-03-11,高雄市,25.9,"3,800"
1506,2021-03-12,高雄市,28.1,"5,430"
1507,2021-03-13,高雄市,27.4,"4,450"
1508,2021-03-14,高雄市,27.0,"3,750"
1509,2021-03-16,高雄市,28.2,"4,440"
1510,2021-03-17,高雄市,26.4,"5,430"
1511,2021-03-18,高雄市,26.3,"3,600"
1512,2021-03-19,高雄市,28.0,"3,990"
1513,2021-03-20,高雄市,27.2,"5,003"
1514,2021-03-21,高雄市,28.2,"4,380"
1515,2021-03-23,高雄市,28.1,"5,640"
1516,2021-03-24,高雄市,28.3,"5,010"
1517,2021-03-25,高雄市,26.3,"4,500"
1518,2021-03-26,高雄市,28.4,"7,515"
1519,2021-03-27,高雄市,26.1,"4,255"
1520,2021-03-28,高雄市,25.8,"3,600"
1521,2021-03-30,高雄市,28.5,"6,690"
1522,2021-03-31,高雄市,28.3,"4,740"
1523,2021-04-01,高雄市,27.1,"4,155"
1524,2021-04-02,高雄市,26.8,"4,410"
1525,2021-04-03,高雄市,27.3,"4,290"
1526,2021-04-04,高雄市,25.4,"2,910"
1527,2021-04-07,高雄市,21.3,"4,950"
1528,2021-04-08,高雄市,20.5,"3,570"
1529,2021-04-09,高雄市,24.0,"5,050"
1530,2021-04-10,高雄市,25.3,"5,310"
1531,2021-04-11,高雄市,22.3,"4,800"
1532,2021-04-13,高雄市,23.2,"3,630"
1533,2021-04-14,高雄市,21.6,"4,140"
1534,2021-04-15,高雄市,23.2,"3,450"
1535,2021-04-16,高雄市,22.3,"3,780"
1536,2021-04-17,高雄市,22.0,"3,435"
1537,2021-04-18,高雄市,21.5,"3,450"
1538,2021-04-20,高雄市,21.8,"4,500"
1539,2021-04-21,高雄市,21.5,"4,572"
1540,2021-04-22,高雄市,22.2,"3,800"
1541,2021-04-23,高雄市,22.1,"3,945"
1542,2021-04-24,高雄市,25.0,"3,525"
1543,2021-04-25,高雄市,25.2,"5,880"
1544,2021-04-27,高雄市,23.4,"5,450"
1545,2021-04-28,高雄市,24.6,"2,970"
1546,2021-04-29,高雄市,25.0,"3,360"
1547,2021-04-30,高雄市,24.9,"3,750"
1548,2021-05-01,高雄市,25.1,"3,870"
1549,2021-05-02,高雄市,25.2,"2,430"
1550,2021-05-04,高雄市,25.2,"5,375"
1551,2021-05-05,高雄市,24.8,"4,470"
1552,2021-05-06,高雄市,24.6,"3,240"
1553,2021-05-07,高雄市,28.3,"3,690"
1554,2021-05-08,高雄市,27.7,"4,335"
1555,2021-05-09,高雄市,27.6,"3,705"
1556,2021-05-11,高雄市,29.4,"5,415"
1557,2021-05-12,高雄市,29.2,"3,120"
1558,2021-05-13,高雄市,27.2,"4,675"
1559,2021-05-14,高雄市,30.4,"2,190"
1560,2021-05-15,高雄市,30.3,"3,660"
1561,2021-05-16,高雄市,30.6,"3,270"
1562,2021-05-18,高雄市,30.5,"3,795"
1563,2021-05-19,高雄市,28.0,"4,070"
1564,2021-05-20,高雄市,25.8,"2,930"
1565,2021-05-21,高雄市,30.2,"3,000"
1566,2021-05-22,高雄市,29.6,"3,775"
1567,2021-05-23,高雄市,28.3,"2,790"
1568,2021-05-25,高雄市,30.5,"5,415"
1569,2021-05-26,高雄市,29.2,"3,800"
1570,2021-05-27,高雄市,28.3,"2,950"
1571,2021-05-28,高雄市,27.0,"2,595"
1572,2021-05-29,高雄市,28.1,"2,900"
1573,2021-05-30,高雄市,26.2,"2,900"
1574,2021-06-01,高雄市,25.5,"2,500"
1575,2021-06-02,高雄市,24.7,"2,100"
1576,2021-06-03,高雄市,24.0,"2,500"
1577,2021-06-04,高雄市,25.3,"2,245"
1578,2021-06-05,高雄市,23.1,"3,310"
1579,2021-06-06,高雄市,24.8,"2,095"
1580,2021-06-08,高雄市,23.9,"3,175"
1581,2021-06-09,高雄市,24.5,"4,365"
1582,2021-06-10,高雄市,23.3,"3,370"
1583,2021-06-11,高雄市,23.3,"2,650"
1584,2021-06-12,高雄市,24.2,"2,455"
1585,2021-06-13,高雄市,23.2,"3,500"
1586,2021-06-14,高雄市,24.4,"3,025"
1587,2021-06-17,高雄市,24.7,"2,650"
1588,2021-06-18,高雄市,24.5,"2,550"
1589,2021-06-19,高雄市,22.7,"3,090"
1590,2021-06-20,高雄市,24.3,"2,895"
1591,2021-06-22,高雄市,24.9,"2,650"
1592,2021-06-23,高雄市,27.6,"5,340"
1593,2021-06-24,高雄市,26.4,"1,700"
1594,2021-06-25,高雄市,27.5,"2,300"
1595,2021-06-26,高雄市,29.4,"2,485"
1596,2021-06-27,高雄市,29.0,"2,860"
1597,2021-06-29,高雄市,30.4,"2,725"
1598,2021-06-30,高雄市,28.9,"2,825"
1599,2021-07-01,高雄市,28.9,"2,650"
1600,2021-07-02,高雄市,28.8,"2,650"
1601,2021-07-03,高雄市,28.2,"3,450"
1602,2021-07-04,高雄市,28.6,"2,620"
1603,2021-07-06,高雄市,29.0,"3,135"
1604,2021-07-07,高雄市,31.2,"2,500"
1605,2021-07-08,高雄市,30.5,"2,775"
1606,2021-07-09,高雄市,33.9,"4,260"
1607,2021-07-10,高雄市,31.5,"3,250"
1608,2021-07-11,高雄市,32.9,"3,525"
1609,2021-07-13,高雄市,32.4,"3,150"
1610,2021-07-14,高雄市,31.6,"2,760"
1611,2021-07-15,高雄市,31.3,"2,900"
1612,2021-07-16,高雄市,31.7,"2,565"
1613,2021-07-17,高雄市,34.3,"3,225"
1614,2021-07-18,高雄市,32.0,"3,145"
1615,2021-07-20,高雄市,33.1,"3,450"
1616,2021-07-21,高雄市,31.4,"2,775"
1617,2021-07-22,高雄市,31.1,"2,775"
1618,2021-07-23,高雄市,34.0,"5,085"
1619,2021-07-24,高雄市,33.7,"3,525"
1620,2021-07-25,高雄市,32.6,"3,300"
1621,2021-07-27,高雄市,31.6,"3,250"
1622,2021-07-28,高雄市,31.2,"2,775"
1623,2021-07-29,高雄市,32.3,"2,475"
1624,2021-01-01,鳳山區,12.8,"5,000"
1625,2021-01-02,鳳山區,12.8,"10,350"
1626,2021-01-03,鳳山區,14.2,"5,370"
1627,2021-01-05,鳳山區,14.3,"4,490"
1628,2021-01-06,鳳山區,14.3,"4,490"
1629,2021-01-07,鳳山區,14.3,"4,470"
1630,2021-01-08,鳳山區,13.6,"4,710"
1631,2021-01-09,鳳山區,14.3,"4,470"
1632,2021-01-10,鳳山區,13.6,"4,710"
1633,2021-01-12,鳳山區,13.3,"18,580"
1634,2021-01-13,鳳山區,14.4,"9,700"
1635,2021-01-14,鳳山區,13.8,"13,310"
1636,2021-01-16,鳳山區,12.4,"6,060"
1637,2021-01-17,鳳山區,12.8,"8,100"
1638,2021-01-19,鳳山區,17.3,"8,920"
1639,2021-01-20,鳳山區,16.2,"11,340"
1640,2021-01-21,鳳山區,15.7,"9,410"
1641,2021-01-22,鳳山區,17.4,"10,350"
1642,2021-01-23,鳳山區,16.6,"3,990"
1643,2021-01-24,鳳山區,15.1,"10,050"
1644,2021-01-26,鳳山區,16.1,"8,960"
1645,2021-01-27,鳳山區,15.9,"9,410"
1646,2021-01-28,鳳山區,16.3,"11,280"
1647,2021-01-30,鳳山區,16.7,"11,840"
1648,2021-01-31,鳳山區,17.5,"12,830"
1649,2021-02-02,鳳山區,17.3,"8,810"
1650,2021-02-03,鳳山區,16.4,"11,900"
1651,2021-02-04,鳳山區,19.3,"14,170"
1652,2021-02-05,鳳山區,20.5,"16,180"
1653,2021-02-06,鳳山區,19.9,"23,550"
1654,2021-02-07,鳳山區,20.0,"16,960"
1655,2021-02-08,鳳山區,22.0,"11,520"
1656,2021-02-09,鳳山區,21.6,"10,020"
1657,2021-02-10,鳳山區,25.6,"9,730"
1658,2021-02-11,鳳山區,23.1,"17,950"
1659,2021-02-17,鳳山區,22.5,"6,760"
1660,2021-02-18,鳳山區,22.4,"13,560"
1661,2021-02-19,鳳山區,22.0,"6,550"
1662,2021-02-21,鳳山區,22.5,"13,890"
1663,2021-02-23,鳳山區,20.2,"6,930"
1664,2021-02-24,鳳山區,23.6,"15,650"
1665,2021-02-25,鳳山區,23.5,"6,140"
1666,2021-02-26,鳳山區,25.8,"15,180"
1667,2021-02-27,鳳山區,26.1,"14,090"
1668,2021-03-02,鳳山區,22.7,"8,450"
1669,2021-03-03,鳳山區,23.6,"8,860"
1670,2021-03-04,鳳山區,18.6,"11,060"
1671,2021-03-05,鳳山區,20.0,"16,500"
1672,2021-03-06,鳳山區,22.1,"16,300"
1673,2021-03-07,鳳山區,21.7,"10,330"
1674,2021-03-09,鳳山區,22.3,"11,130"
1675,2021-03-10,鳳山區,20.9,"10,740"
1676,2021-03-11,鳳山區,22.6,"13,650"
1677,2021-03-12,鳳山區,22.0,"13,270"
1678,2021-03-13,鳳山區,21.2,"10,670"
1679,2021-03-14,鳳山區,21.7,"13,860"
1680,2021-03-16,鳳山區,18.1,"12,150"
1681,2021-03-17,鳳山區,22.4,"14,390"
1682,2021-03-18,鳳山區,19.4,"14,090"
1683,2021-03-19,鳳山區,20.0,"14,390"
1684,2021-03-20,鳳山區,20.5,"17,680"
1685,2021-03-21,鳳山區,17.8,"18,190"
1686,2021-03-23,鳳山區,20.3,"18,870"
1687,2021-03-24,鳳山區,20.1,"9,560"
1688,2021-03-25,鳳山區,19.8,"19,170"
1689,2021-03-26,鳳山區,20.0,"6,400"
1690,2021-03-27,鳳山區,20.1,"19,470"
1691,2021-03-28,鳳山區,19.3,"19,650"
1692,2021-03-30,鳳山區,18.4,"15,080"
1693,2021-03-31,鳳山區,19.4,"12,340"
1694,2021-04-01,鳳山區,19.9,"23,310"
1695,2021-04-02,鳳山區,17.1,"26,590"
1696,2021-04-03,鳳山區,17.7,"24,820"
1697,2021-04-04,鳳山區,18.3,"24,230"
1698,2021-04-07,鳳山區,10.5,"25,170"
1699,2021-04-08,鳳山區,12.7,"16,190"
1700,2021-04-09,鳳山區,11.1,"28,590"
1701,2021-04-10,鳳山區,15.3,"28,200"
1702,2021-04-11,鳳山區,18.3,"25,860"
1703,2021-04-13,鳳山區,14.4,"19,800"
1704,2021-04-15,鳳山區,16.2,"22,710"
1705,2021-04-16,鳳山區,16.1,"28,520"
1706,2021-04-17,鳳山區,14.5,"30,960"
1707,2021-04-18,鳳山區,13.6,"22,280"
1708,2021-04-20,鳳山區,13.6,"26,550"
1709,2021-04-21,鳳山區,14.8,"25,450"
1710,2021-04-22,鳳山區,13.7,"17,580"
1711,2021-04-23,鳳山區,15.1,"25,420"
1712,2021-04-24,鳳山區,13.8,"22,840"
1713,2021-04-25,鳳山區,18.4,"23,990"
1714,2021-04-27,鳳山區,16.2,"22,940"
1715,2021-04-29,鳳山區,19.3,"16,160"
1716,2021-04-30,鳳山區,18.3,"14,010"
1717,2021-05-01,鳳山區,19.7,"11,180"
1718,2021-05-02,鳳山區,19.6,"14,490"
1719,2021-05-04,鳳山區,18.2,"4,170"
1720,2021-05-05,鳳山區,18.5,"4,330"
1721,2021-05-06,鳳山區,18.1,"20,850"
1722,2021-05-07,鳳山區,19.2,"19,320"
1723,2021-05-08,鳳山區,21.3,"17,570"
1724,2021-05-09,鳳山區,21.3,"15,000"
1725,2021-05-11,鳳山區,20.3,"6,850"
1726,2021-05-12,鳳山區,19.3,"3,320"
1727,2021-05-13,鳳山區,21.8,"13,490"
1728,2021-05-15,鳳山區,20.6,"15,310"
1729,2021-05-16,鳳山區,21.1,"17,250"
1730,2021-05-18,鳳山區,21.3,"6,010"
1731,2021-05-19,鳳山區,21.3,"3,560"
1732,2021-05-20,鳳山區,17.6,"27,070"
1733,2021-05-21,鳳山區,17.0,"18,490"
1734,2021-05-22,鳳山區,20.9,"20,900"
1735,2021-05-23,鳳山區,22.3,"13,440"
1736,2021-05-25,鳳山區,20.3,"11,530"
1737,2021-05-26,鳳山區,22.7,"13,260"
1738,2021-05-27,鳳山區,20.5,"11,730"
1739,2021-05-29,鳳山區,19.9,"11,040"
1740,2021-05-30,鳳山區,20.0,"4,000"
1741,2021-06-01,鳳山區,15.3,"15,660"
1742,2021-06-02,鳳山區,15.1,"19,830"
1743,2021-06-04,鳳山區,14.0,"14,830"
1744,2021-06-05,鳳山區,14.2,"15,780"
1745,2021-06-06,鳳山區,13.4,"10,760"
1746,2021-06-08,鳳山區,12.6,"5,400"
1747,2021-06-09,鳳山區,12.8,"5,190"
1748,2021-06-10,鳳山區,14.6,"26,260"
1749,2021-06-11,鳳山區,14.4,"36,490"
1750,2021-06-12,鳳山區,14.5,"21,720"
1751,2021-06-13,鳳山區,14.0,"26,910"
1752,2021-06-14,鳳山區,14.3,"16,510"
1753,2021-06-17,鳳山區,14.6,"23,300"
1754,2021-06-18,鳳山區,15.0,"15,990"
1755,2021-06-19,鳳山區,14.2,"27,840"
1756,2021-06-20,鳳山區,14.1,"15,850"
1757,2021-06-22,鳳山區,19.5,"4,510"
1758,2021-06-23,鳳山區,15.8,"4,060"
1759,2021-06-24,鳳山區,18.3,"29,500"
1760,2021-06-25,鳳山區,22.1,"3,990"
1761,2021-06-26,鳳山區,18.9,"10,290"
1762,2021-06-27,鳳山區,21.9,"3,290"
1763,2021-06-29,鳳山區,22.0,"7,280"
1764,2021-07-01,鳳山區,18.6,"11,020"
1765,2021-07-02,鳳山區,19.5,"18,600"
1766,2021-07-03,鳳山區,19.4,"15,760"
1767,2021-07-04,鳳山區,19.7,"22,630"
1768,2021-07-06,鳳山區,19.9,"15,050"
1769,2021-07-07,鳳山區,20.5,"7,820"
1770,2021-07-08,鳳山區,21.7,"3,510"
1771,2021-07-09,鳳山區,21.7,"12,090"
1772,2021-07-10,鳳山區,25.2,"12,080"
1773,2021-07-11,鳳山區,22.9,"15,790"
1774,2021-07-13,鳳山區,23.2,"10,120"
1775,2021-07-14,鳳山區,22.8,"9,830"
1776,2021-07-15,鳳山區,19.7,"16,120"
1777,2021-07-16,鳳山區,23.4,"10,180"
1778,2021-07-17,鳳山區,22.8,"13,070"
1779,2021-07-18,鳳山區,23.9,"6,610"
1780,2021-07-20,鳳山區,24.2,"6,600"
1781,2021-07-21,鳳山區,22.6,"6,370"
1782,2021-07-23,鳳山區,24.5,"8,620"
1783,2021-07-24,鳳山區,25.6,"9,390"
1784,2021-07-25,鳳山區,23.9,"12,560"
1785,2021-07-28,鳳山區,22.9,"5,980"
1786,2021-01-01,台東市,15.2,"2,059"
1787,2021-01-02,台東市,13.1,"2,895"
1788,2021-01-03,台東市,11.7,"2,085"
1789,2021-01-05,台東市,14.8,"1,758"
1790,2021-01-06,台東市,15.2,"2,820"
1791,2021-01-07,台東市,16.5,"3,323"
1792,2021-01-08,台東市,14.7,"2,558"
1793,2021-01-09,台東市,16.7,"2,023"
1794,2021-01-10,台東市,14.7,"1,556"
1795,2021-01-12,台東市,13.4,"2,085"
1796,2021-01-13,台東市,14.8,"2,428"
1797,2021-01-14,台東市,13.7,"2,002"
1798,2021-01-16,台東市,15.5,"2,643"
1799,2021-01-17,台東市,18.7,"3,025"
1800,2021-01-19,台東市,15.8,"2,253"
1801,2021-01-20,台東市,16.8,"2,443"
1802,2021-01-21,台東市,17.8,"1,980"
1803,2021-01-22,台東市,16.4,"2,520"
1804,2021-01-23,台東市,15.2,"2,243"
1805,2021-01-24,台東市,18.5,"2,665"
1806,2021-01-26,台東市,15.5,"2,057"
1807,2021-01-27,台東市,16.2,"1,885"
1808,2021-01-28,台東市,17.8,"1,505"
1809,2021-01-29,台東市,17.1,"1,668"
1810,2021-01-30,台東市,17.9,"2,588"
1811,2021-01-31,台東市,16.5,"2,001"
1812,2021-02-02,台東市,15.8,"1,523"
1813,2021-02-03,台東市,16.2,"3,225"
1814,2021-02-04,台東市,15.8,"2,985"
1815,2021-02-05,台東市,14.7,"3,325"
1816,2021-02-06,台東市,15.8,"1,895"
1817,2021-02-07,台東市,15.2,"2,552"
1818,2021-02-08,台東市,16.7,"3,548"
1819,2021-02-09,台東市,20.8,"4,088"
1820,2021-02-10,台東市,21.7,"4,578"
1821,2021-02-11,台東市,24.3,"3,212"
1822,2021-02-18,台東市,20.8,"1,536"
1823,2021-02-19,台東市,21.7,"1,325"
1824,2021-02-20,台東市,19.8,"1,653"
1825,2021-02-21,台東市,21.2,"1,653"
1826,2021-02-23,台東市,18.5,"1,423"
1827,2021-02-24,台東市,17.8,"2,022"
1828,2021-02-25,台東市,16.7,"1,536"
1829,2021-02-26,台東市,14.8,"2,023"
1830,2021-03-02,台東市,13.7,"2,553"
1831,2021-03-03,台東市,13.2,"3,023"
1832,2021-03-04,台東市,14.8,"3,525"
1833,2021-03-05,台東市,15.7,"2,105"
1834,2021-03-06,台東市,18.2,"2,895"
1835,2021-03-07,台東市,14.8,"1,586"
1836,2021-03-09,台東市,15.8,"2,859"
1837,2021-03-10,台東市,21.8,"2,114"
1838,2021-03-11,台東市,19.7,"2,583"
1839,2021-03-12,台東市,20.5,"3,369"
1840,2021-03-13,台東市,22.3,"4,058"
1841,2021-03-14,台東市,23.3,"3,520"
1842,2021-03-16,台東市,20.8,"3,885"
1843,2021-03-17,台東市,23.2,"2,523"
1844,2021-03-18,台東市,19.6,"2,003"
1845,2021-03-19,台東市,21.5,"2,236"
1846,2021-03-20,台東市,18.5,"3,352"
1847,2021-03-21,台東市,19.1,"2,008"
1848,2021-03-23,台東市,20.1,"1,586"
1849,2021-03-24,台東市,21.8,"2,853"
1850,2021-03-25,台東市,19.7,"2,354"
1851,2021-03-26,台東市,23.9,"3,489"
1852,2021-03-27,台東市,20.7,"4,457"
1853,2021-03-28,台東市,23.7,"2,524"
1854,2021-03-30,台東市,19.7,"5,369"
1855,2021-03-31,台東市,18.6,"5,836"
1856,2021-04-01,台東市,17.5,"4,869"
1857,2021-04-02,台東市,19.4,"5,228"
1858,2021-04-03,台東市,16.8,"3,869"
1859,2021-04-04,台東市,16.2,"2,857"
1860,2021-04-07,台東市,18.6,"1,858"
1861,2021-04-08,台東市,22.3,"2,008"
1862,2021-04-09,台東市,17.5,"3,028"
1863,2021-04-10,台東市,19.3,"2,248"
1864,2021-04-11,台東市,18.7,"1,885"
1865,2021-04-13,台東市,16.8,"2,285"
1866,2021-04-14,台東市,22.8,"1,536"
1867,2021-04-15,台東市,21.4,"3,185"
1868,2021-04-16,台東市,18.9,"2,325"
1869,2021-04-17,台東市,19.1,"1,857"
1870,2021-04-18,台東市,18.7,"2,325"
1871,2021-04-20,台東市,18.2,"3,566"
1872,2021-04-21,台東市,16.7,"4,586"
1873,2021-04-22,台東市,15.7,"4,228"
1874,2021-04-23,台東市,16.9,"2,545"
1875,2021-04-24,台東市,18.6,"3,583"
1876,2021-04-25,台東市,19.7,"4,285"
1877,2021-04-27,台東市,17.5,"3,258"
1878,2021-04-28,台東市,17.5,"2,208"
1879,2021-04-29,台東市,18.6,"1,885"
1880,2021-04-30,台東市,17.9,"2,042"
1881,2021-05-01,台東市,18.5,"2,857"
1882,2021-05-02,台東市,17.1,"3,002"
1883,2021-05-04,台東市,16.8,"4,563"
1884,2021-05-05,台東市,17.3,"2,887"
1885,2021-05-06,台東市,18.5,"3,330"
1886,2021-05-07,台東市,15.3,"4,420"
1887,2021-05-08,台東市,17.2,"3,560"
1888,2021-05-09,台東市,18.5,"2,314"
1889,2021-05-11,台東市,20.1,"3,058"
1890,2021-05-12,台東市,23.5,"2,579"
1891,2021-05-13,台東市,20.8,"3,285"
1892,2021-05-14,台東市,16.8,"4,203"
1893,2021-05-15,台東市,17.2,"2,128"
1894,2021-05-16,台東市,21.4,"3,365"
1895,2021-05-18,台東市,21.3,"3,058"
1896,2021-05-19,台東市,23.4,"1,868"
1897,2021-05-20,台東市,16.7,"1,857"
1898,2021-05-21,台東市,14.8,"2,975"
1899,2021-05-22,台東市,22.7,"3,230"
1900,2021-05-23,台東市,23.1,"2,485"
1901,2021-05-25,台東市,20.8,"3,458"
1902,2021-05-26,台東市,22.6,"2,485"
1903,2021-05-27,台東市,19.4,"3,528"
1904,2021-05-28,台東市,17.1,"2,457"
1905,2021-05-29,台東市,21.5,"3,253"
1906,2021-05-30,台東市,23.4,"2,485"
1907,2021-06-01,台東市,16.8,"4,857"
1908,2021-06-02,台東市,17.9,"3,256"
1909,2021-06-03,台東市,19.7,"4,085"
1910,2021-06-04,台東市,21.5,"2,785"
1911,2021-06-05,台東市,24.3,"2,085"
1912,2021-06-06,台東市,23.5,"3,078"
1913,2021-06-08,台東市,20.7,"3,115"
1914,2021-06-09,台東市,21.2,"2,885"
1915,2021-06-10,台東市,18.7,"3,885"
1916,2021-06-11,台東市,20.7,"4,522"
1917,2021-06-12,台東市,22.8,"3,007"
1918,2021-06-13,台東市,27.9,"3,558"
1919,2021-06-14,台東市,22.9,"2,857"
1920,2021-06-17,台東市,20.8,"3,052"
1921,2021-06-18,台東市,22.9,"3,569"
1922,2021-06-19,台東市,25.3,"2,085"
1923,2021-06-20,台東市,22.8,"2,653"
1924,2021-06-22,台東市,23.4,"3,102"
1925,2021-06-23,台東市,25.8,"2,968"
1926,2021-06-24,台東市,26.8,"1,965"
1927,2021-06-25,台東市,23.9,"2,329"
1928,2021-06-26,台東市,20.8,"3,052"
1929,2021-06-27,台東市,22.4,"2,363"
1930,2021-06-29,台東市,28.4,"3,536"
1931,2021-06-30,台東市,31.2,"2,553"
1932,2021-07-01,台東市,28.9,"2,553"
1933,2021-07-02,台東市,23.7,"3,022"
1934,2021-07-03,台東市,24.8,"1,528"
1935,2021-07-04,台東市,20.8,"2,578"
1936,2021-07-06,台東市,27.5,"3,236"
1937,2021-07-07,台東市,25.7,"2,528"
1938,2021-07-08,台東市,24.5,"1,856"
1939,2021-07-09,台東市,29.4,"2,105"
1940,2021-07-10,台東市,30.5,"3,025"
1941,2021-07-11,台東市,33.8,"1,758"
1942,2021-07-13,台東市,28.7,"2,327"
1943,2021-07-14,台東市,24.8,"2,058"
1944,2021-07-15,台東市,20.8,"2,647"
1945,2021-07-16,台東市,22.9,"3,856"
1946,2021-07-17,台東市,23.5,"2,425"
1947,2021-07-18,台東市,26.5,"4,002"
1948,2021-07-20,台東市,23.8,"2,856"
1949,2021-07-21,台東市,20.8,"2,152"
1950,2021-07-22,台東市,25.8,"2,863"
1951,2021-07-23,台東市,24.9,"1,759"
1952,2021-07-24,台東市,22.7,"3,005"
1953,2021-07-25,台東市,26.4,"2,893"
1954,2021-07-27,台東市,28.9,"3,115"
