日期,平均氣溫(℃),平均相對溼度( %),平均露點溫度(℃),平均風向(°),平均風速(ms),日最低氣壓(hPa),最低氣壓時間,最低氣溫(℃),最低氣溫時間,最低相對溼度( %),最低相對溼度時間,最大六十分鐘降水量起始時間,最大十分鐘降水量起始時間,最大陣風風向(°),最大陣風風速(ms),最高氣壓時間,最高氣溫(℃),最高氣溫時間,累積日射量(MJm2),累計雨量(mm)
2015-01-01,12.8,81,9.3,112.5,0.7,9999.0,1900-01-01 00:00:00,8.7,2015-01-01 22:00:00,56,2015-01-01 17:00:00,,,337.5,3.2,,19.5,2015-01-01 15:00:00,9.70,0.0
2015-01-02,12.8,83,9.7,112.5,0.8,9999.0,1900-01-01 00:00:00,8.3,2015-01-02 05:00:00,62,2015-01-02 15:00:00,,,315.0,2.5,,18.3,2015-01-02 14:00:00,10.08,0.0
2015-01-03,14.6,81,11.1,112.5,0.6,9999.0,1900-01-01 00:00:00,10.1,2015-01-03 05:00:00,61,2015-01-03 14:00:00,,,315.0,2.7,,19.2,2015-01-03 14:00:00,9.32,0.0
2015-01-04,15.6,75,10.6,135.0,0.9,9999.0,1900-01-01 00:00:00,10.5,2015-01-04 07:00:00,47,2015-01-04 15:00:00,,,337.5,2.9,,22.7,2015-01-04 15:00:00,12.35,0.0
2015-01-05,18.2,69,11.7,112.5,0.9,9999.0,1900-01-01 00:00:00,12.1,2015-01-05 06:00:00,40,2015-01-05 16:00:00,,,315.0,3.2,,27.6,2015-01-05 15:00:00,11.48,0.0
2015-01-06,18.1,81,14.3,112.5,0.7,9999.0,1900-01-01 00:00:00,13.9,2015-01-06 05:00:00,47,2015-01-06 14:00:00,,,292.5,2.4,,26.9,2015-01-06 14:00:00,6.57,0.0
2015-01-07,15.6,96,15.0,292.5,0.6,9999.0,1900-01-01 00:00:00,12.1,2015-01-07 21:00:00,80,2015-01-07 17:00:00,,,315.0,2.0,,19.9,2015-01-07 15:00:00,3.99,0.0
2015-01-08,12.4,87,10.3,292.5,0.6,9999.0,1900-01-01 00:00:00,10.6,2015-01-08 07:00:00,74,2015-01-08 15:00:00,,,337.5,1.7,,15.2,2015-01-08 15:00:00,3.35,0.0
2015-01-09,14.5,80,10.9,292.5,0.6,9999.0,1900-01-01 00:00:00,11.0,2015-01-09 08:00:00,62,2015-01-09 15:00:00,,,225.0,2.6,,19.8,2015-01-09 15:00:00,8.02,0.0
2015-01-10,14.8,82,11.6,112.5,0.6,9999.0,1900-01-01 00:00:00,11.2,2015-01-10 23:59:59,63,2015-01-10 15:00:00,,,247.5,2.4,,19.3,2015-01-10 15:00:00,7.05,0.0
2015-01-11,16.4,64,8.9,112.5,0.9,9999.0,1900-01-01 00:00:00,10.3,2015-01-11 03:00:00,38,2015-01-11 15:00:00,,,337.5,3.3,,23.4,2015-01-11 14:00:00,13.17,0.0
2015-01-12,17.4,70,11.4,112.5,0.8,9999.0,1900-01-01 00:00:00,13.0,2015-01-12 06:00:00,47,2015-01-12 13:00:00,,,315.0,3.2,,23.2,2015-01-12 13:00:00,9.23,0.0
2015-01-13,16.4,84,13.6,270.0,1.0,9999.0,1900-01-01 00:00:00,13.5,2015-01-13 22:00:00,62,2015-01-13 12:00:00,,,292.5,3.1,,21.8,2015-01-13 13:00:00,8.19,4.0
2015-01-14,14.8,98,14.4,270.0,0.8,9999.0,1900-01-01 00:00:00,12.2,2015-01-14 21:00:00,87,2015-01-14 16:00:00,,,45.0,3.0,,18.2,2015-01-14 17:00:00,3.29,4.5
2015-01-15,15.2,89,13.2,112.5,0.7,9999.0,1900-01-01 00:00:00,10.2,2015-01-15 07:00:00,69,2015-01-15 15:00:00,,,315.0,2.9,,20.5,2015-01-15 14:00:00,9.00,0.0
2015-01-16,15.7,90,13.8,112.5,0.9,9999.0,1900-01-01 00:00:00,12.2,2015-01-16 06:00:00,63,2015-01-16 15:00:00,,,202.5,3.1,,20.9,2015-01-16 13:00:00,12.36,0.0
2015-01-17,13.6,84,10.6,90.0,0.8,9999.0,1900-01-01 00:00:00,9.5,2015-01-17 06:00:00,57,2015-01-17 16:00:00,,,270.0,2.9,,20.3,2015-01-17 14:00:00,13.46,0.0
2015-01-18,13.8,87,11.4,135.0,0.7,9999.0,1900-01-01 00:00:00,9.7,2015-01-18 01:00:00,60,2015-01-18 15:00:00,,,360.0,3.9,,19.8,2015-01-18 14:00:00,10.50,0.0
2015-01-19,13.9,86,11.3,90.0,0.8,9999.0,1900-01-01 00:00:00,9.8,2015-01-19 06:00:00,62,2015-01-19 17:00:00,,,292.5,2.3,,20.8,2015-01-19 16:00:00,11.59,0.0
2015-01-20,16.1,85,13.3,90.0,0.8,9999.0,1900-01-01 00:00:00,12.7,2015-01-20 04:00:00,63,2015-01-20 13:00:00,,,225.0,2.5,,21.6,2015-01-20 13:00:00,9.96,0.0
2015-01-21,15.7,93,14.6,202.5,0.8,9999.0,1900-01-01 00:00:00,13.1,2015-01-21 23:59:59,68,2015-01-21 15:00:00,,,315.0,2.9,,21.8,2015-01-21 15:00:00,6.80,0.5
2015-01-22,13.3,74,8.2,135.0,1.0,9999.0,1900-01-01 00:00:00,8.3,2015-01-22 23:59:59,39,2015-01-22 15:00:00,,,315.0,4.0,,20.9,2015-01-22 14:00:00,16.00,0.0
2015-01-23,12.8,61,5.4,135.0,1.0,9999.0,1900-01-01 00:00:00,6.2,2015-01-23 07:00:00,40,2015-01-23 09:00:00,,,225.0,2.9,,20.1,2015-01-23 14:00:00,13.96,0.0
2015-01-24,13.8,70,7.9,112.5,1.0,9999.0,1900-01-01 00:00:00,8.1,2015-01-24 07:00:00,39,2015-01-24 15:00:00,,,270.0,3.4,,21.2,2015-01-24 15:00:00,12.90,0.0
2015-01-25,17.0,65,9.9,112.5,0.7,9999.0,1900-01-01 00:00:00,13.1,2015-01-25 01:00:00,44,2015-01-25 15:00:00,,,270.0,1.8,,23.1,2015-01-25 12:00:00,7.38,0.0
2015-01-26,17.0,90,15.1,292.5,0.8,9999.0,1900-01-01 00:00:00,13.7,2015-01-26 07:00:00,69,2015-01-26 15:00:00,,,67.5,2.8,,23.2,2015-01-26 16:00:00,6.86,0.0
2015-01-27,16.3,99,16.3,270.0,0.6,9999.0,1900-01-01 00:00:00,15.0,2015-01-27 22:00:00,91,2015-01-27 15:00:00,,,337.5,1.7,,19.5,2015-01-27 15:00:00,2.27,0.5
2015-01-28,15.6,99,15.4,247.5,0.6,9999.0,1900-01-01 00:00:00,13.0,2015-01-28 06:00:00,93,2015-01-28 13:00:00,,,202.5,2.3,,19.5,2015-01-28 13:00:00,5.69,1.5
2015-01-29,16.5,92,15.1,292.5,0.8,9999.0,1900-01-01 00:00:00,13.5,2015-01-29 06:00:00,64,2015-01-29 15:00:00,,,270.0,2.8,,22.9,2015-01-29 13:00:00,13.06,0.0
2015-01-30,14.9,97,14.4,202.5,0.7,9999.0,1900-01-01 00:00:00,11.5,2015-01-30 23:59:59,84,2015-01-30 17:00:00,,,315.0,2.5,,19.5,2015-01-30 17:00:00,5.70,0.0
2015-01-31,13.8,92,12.3,315.0,0.7,9999.0,1900-01-01 00:00:00,10.6,2015-01-31 23:59:59,67,2015-01-31 15:00:00,,,337.5,3.0,,21.3,2015-01-31 15:00:00,14.37,0.0
2015-02-01,15.0,89,13.0,270.0,0.7,9999.0,1900-01-01 00:00:00,10.3,2015-02-01 01:00:00,66,2015-02-01 15:00:00,,,292.5,3.1,,20.6,2015-02-01 15:00:00,10.02,0.0
2015-02-02,15.2,92,13.8,292.5,0.8,9999.0,1900-01-01 00:00:00,12.2,2015-02-02 07:00:00,73,2015-02-02 14:00:00,,,315.0,3.3,,20.2,2015-02-02 12:00:00,10.49,0.0
2015-02-03,15.4,93,14.1,202.5,0.9,9999.0,1900-01-01 00:00:00,11.8,2015-02-03 08:00:00,71,2015-02-03 12:00:00,,,247.5,3.4,,20.1,2015-02-03 12:00:00,10.89,0.0
2015-02-04,14.4,95,13.7,315.0,0.9,9999.0,1900-01-01 00:00:00,10.3,2015-02-04 23:59:59,83,2015-02-04 14:00:00,,,315.0,2.8,,19.1,2015-02-04 14:00:00,7.82,0.0
2015-02-05,11.5,90,9.9,292.5,0.9,9999.0,1900-01-01 00:00:00,9.5,2015-02-05 22:00:00,76,2015-02-05 14:00:00,,,337.5,3.8,,18.3,2015-02-05 14:00:00,6.34,0.0
2015-02-06,11.0,98,10.6,292.5,0.2,9999.0,1900-01-01 00:00:00,9.9,2015-02-06 09:00:00,98,2015-02-06 09:00:00,,,45.0,0.7,,12.1,2015-02-06 09:00:00,0.11,0.0
2015-02-07,21.4,56,12.3,292.5,2.8,9999.0,1900-01-01 00:00:00,19.1,2015-02-07 15:00:00,56,2015-02-07 14:00:00,,,315.0,3.9,,23.0,2015-02-07 14:00:00,4.15,0.0
2015-02-08,21.4,56,12.3,292.5,2.8,9999.0,1900-01-01 00:00:00,19.1,2015-02-07 15:00:00,56,2015-02-07 14:00:00,,,315.0,3.9,,23.0,2015-02-07 14:00:00,4.15,0.0
2015-02-09,8.8,91,7.4,315.0,0.4,9999.0,1900-01-01 00:00:00,7.3,2015-02-09 22:00:00,81,2015-02-09 19:00:00,,,225.0,0.9,,11.3,2015-02-09 19:00:00,0.00,0.0
2015-02-10,11.0,87,8.6,112.5,0.7,9999.0,1900-01-01 00:00:00,6.3,2015-02-10 06:00:00,66,2015-02-10 13:00:00,,,315.0,2.7,,16.4,2015-02-10 12:00:00,8.60,0.0
2015-02-11,13.5,85,10.7,112.5,0.8,9999.0,1900-01-01 00:00:00,8.5,2015-02-11 01:00:00,59,2015-02-11 12:00:00,,,292.5,3.6,,19.6,2015-02-11 12:00:00,9.85,0.0
2015-02-12,15.3,70,8.9,180.0,1.0,9999.0,1900-01-01 00:00:00,10.1,2015-02-12 07:00:00,38,2015-02-12 16:00:00,,,337.5,3.4,,22.7,2015-02-12 15:00:00,16.64,0.0
2015-02-13,15.1,65,8.1,157.5,1.1,9999.0,1900-01-01 00:00:00,9.5,2015-02-13 04:00:00,46,2015-02-13 15:00:00,,,315.0,4.4,,22.3,2015-02-13 14:00:00,16.75,0.0
2015-02-14,17.3,55,7.5,90.0,1.0,9999.0,1900-01-01 00:00:00,11.8,2015-02-14 02:00:00,33,2015-02-14 15:00:00,,,292.5,3.4,,24.7,2015-02-14 14:00:00,16.61,0.0
2015-02-15,19.3,59,10.7,292.5,0.9,9999.0,1900-01-01 00:00:00,14.3,2015-02-15 04:00:00,39,2015-02-15 13:00:00,,,270.0,3.3,,26.7,2015-02-15 15:00:00,13.59,0.0
2015-02-16,19.0,87,16.6,112.5,1.0,9999.0,1900-01-01 00:00:00,14.5,2015-02-16 05:00:00,67,2015-02-16 12:00:00,,,67.5,3.7,,25.7,2015-02-16 12:00:00,14.06,3.5
2015-02-17,18.5,86,15.9,157.5,0.9,9999.0,1900-01-01 00:00:00,13.8,2015-02-17 07:00:00,68,2015-02-17 18:00:00,,,292.5,2.9,,24.1,2015-02-17 14:00:00,9.20,0.0
2015-02-18,14.6,87,12.4,157.5,0.6,9999.0,1900-01-01 00:00:00,13.7,2015-02-18 02:00:00,85,2015-02-18 01:00:00,,,180.0,1.2,,15.8,2015-02-18 01:00:00,0.00,0.0
2015-02-19,19.1,78,14.9,315.0,1.0,9999.0,1900-01-01 00:00:00,14.9,2015-02-19 23:00:00,62,2015-02-19 16:00:00,,,292.5,3.8,,23.6,2015-02-19 15:00:00,13.38,0.0
2015-02-20,17.0,90,15.3,112.5,0.7,9999.0,1900-01-01 00:00:00,13.8,2015-02-20 23:59:59,73,2015-02-20 15:00:00,,,292.5,3.0,,21.3,2015-02-20 13:00:00,10.13,0.0
2015-02-21,17.7,87,15.1,112.5,0.8,9999.0,1900-01-01 00:00:00,12.7,2015-02-21 06:00:00,53,2015-02-21 14:00:00,,,67.5,3.6,,23.6,2015-02-21 13:00:00,6.40,2.0
2015-02-22,17.2,100,17.2,112.5,0.9,9999.0,1900-01-01 00:00:00,17.1,2015-02-22 01:00:00,100,2015-02-22 01:00:00,,,67.5,1.4,,17.4,2015-02-22 01:00:00,0.00,0.0
2015-02-23,17.2,100,17.2,112.5,0.9,9999.0,1900-01-01 00:00:00,17.1,2015-02-22 01:00:00,100,2015-02-22 01:00:00,,,67.5,1.4,,17.4,2015-02-22 01:00:00,0.00,0.0
2015-02-24,20.9,89,18.8,292.5,0.9,9999.0,1900-01-01 00:00:00,16.6,2015-02-24 23:59:59,66,2015-02-24 16:00:00,,,292.5,3.1,,27.7,2015-02-24 15:00:00,11.36,0.0
2015-02-25,19.3,95,18.5,292.5,0.8,9999.0,1900-01-01 00:00:00,15.6,2015-02-25 07:00:00,79,2015-02-25 14:00:00,,,225.0,3.2,,24.6,2015-02-25 14:00:00,13.71,0.0
2015-02-26,20.2,93,18.8,225.0,1.0,9999.0,1900-01-01 00:00:00,16.5,2015-02-26 07:00:00,72,2015-02-26 14:00:00,,,315.0,3.4,,26.8,2015-02-26 15:00:00,14.48,0.0
2015-02-27,18.9,94,17.8,315.0,1.1,9999.0,1900-01-01 00:00:00,15.7,2015-02-27 05:00:00,72,2015-02-27 13:00:00,,,270.0,3.9,,25.0,2015-02-27 13:00:00,14.34,0.0
2015-02-28,20.1,90,18.1,90.0,0.7,9999.0,1900-01-01 00:00:00,16.0,2015-02-28 01:00:00,66,2015-02-28 14:00:00,,,337.5,3.7,,25.5,2015-02-28 14:00:00,7.85,0.0
2015-03-01,17.6,88,15.5,225.0,1.0,9999.0,1900-01-01 00:00:00,12.4,2015-03-01 23:59:59,70,2015-03-01 16:00:00,,,315.0,3.4,,23.5,2015-03-01 12:00:00,10.29,0.0
2015-03-02,15.7,90,13.9,315.0,0.7,9999.0,1900-01-01 00:00:00,12.0,2015-03-02 03:00:00,74,2015-03-02 16:00:00,,,315.0,2.9,,20.1,2015-03-02 16:00:00,6.26,0.0
2015-03-03,20.8,81,16.9,90.0,1.0,9999.0,1900-01-01 00:00:00,14.7,2015-03-03 01:00:00,48,2015-03-03 15:00:00,,,315.0,5.0,,28.2,2015-03-03 14:00:00,18.88,0.0
2015-03-04,17.4,92,15.9,292.5,0.8,9999.0,1900-01-01 00:00:00,14.6,2015-03-04 07:00:00,75,2015-03-04 15:00:00,,,292.5,2.9,,22.0,2015-03-04 15:00:00,9.68,0.0
2015-03-05,17.5,92,16.1,292.5,1.0,9999.0,1900-01-01 00:00:00,13.3,2015-03-05 06:00:00,75,2015-03-05 10:00:00,,,292.5,3.7,,23.3,2015-03-05 09:00:00,12.19,0.0
2015-03-06,18.1,94,16.9,292.5,0.9,9999.0,1900-01-01 00:00:00,15.0,2015-03-06 08:00:00,72,2015-03-06 16:00:00,,,337.5,2.9,,23.5,2015-03-06 15:00:00,5.91,0.0
2015-03-07,18.9,92,17.5,292.5,0.9,9999.0,1900-01-01 00:00:00,15.7,2015-03-07 06:00:00,71,2015-03-07 14:00:00,,,292.5,3.4,,24.2,2015-03-07 14:00:00,10.58,0.0
2015-03-08,18.3,95,17.4,112.5,0.9,9999.0,1900-01-01 00:00:00,15.3,2015-03-08 06:00:00,73,2015-03-08 13:00:00,,,315.0,3.9,,24.0,2015-03-08 12:00:00,11.00,0.0
2015-03-09,19.3,83,16.0,247.5,1.0,9999.0,1900-01-01 00:00:00,14.4,2015-03-09 23:59:59,52,2015-03-09 16:00:00,,,315.0,3.2,,25.8,2015-03-09 14:00:00,8.28,0.0
2015-03-10,14.3,97,13.8,292.5,0.7,9999.0,1900-01-01 00:00:00,12.2,2015-03-10 23:59:59,88,2015-03-10 01:00:00,,,292.5,2.5,,18.8,2015-03-10 13:00:00,1.31,0.5
2015-03-11,13.5,100,13.5,90.0,0.6,9999.0,1900-01-01 00:00:00,11.9,2015-03-11 06:00:00,100,2015-03-11 01:00:00,,,292.5,2.0,,15.5,2015-03-11 12:00:00,1.77,1.0
2015-03-12,14.2,100,14.3,315.0,0.8,9999.0,1900-01-01 00:00:00,12.6,2015-03-12 05:00:00,100,2015-03-12 01:00:00,,,315.0,2.5,,16.8,2015-03-12 10:00:00,3.45,1.0
2015-03-13,17.6,92,16.2,90.0,0.9,9999.0,1900-01-01 00:00:00,13.0,2015-03-13 01:00:00,71,2015-03-13 15:00:00,,,315.0,2.9,,24.4,2015-03-13 15:00:00,18.95,0.0
2015-03-14,19.4,92,17.9,112.5,0.9,9999.0,1900-01-01 00:00:00,15.8,2015-03-14 05:00:00,68,2015-03-14 14:00:00,,,247.5,3.0,,25.8,2015-03-14 14:00:00,12.08,0.0
2015-03-15,21.6,87,18.8,112.5,1.0,9999.0,1900-01-01 00:00:00,16.2,2015-03-15 06:00:00,52,2015-03-15 11:00:00,,,315.0,3.5,,28.7,2015-03-15 11:00:00,13.93,0.0
2015-03-16,22.2,93,20.8,180.0,0.8,9999.0,1900-01-01 00:00:00,19.0,2015-03-16 05:00:00,67,2015-03-16 13:00:00,,,315.0,3.0,,27.1,2015-03-16 13:00:00,9.69,9.5
2015-03-17,22.7,95,21.8,180.0,0.9,9999.0,1900-01-01 00:00:00,19.3,2015-03-17 07:00:00,76,2015-03-17 12:00:00,,,315.0,3.0,,27.9,2015-03-17 12:00:00,9.88,0.0
2015-03-18,24.1,83,20.7,292.5,1.3,9999.0,1900-01-01 00:00:00,20.4,2015-03-18 22:00:00,61,2015-03-18 14:00:00,,,315.0,3.8,,29.7,2015-03-18 14:00:00,17.89,0.0
2015-03-19,23.3,82,19.2,180.0,1.0,9999.0,1900-01-01 00:00:00,17.6,2015-03-19 06:00:00,37,2015-03-19 13:00:00,,,270.0,3.6,,32.8,2015-03-19 12:00:00,18.54,0.0
2015-03-20,19.9,100,19.8,180.0,0.7,9999.0,1900-01-01 00:00:00,17.9,2015-03-20 23:59:59,91,2015-03-20 15:00:00,,,315.0,2.5,,25.6,2015-03-20 15:00:00,6.12,0.0
2015-03-21,20.0,99,19.9,180.0,0.7,9999.0,1900-01-01 00:00:00,16.8,2015-03-21 07:00:00,97,2015-03-21 12:00:00,,,315.0,2.6,,23.3,2015-03-21 11:00:00,6.01,0.0
2015-03-22,20.7,93,19.4,315.0,0.9,9999.0,1900-01-01 00:00:00,17.3,2015-03-22 06:00:00,84,2015-03-22 14:00:00,,,360.0,2.8,,24.9,2015-03-22 13:00:00,9.99,0.0
2015-03-23,17.9,98,17.5,292.5,1.0,9999.0,1900-01-01 00:00:00,14.4,2015-03-23 23:59:59,84,2015-03-23 12:00:00,,,247.5,3.6,,23.5,2015-03-23 10:00:00,3.24,8.0
2015-03-24,17.9,97,17.3,202.5,0.8,9999.0,1900-01-01 00:00:00,14.2,2015-03-24 05:00:00,88,2015-03-24 17:00:00,,,202.5,2.8,,23.0,2015-03-24 15:00:00,7.32,0.0
2015-03-25,16.6,33,5.3,202.5,0.7,9999.0,1900-01-01 00:00:00,14.8,2015-03-25 21:00:00,1,2015-03-25 10:00:00,,,45.0,2.8,,18.3,2015-03-25 14:00:00,2.10,1.5
2015-03-26,18.8,1,0.0,202.5,0.8,9999.0,1900-01-01 00:00:00,15.0,2015-03-26 04:00:00,1,2015-03-26 05:00:00,,,292.5,2.3,,23.8,2015-03-26 12:00:00,8.93,0.0
2015-03-27,19.1,1,0.0,90.0,0.8,9999.0,1900-01-01 00:00:00,16.6,2015-03-27 23:59:59,1,2015-03-27 10:00:00,,,45.0,2.9,,22.7,2015-03-27 15:00:00,4.36,0.5
2015-03-28,19.5,1,0.0,112.5,0.8,9999.0,1900-01-01 00:00:00,15.2,2015-03-28 06:00:00,1,2015-03-28 02:00:00,,,337.5,2.8,,26.0,2015-03-28 13:00:00,11.09,0.0
2015-03-29,20.5,1,0.0,180.0,0.9,9999.0,1900-01-01 00:00:00,15.8,2015-03-29 06:00:00,1,2015-03-29 01:00:00,,,270.0,3.1,,26.4,2015-03-29 12:00:00,14.01,0.0
2015-03-30,21.9,1,0.0,180.0,0.9,9999.0,1900-01-01 00:00:00,16.8,2015-03-30 01:00:00,1,2015-03-30 01:00:00,,,292.5,3.4,,27.5,2015-03-30 11:00:00,13.19,0.0
2015-03-31,22.9,1,0.0,315.0,1.0,9999.0,1900-01-01 00:00:00,18.0,2015-03-31 07:00:00,1,2015-03-31 12:00:00,,,315.0,3.0,,28.1,2015-03-31 11:00:00,10.58,0.0
2015-04-01,24.2,1,0.0,315.0,1.3,9999.0,1900-01-01 00:00:00,19.3,2015-04-01 04:00:00,1,2015-04-01 14:00:00,,,292.5,4.1,,32.1,2015-04-01 14:00:00,19.98,0.0
2015-04-02,24.0,1,0.0,315.0,1.3,9999.0,1900-01-01 00:00:00,18.5,2015-04-02 06:00:00,1,2015-04-02 10:00:00,,,270.0,4.6,,31.5,2015-04-02 13:00:00,22.31,0.0
2015-04-03,24.2,2,0.2,247.5,1.2,9999.0,1900-01-01 00:00:00,17.1,2015-04-03 06:00:00,1,2015-04-03 11:00:00,,,292.5,4.9,,32.3,2015-04-03 14:00:00,23.18,0.0
2015-04-04,24.2,1,0.0,292.5,1.2,9999.0,1900-01-01 00:00:00,18.4,2015-04-04 06:00:00,1,2015-04-04 16:00:00,,,315.0,3.8,,30.6,2015-04-04 16:00:00,20.15,0.0
2015-04-05,25.4,1,0.0,112.5,1.2,9999.0,1900-01-01 00:00:00,19.5,2015-04-05 05:00:00,1,2015-04-05 10:00:00,,,202.5,4.0,,32.3,2015-04-05 14:00:00,22.87,0.0
2015-04-06,23.3,1,0.0,112.5,1.1,9999.0,1900-01-01 00:00:00,20.1,2015-04-06 06:00:00,1,2015-04-06 10:00:00,,,180.0,3.7,,30.7,2015-04-06 13:00:00,13.60,7.0
2015-04-07,21.9,1,0.0,292.5,1.0,9999.0,1900-01-01 00:00:00,18.0,2015-04-07 23:59:59,1,2015-04-07 13:00:00,,,270.0,3.6,,28.9,2015-04-07 13:00:00,12.64,0.5
2015-04-08,18.0,1,0.0,270.0,1.0,9999.0,1900-01-01 00:00:00,15.3,2015-04-08 06:00:00,1,2015-04-08 04:00:00,,,270.0,3.6,,24.4,2015-04-08 13:00:00,10.69,0.0
2015-04-09,19.4,1,0.0,67.5,0.9,9999.0,1900-01-01 00:00:00,14.9,2015-04-09 05:00:00,1,2015-04-09 09:00:00,,,292.5,2.9,,24.8,2015-04-09 13:00:00,10.34,0.0
2015-04-10,20.1,1,0.0,315.0,1.0,9999.0,1900-01-01 00:00:00,16.3,2015-04-10 23:59:59,1,2015-04-10 12:00:00,,,292.5,3.1,,24.8,2015-04-10 14:00:00,11.97,0.0
2015-04-11,16.4,1,0.0,247.5,0.7,9999.0,1900-01-01 00:00:00,14.9,2015-04-11 06:00:00,1,2015-04-11 01:00:00,,,270.0,2.1,,18.2,2015-04-11 12:00:00,1.09,9.5
2015-04-12,18.3,1,0.0,202.5,0.5,9999.0,1900-01-01 00:00:00,15.9,2015-04-12 01:00:00,1,2015-04-12 11:00:00,,,315.0,2.1,,21.1,2015-04-12 12:00:00,5.60,4.0
2015-04-13,18.6,1,0.0,315.0,1.1,9999.0,1900-01-01 00:00:00,13.5,2015-04-13 23:59:59,1,2015-04-13 18:00:00,,,315.0,4.0,,24.3,2015-04-13 16:00:00,16.04,0.0
2015-04-14,17.3,1,0.0,315.0,1.3,9999.0,1900-01-01 00:00:00,10.9,2015-04-14 06:00:00,1,2015-04-14 08:00:00,,,315.0,4.4,,24.1,2015-04-14 14:00:00,26.40,0.0
2015-04-15,18.7,1,0.1,112.5,1.2,9999.0,1900-01-01 00:00:00,10.2,2015-04-15 06:00:00,1,2015-04-15 02:00:00,,,315.0,4.3,,26.1,2015-04-15 14:00:00,23.51,0.0
2015-04-16,22.6,40,10.5,292.5,1.3,9999.0,1900-01-01 00:00:00,16.3,2015-04-16 06:00:00,1,2015-04-16 01:00:00,,,315.0,4.3,,29.5,2015-04-16 12:00:00,24.20,0.0
2015-04-17,22.2,1,0.0,112.5,0.9,9999.0,1900-01-01 00:00:00,16.0,2015-04-17 06:00:00,1,2015-04-17 03:00:00,,,315.0,3.1,,28.3,2015-04-17 11:00:00,15.06,0.0
2015-04-18,25.4,1,0.0,270.0,1.4,9999.0,1900-01-01 00:00:00,19.6,2015-04-18 06:00:00,1,2015-04-18 13:00:00,,,247.5,4.7,,33.2,2015-04-18 13:00:00,20.96,0.0
2015-04-19,25.5,1,0.0,112.5,1.0,9999.0,1900-01-01 00:00:00,22.0,2015-04-19 23:59:59,1,2015-04-19 12:00:00,,,292.5,4.7,,30.3,2015-04-19 14:00:00,11.66,0.0
2015-04-20,25.6,1,0.0,292.5,1.1,9999.0,1900-01-01 00:00:00,21.2,2015-04-20 02:00:00,1,2015-04-20 11:00:00,,,337.5,3.8,,31.1,2015-04-20 13:00:00,17.58,0.0
2015-04-21,21.5,1,0.0,292.5,1.0,9999.0,1900-01-01 00:00:00,19.1,2015-04-21 07:00:00,1,2015-04-21 09:00:00,,,225.0,2.8,,24.7,2015-04-21 13:00:00,6.37,26.0
2015-04-22,22.1,1,0.0,315.0,0.9,9999.0,1900-01-01 00:00:00,18.1,2015-04-22 05:00:00,1,2015-04-22 08:00:00,,,315.0,2.8,,28.0,2015-04-22 14:00:00,15.03,0.0
2015-04-23,22.5,1,0.0,292.5,1.0,9999.0,1900-01-01 00:00:00,19.2,2015-04-23 05:00:00,1,2015-04-23 08:00:00,,,225.0,3.9,,28.7,2015-04-23 15:00:00,16.29,0.0
2015-04-24,22.3,1,0.0,225.0,0.9,9999.0,1900-01-01 00:00:00,19.5,2015-04-24 06:00:00,1,2015-04-24 15:00:00,,,270.0,3.1,,27.8,2015-04-24 13:00:00,14.71,0.0
2015-04-25,22.5,1,0.0,292.5,1.0,9999.0,1900-01-01 00:00:00,18.9,2015-04-25 02:00:00,1,2015-04-25 01:00:00,,,337.5,3.5,,27.9,2015-04-25 13:00:00,17.12,0.0
2015-04-26,23.0,1,0.0,292.5,1.1,9999.0,1900-01-01 00:00:00,18.1,2015-04-26 05:00:00,1,2015-04-26 13:00:00,,,292.5,3.7,,29.2,2015-04-26 14:00:00,21.64,0.0
2015-04-27,23.1,1,0.0,180.0,1.0,9999.0,1900-01-01 00:00:00,18.7,2015-04-27 05:00:00,1,2015-04-27 12:00:00,,,315.0,3.7,,30.0,2015-04-27 14:00:00,18.97,0.0
2015-04-28,23.8,1,0.0,180.0,0.8,9999.0,1900-01-01 00:00:00,20.0,2015-04-28 06:00:00,1,2015-04-28 05:00:00,,,292.5,3.2,,28.9,2015-04-28 11:00:00,13.17,1.5
2015-04-29,24.6,1,0.0,292.5,1.1,9999.0,1900-01-01 00:00:00,20.6,2015-04-29 02:00:00,1,2015-04-29 11:00:00,,,270.0,3.6,,30.5,2015-04-29 13:00:00,18.64,0.0
2015-04-30,24.4,4,0.7,180.0,1.0,9999.0,1900-01-01 00:00:00,20.9,2015-04-30 06:00:00,1,2015-04-30 04:00:00,,,315.0,3.5,,30.0,2015-04-30 15:00:00,12.77,0.0
2015-05-01,22.8,5,1.1,180.0,0.7,9999.0,1900-01-01 00:00:00,21.1,2015-05-01 04:00:00,1,2015-05-01 05:00:00,,,225.0,2.7,,26.2,2015-05-01 14:00:00,2.14,5.0
2015-05-02,24.7,1,0.0,270.0,1.2,9999.0,1900-01-01 00:00:00,19.8,2015-05-02 06:00:00,1,2015-05-02 10:00:00,,,292.5,4.4,,32.2,2015-05-02 14:00:00,15.13,0.0
2015-05-03,25.0,1,0.0,292.5,1.0,9999.0,1900-01-01 00:00:00,21.4,2015-05-03 04:00:00,1,2015-05-03 11:00:00,,,315.0,4.4,,29.6,2015-05-03 12:00:00,11.10,0.0
2015-05-04,24.5,1,0.0,292.5,0.9,9999.0,1900-01-01 00:00:00,22.0,2015-05-04 06:00:00,1,2015-05-04 10:00:00,,,315.0,3.6,,29.6,2015-05-04 14:00:00,8.54,2.0
2015-05-05,22.0,1,0.0,67.5,0.8,9999.0,1900-01-01 00:00:00,20.3,2015-05-05 03:00:00,1,2015-05-05 09:00:00,,,247.5,4.5,,24.0,2015-05-05 14:00:00,2.39,8.5
2015-05-06,23.8,1,0.0,315.0,0.8,9999.0,1900-01-01 00:00:00,20.7,2015-05-06 03:00:00,1,2015-05-06 01:00:00,,,292.5,2.5,,27.2,2015-05-06 09:00:00,8.49,0.0
2015-05-07,24.5,1,0.0,247.5,0.9,9999.0,1900-01-01 00:00:00,19.4,2015-05-07 07:00:00,1,2015-05-07 11:00:00,,,315.0,2.8,,29.0,2015-05-07 12:00:00,15.95,0.0
2015-05-08,24.4,1,0.0,180.0,0.7,9999.0,1900-01-01 00:00:00,22.0,2015-05-08 23:59:59,1,2015-05-08 04:00:00,,,292.5,3.0,,27.2,2015-05-08 09:00:00,7.00,1.5
2015-05-09,25.6,1,0.0,180.0,1.0,9999.0,1900-01-01 00:00:00,20.4,2015-05-09 05:00:00,1,2015-05-09 11:00:00,,,247.5,3.7,,32.1,2015-05-09 13:00:00,17.67,0.0
2015-05-10,24.0,1,0.0,112.5,0.8,9999.0,1900-01-01 00:00:00,20.9,2015-05-10 05:00:00,1,2015-05-10 11:00:00,,,315.0,2.6,,29.1,2015-05-10 13:00:00,9.21,0.0
2015-05-11,25.2,1,0.0,180.0,0.8,9999.0,1900-01-01 00:00:00,21.6,2015-05-11 02:00:00,1,2015-05-10 11:00:00,,,45.0,2.3,,29.8,2015-05-11 13:00:00,11.24,1.0
2015-05-12,23.3,1,0.0,180.0,0.7,9999.0,1900-01-01 00:00:00,21.1,2015-05-12 05:00:00,1,2015-05-10 11:00:00,,,67.5,2.4,,28.0,2015-05-12 13:00:00,6.69,7.5
2015-05-13,25.1,1,0.0,180.0,1.1,9999.0,1900-01-01 00:00:00,21.9,2015-05-13 05:00:00,1,2015-05-10 11:00:00,,,270.0,3.8,,29.6,2015-05-13 13:00:00,15.07,2.0
2015-05-14,25.7,1,0.0,180.0,0.9,9999.0,1900-01-01 00:00:00,20.8,2015-05-14 06:00:00,1,2015-05-10 11:00:00,,,337.5,3.1,,30.1,2015-05-14 14:00:00,15.07,0.0
2015-05-15,25.8,1,0.0,270.0,1.1,9999.0,1900-01-01 00:00:00,20.2,2015-05-15 05:00:00,1,2015-05-10 11:00:00,,,292.5,3.8,,31.9,2015-05-15 16:00:00,20.90,0.0
2015-05-16,25.8,1,0.0,292.5,1.1,9999.0,1900-01-01 00:00:00,20.2,2015-05-16 05:00:00,1,2015-05-10 11:00:00,,,202.5,3.8,,31.7,2015-05-16 15:00:00,20.55,0.0
2015-05-17,25.4,1,0.0,292.5,0.9,9999.0,1900-01-01 00:00:00,21.4,2015-05-17 05:00:00,1,2015-05-10 11:00:00,,,247.5,2.9,,31.0,2015-05-17 15:00:00,16.00,0.0
2015-05-18,26.8,1,0.0,292.5,1.7,9999.0,1900-01-01 00:00:00,20.5,2015-05-18 05:00:00,1,2015-05-10 11:00:00,,,315.0,4.7,,32.9,2015-05-18 12:00:00,24.18,0.0
2015-05-19,27.4,1,0.0,292.5,1.5,9999.0,1900-01-01 00:00:00,23.9,2015-05-19 22:00:00,1,2015-05-10 11:00:00,,,247.5,3.8,,31.0,2015-05-19 15:00:00,11.12,0.0
2015-05-20,22.7,1,0.0,292.5,0.9,9999.0,1900-01-01 00:00:00,20.2,2015-05-20 19:00:00,1,2015-05-10 11:00:00,,,67.5,3.5,,27.0,2015-05-20 09:00:00,1.78,24.0
2015-05-21,21.8,1,0.0,90.0,0.8,9999.0,1900-01-01 00:00:00,20.6,2015-05-21 01:00:00,1,2015-05-21 01:00:00,,,45.0,2.3,,23.4,2015-05-21 11:00:00,4.84,8.5
2015-05-22,23.4,1,0.0,45.0,1.0,9999.0,1900-01-01 00:00:00,21.1,2015-05-22 03:00:00,1,2015-05-22 01:00:00,,,45.0,3.0,,27.2,2015-05-22 10:00:00,8.49,18.0
2015-05-23,23.8,1,0.0,45.0,1.0,9999.0,1900-01-01 00:00:00,22.3,2015-05-23 05:00:00,1,2015-05-23 01:00:00,,,247.5,4.0,,26.5,2015-05-23 12:00:00,6.09,7.5
2015-05-24,23.0,1,0.0,45.0,1.4,9999.0,1900-01-01 00:00:00,21.9,2015-05-24 19:00:00,1,2015-05-24 14:00:00,,,202.5,4.9,,23.9,2015-05-24 15:00:00,0.56,94.5
2015-05-25,23.3,1,0.0,292.5,0.7,9999.0,1900-01-01 00:00:00,22.6,2015-05-25 03:00:00,1,2015-05-25 01:00:00,,,360.0,2.8,,24.3,2015-05-25 17:00:00,0.81,1.5
2015-05-26,22.3,1,0.0,90.0,1.0,9999.0,1900-01-01 00:00:00,21.7,2015-05-26 23:59:59,1,2015-05-26 19:00:00,,,67.5,3.3,,22.8,2015-05-26 21:00:00,0.00,6.0
2015-05-27,23.3,1,0.0,67.5,0.9,9999.0,1900-01-01 00:00:00,21.4,2015-05-27 04:00:00,1,2015-05-27 12:00:00,,,67.5,2.9,,26.2,2015-05-27 13:00:00,4.84,2.0
2015-05-28,25.1,1,0.0,67.5,0.9,9999.0,1900-01-01 00:00:00,22.1,2015-05-28 02:00:00,1,2015-05-28 09:00:00,,,45.0,3.7,,30.6,2015-05-28 14:00:00,10.62,0.0
2015-05-29,26.7,1,0.0,292.5,1.1,9999.0,1900-01-01 00:00:00,22.8,2015-05-29 05:00:00,1,2015-05-29 01:00:00,,,202.5,4.7,,31.4,2015-05-29 17:00:00,18.29,0.0
2015-05-30,26.6,1,0.0,292.5,1.1,9999.0,1900-01-01 00:00:00,22.8,2015-05-30 05:00:00,1,2015-05-30 09:00:00,,,292.5,3.1,,31.4,2015-05-30 16:00:00,13.51,0.0
2015-05-31,23.5,1,0.0,90.0,0.8,9999.0,1900-01-01 00:00:00,21.8,2015-05-31 21:00:00,1,2015-05-31 15:00:00,,,225.0,2.7,,29.3,2015-05-31 10:00:00,4.12,6.0
2015-06-01,25.0,3,0.7,90.0,1.0,9999.0,1900-01-01 00:00:00,21.4,2015-06-01 01:00:00,1,2015-06-01 09:00:00,,,270.0,3.0,,29.0,2015-06-01 12:00:00,8.26,0.5
2015-06-02,24.8,1,0.0,112.5,0.9,9999.0,1900-01-01 00:00:00,21.6,2015-06-02 06:00:00,1,2015-06-02 03:00:00,,,315.0,3.3,,30.9,2015-06-02 13:00:00,14.15,0.0
2015-06-03,25.4,71,18.6,180.0,1.0,9999.0,1900-01-01 00:00:00,21.5,2015-06-03 06:00:00,1,2015-06-03 01:00:00,,,157.5,3.3,,30.2,2015-06-03 12:00:00,15.61,0.0
2015-06-04,25.5,49,13.4,292.5,0.9,9999.0,1900-01-01 00:00:00,21.1,2015-06-04 05:00:00,1,2015-06-04 04:00:00,,,292.5,2.7,,30.4,2015-06-04 14:00:00,13.76,0.0
2015-06-05,25.9,23,6.1,292.5,1.0,9999.0,1900-01-01 00:00:00,21.9,2015-06-05 06:00:00,1,2015-06-05 10:00:00,,,247.5,3.6,,30.9,2015-06-05 12:00:00,13.98,0.0
2015-06-06,24.2,2,0.2,90.0,0.7,9999.0,1900-01-01 00:00:00,22.0,2015-06-06 03:00:00,1,2015-06-06 14:00:00,,,337.5,3.5,,30.2,2015-06-06 15:00:00,6.77,0.0
2015-06-07,25.5,1,0.0,90.0,0.7,9999.0,1900-01-01 00:00:00,22.5,2015-06-07 04:00:00,1,2015-06-07 12:00:00,,,315.0,2.8,,29.6,2015-06-07 11:00:00,10.22,0.0
2015-06-08,25.6,1,0.0,157.5,0.9,9999.0,1900-01-01 00:00:00,21.8,2015-06-08 05:00:00,1,2015-06-08 11:00:00,,,337.5,2.8,,30.1,2015-06-08 14:00:00,16.69,0.0
2015-06-09,26.6,1,0.0,180.0,1.0,9999.0,1900-01-01 00:00:00,21.2,2015-06-09 05:00:00,1,2015-06-09 13:00:00,,,270.0,3.2,,31.6,2015-06-09 14:00:00,17.80,0.0
2015-06-10,27.5,10,2.4,225.0,1.0,9999.0,1900-01-01 00:00:00,22.8,2015-06-10 03:00:00,1,2015-06-10 10:00:00,,,292.5,3.1,,31.7,2015-06-10 13:00:00,16.76,0.0
2015-06-11,26.4,10,2.4,180.0,0.9,9999.0,1900-01-01 00:00:00,22.3,2015-06-11 06:00:00,1,2015-06-10 10:00:00,,,225.0,3.0,,32.1,2015-06-11 15:00:00,13.43,0.0
2015-06-12,26.7,10,2.4,247.5,0.9,9999.0,1900-01-01 00:00:00,22.9,2015-06-12 06:00:00,1,2015-06-10 10:00:00,,,292.5,3.7,,31.5,2015-06-12 11:00:00,11.85,0.0
2015-06-13,27.2,10,2.4,202.5,1.0,9999.0,1900-01-01 00:00:00,23.3,2015-06-13 05:00:00,1,2015-06-10 10:00:00,,,292.5,3.2,,32.1,2015-06-13 13:00:00,17.05,0.0
2015-06-14,26.3,10,2.4,180.0,0.9,9999.0,1900-01-01 00:00:00,22.9,2015-06-14 16:00:00,1,2015-06-10 10:00:00,,,202.5,3.8,,33.3,2015-06-14 13:00:00,19.47,0.0
2015-06-15,26.7,10,2.4,180.0,0.9,9999.0,1900-01-01 00:00:00,22.4,2015-06-15 05:00:00,1,2015-06-10 10:00:00,,,337.5,2.7,,31.5,2015-06-15 11:00:00,13.67,0.0
2015-06-16,27.0,10,2.4,270.0,0.8,9999.0,1900-01-01 00:00:00,22.6,2015-06-16 06:00:00,1,2015-06-10 10:00:00,,,247.5,3.2,,32.2,2015-06-16 12:00:00,18.73,0.0
2015-06-17,27.5,10,2.4,247.5,1.2,9999.0,1900-01-01 00:00:00,22.8,2015-06-17 05:00:00,1,2015-06-10 10:00:00,,,315.0,3.2,,33.3,2015-06-17 14:00:00,22.01,0.0
2015-06-18,27.1,10,2.4,247.5,0.9,9999.0,1900-01-01 00:00:00,22.9,2015-06-18 03:00:00,1,2015-06-10 10:00:00,,,247.5,3.3,,32.9,2015-06-18 14:00:00,18.95,0.0
2015-06-19,25.7,10,2.4,180.0,0.9,9999.0,1900-01-01 00:00:00,22.7,2015-06-19 06:00:00,1,2015-06-10 10:00:00,,,292.5,3.2,,33.5,2015-06-19 15:00:00,6.97,0.0
2015-06-20,27.4,10,2.4,180.0,1.0,9999.0,1900-01-01 00:00:00,23.2,2015-06-20 05:00:00,1,2015-06-10 10:00:00,,,315.0,2.5,,33.4,2015-06-20 14:00:00,19.14,0.0
2015-06-21,26.1,14,3.5,112.5,0.9,9999.0,1900-01-01 00:00:00,23.3,2015-06-21 03:00:00,1,2015-06-21 08:00:00,,,247.5,3.4,,33.1,2015-06-21 12:00:00,13.59,0.0
2015-06-22,25.6,2,0.2,90.0,0.7,9999.0,1900-01-01 00:00:00,22.7,2015-06-22 02:00:00,1,2015-06-22 11:00:00,,,22.5,3.1,,30.8,2015-06-22 11:00:00,12.04,0.0
2015-06-23,25.8,1,0.0,90.0,0.9,9999.0,1900-01-01 00:00:00,23.3,2015-06-23 04:00:00,1,2015-06-23 12:00:00,,,90.0,3.3,,31.2,2015-06-23 11:00:00,10.78,15.0
2015-06-24,27.2,1,0.0,90.0,0.9,9999.0,1900-01-01 00:00:00,23.0,2015-06-24 06:00:00,1,2015-06-24 11:00:00,,,247.5,3.0,,33.3,2015-06-24 12:00:00,13.74,0.0
2015-06-25,28.0,1,0.0,90.0,1.2,9999.0,1900-01-01 00:00:00,23.6,2015-06-25 05:00:00,1,2015-06-25 14:00:00,,,247.5,5.0,,33.6,2015-06-25 13:00:00,22.75,0.0
2015-06-26,28.7,1,0.0,270.0,1.2,9999.0,1900-01-01 00:00:00,23.8,2015-06-26 06:00:00,1,2015-06-26 09:00:00,,,225.0,3.9,,34.3,2015-06-26 13:00:00,19.66,0.0
2015-06-27,28.1,1,0.0,225.0,1.1,9999.0,1900-01-01 00:00:00,23.9,2015-06-27 05:00:00,1,2015-06-27 12:00:00,,,270.0,4.3,,34.0,2015-06-27 13:00:00,17.13,0.0
2015-06-28,27.9,1,0.1,225.0,1.1,9999.0,1900-01-01 00:00:00,23.5,2015-06-28 06:00:00,1,2015-06-28 10:00:00,,,225.0,3.1,,33.3,2015-06-28 12:00:00,17.20,0.0
2015-06-29,26.8,1,0.1,180.0,1.1,9999.0,1900-01-01 00:00:00,22.5,2015-06-29 04:00:00,1,2015-06-29 10:00:00,,,247.5,3.2,,31.3,2015-06-29 10:00:00,14.00,0.0
2015-06-30,28.1,3,0.6,180.0,1.3,9999.0,1900-01-01 00:00:00,23.1,2015-06-30 04:00:00,1,2015-06-30 01:00:00,,,225.0,4.8,,32.8,2015-06-30 12:00:00,21.51,0.0
2015-07-01,28.3,3,0.6,180.0,1.4,9999.0,1900-01-01 00:00:00,24.2,2015-07-01 01:00:00,1,2015-06-30 01:00:00,,,225.0,4.3,,33.9,2015-07-01 13:00:00,13.74,0.0
2015-07-02,27.5,3,0.6,180.0,1.0,9999.0,1900-01-01 00:00:00,23.4,2015-07-02 05:00:00,1,2015-06-30 01:00:00,,,247.5,4.2,,32.6,2015-07-02 12:00:00,19.42,0.0
2015-07-03,25.8,3,0.6,180.0,0.8,9999.0,1900-01-01 00:00:00,23.0,2015-07-03 06:00:00,1,2015-06-30 01:00:00,,,202.5,3.1,,33.5,2015-07-03 12:00:00,9.07,7.5
2015-07-04,26.2,3,0.6,90.0,0.8,9999.0,1900-01-01 00:00:00,22.7,2015-07-04 06:00:00,1,2015-06-30 01:00:00,,,315.0,3.0,,32.8,2015-07-04 13:00:00,15.88,8.5
2015-07-05,26.6,3,0.6,225.0,0.9,9999.0,1900-01-01 00:00:00,22.5,2015-07-05 05:00:00,1,2015-06-30 01:00:00,,,247.5,2.9,,31.3,2015-07-05 14:00:00,18.25,0.5
2015-07-06,26.5,3,0.6,180.0,0.8,9999.0,1900-01-01 00:00:00,24.1,2015-07-06 23:59:59,1,2015-06-30 01:00:00,,,315.0,3.1,,32.0,2015-07-06 13:00:00,12.13,2.5
2015-07-07,25.5,1,0.0,180.0,0.8,9999.0,1900-01-01 00:00:00,23.2,2015-07-07 06:00:00,1,2015-07-07 14:00:00,,,315.0,2.5,,30.2,2015-07-07 12:00:00,11.67,15.5
2015-07-08,24.4,1,0.0,180.0,0.4,9999.0,1900-01-01 00:00:00,23.4,2015-07-08 05:00:00,1,2015-07-07 14:00:00,,,45.0,1.5,,26.5,2015-07-08 17:00:00,0.86,0.0
2015-07-09,24.4,1,0.0,180.0,0.4,9999.0,1900-01-01 00:00:00,23.2,2015-07-09 05:00:00,1,2015-07-07 14:00:00,,,180.0,1.7,,27.9,2015-07-09 19:00:00,0.37,0.0
2015-07-10,24.3,1,0.0,202.5,1.0,9999.0,1900-01-01 00:00:00,23.1,2015-07-10 23:59:59,1,2015-07-07 14:00:00,,,315.0,2.8,,25.8,2015-07-10 20:00:00,1.04,7.5
2015-07-11,26.5,1,0.0,202.5,2.1,9999.0,1900-01-01 00:00:00,23.2,2015-07-11 01:00:00,1,2015-07-07 14:00:00,,,202.5,4.9,,30.6,2015-07-11 17:00:00,11.68,0.0
2015-07-12,27.2,1,0.0,270.0,1.1,9999.0,1900-01-01 00:00:00,23.0,2015-07-12 06:00:00,1,2015-07-07 14:00:00,,,247.5,2.9,,31.7,2015-07-12 13:00:00,15.59,0.0
2015-07-13,26.6,1,0.0,270.0,1.0,9999.0,1900-01-01 00:00:00,23.3,2015-07-13 18:00:00,1,2015-07-07 14:00:00,,,67.5,5.4,,32.2,2015-07-13 14:00:00,14.85,18.0
2015-07-14,26.7,1,0.0,292.5,0.9,9999.0,1900-01-01 00:00:00,22.8,2015-07-14 03:00:00,1,2015-07-07 14:00:00,,,315.0,2.9,,32.7,2015-07-14 14:00:00,20.04,0.0
2015-07-15,25.6,1,0.0,180.0,0.9,9999.0,1900-01-01 00:00:00,23.1,2015-07-15 06:00:00,1,2015-07-07 14:00:00,,,22.5,2.9,,30.7,2015-07-15 14:00:00,5.32,2.0
2015-07-16,26.7,1,0.0,180.0,0.9,9999.0,1900-01-01 00:00:00,23.3,2015-07-16 02:00:00,1,2015-07-07 14:00:00,,,315.0,2.5,,31.1,2015-07-16 12:00:00,9.14,0.0
2015-07-17,26.1,1,0.0,225.0,0.6,9999.0,1900-01-01 00:00:00,22.9,2015-07-17 03:00:00,1,2015-07-07 14:00:00,,,247.5,2.6,,31.5,2015-07-17 12:00:00,11.46,0.0
2015-07-18,27.3,1,0.0,315.0,0.9,9999.0,1900-01-01 00:00:00,23.6,2015-07-18 05:00:00,1,2015-07-07 14:00:00,,,315.0,2.7,,32.9,2015-07-18 14:00:00,13.07,24.0
2015-07-19,23.9,1,0.0,67.5,0.7,9999.0,1900-01-01 00:00:00,23.3,2015-07-19 21:00:00,1,2015-07-07 14:00:00,,,67.5,1.9,,25.2,2015-07-19 03:00:00,0.10,13.5
2015-07-20,26.5,1,0.0,45.0,1.0,9999.0,1900-01-01 00:00:00,22.8,2015-07-20 06:00:00,1,2015-07-07 14:00:00,,,45.0,3.1,,31.0,2015-07-20 13:00:00,10.95,0.5
2015-07-21,27.8,1,0.0,90.0,1.4,9999.0,1900-01-01 00:00:00,22.8,2015-07-21 03:00:00,1,2015-07-07 14:00:00,,,247.5,4.2,,34.4,2015-07-21 15:00:00,20.34,0.0
2015-07-22,24.7,1,0.0,90.0,1.1,9999.0,1900-01-01 00:00:00,22.6,2015-07-22 04:00:00,1,2015-07-07 14:00:00,,,202.5,4.8,,30.4,2015-07-22 11:00:00,10.28,1.5
2015-07-23,27.3,1,0.0,90.0,1.2,9999.0,1900-01-01 00:00:00,22.8,2015-07-23 04:00:00,1,2015-07-07 14:00:00,,,292.5,3.9,,33.5,2015-07-23 13:00:00,19.78,0.0
2015-07-24,28.5,1,0.0,180.0,1.3,9999.0,1900-01-01 00:00:00,22.8,2015-07-24 23:59:59,1,2015-07-07 14:00:00,,,292.5,3.0,,32.6,2015-07-24 13:00:00,16.02,0.0
2015-07-25,25.3,1,0.0,180.0,1.0,9999.0,1900-01-01 00:00:00,21.3,2015-07-25 06:00:00,1,2015-07-07 14:00:00,,,315.0,3.1,,32.8,2015-07-25 13:00:00,13.68,0.0
2015-07-26,25.2,1,0.0,180.0,0.9,9999.0,1900-01-01 00:00:00,21.5,2015-07-26 05:00:00,1,2015-07-07 14:00:00,,,292.5,2.9,,32.1,2015-07-26 13:00:00,16.79,3.5
2015-07-27,24.5,1,0.0,112.5,1.0,9999.0,1900-01-01 00:00:00,21.2,2015-07-27 23:59:59,1,2015-07-07 14:00:00,,,247.5,3.7,,31.7,2015-07-27 12:00:00,14.47,4.5
2015-07-28,24.3,1,0.0,180.0,1.0,9999.0,1900-01-01 00:00:00,20.9,2015-07-28 23:59:59,1,2015-07-07 14:00:00,,,292.5,3.5,,31.5,2015-07-28 14:00:00,15.68,6.5
2015-07-29,24.3,1,0.0,180.0,0.9,9999.0,1900-01-01 00:00:00,21.0,2015-07-29 03:00:00,1,2015-07-07 14:00:00,,,67.5,3.1,,31.2,2015-07-29 14:00:00,14.70,8.0
2015-07-30,24.7,1,0.0,180.0,1.0,9999.0,1900-01-01 00:00:00,20.8,2015-07-30 06:00:00,1,2015-07-07 14:00:00,,,292.5,3.6,,31.4,2015-07-30 14:00:00,16.50,23.0
2015-07-31,25.7,1,0.0,180.0,0.7,9999.0,1900-01-01 00:00:00,21.9,2015-07-31 02:00:00,1,2015-07-07 14:00:00,,,292.5,2.4,,32.5,2015-07-31 15:00:00,18.76,0.0
2015-08-01,26.1,1,0.0,180.0,0.8,9999.0,1900-01-01 00:00:00,22.3,2015-08-01 06:00:00,1,2015-07-07 14:00:00,,,337.5,2.4,,31.9,2015-08-01 15:00:00,9.94,0.0
2015-08-02,26.8,1,0.0,180.0,0.8,9999.0,1900-01-01 00:00:00,23.2,2015-08-02 23:59:59,1,2015-07-07 14:00:00,,,337.5,3.2,,31.6,2015-08-02 15:00:00,19.36,0.0
2015-08-03,26.2,1,0.0,180.0,0.8,9999.0,1900-01-01 00:00:00,22.7,2015-08-03 06:00:00,1,2015-07-07 14:00:00,,,315.0,3.2,,32.1,2015-08-03 14:00:00,14.16,0.0
2015-08-04,26.8,1,0.0,180.0,0.9,9999.0,1900-01-01 00:00:00,21.9,2015-08-04 06:00:00,1,2015-07-07 14:00:00,,,292.5,2.4,,32.4,2015-08-04 12:00:00,21.17,0.0
2015-08-05,25.9,1,0.0,180.0,0.8,9999.0,1900-01-01 00:00:00,22.6,2015-08-05 04:00:00,1,2015-07-07 14:00:00,,,337.5,3.2,,31.1,2015-08-05 12:00:00,11.80,0.0
2015-08-06,26.7,1,0.0,180.0,1.1,9999.0,1900-01-01 00:00:00,21.6,2015-08-06 06:00:00,1,2015-07-07 14:00:00,,,337.5,3.2,,32.5,2015-08-06 16:00:00,20.09,0.0
2015-08-07,27.0,1,0.0,180.0,1.1,9999.0,1900-01-01 00:00:00,22.9,2015-08-07 07:00:00,1,2015-07-07 14:00:00,,,292.5,3.7,,32.1,2015-08-07 13:00:00,15.03,0.0
2015-08-08,23.4,1,0.0,225.0,2.6,9999.0,1900-01-01 00:00:00,21.8,2015-08-08 23:59:59,1,2015-07-07 14:00:00,,,247.5,7.5,,24.6,2015-08-08 05:00:00,1.04,124.5
2015-08-09,24.1,1,0.0,90.0,0.9,9999.0,1900-01-01 00:00:00,21.6,2015-08-09 04:00:00,1,2015-07-07 14:00:00,,,45.0,3.1,,29.2,2015-08-09 16:00:00,5.08,15.0
2015-08-10,26.6,1,0.0,90.0,1.1,9999.0,1900-01-01 00:00:00,21.1,2015-08-10 06:00:00,1,2015-07-07 14:00:00,,,292.5,3.5,,33.0,2015-08-10 13:00:00,21.48,0.0
2015-08-11,25.5,1,0.0,90.0,0.8,9999.0,1900-01-01 00:00:00,22.1,2015-08-11 06:00:00,1,2015-07-07 14:00:00,,,360.0,3.8,,31.9,2015-08-11 12:00:00,10.26,0.0
2015-08-12,27.2,1,0.0,90.0,1.4,9999.0,1900-01-01 00:00:00,22.5,2015-08-12 04:00:00,1,2015-07-07 14:00:00,,,202.5,3.8,,31.7,2015-08-12 13:00:00,14.26,1.0
2015-08-13,26.0,1,0.0,90.0,1.2,9999.0,1900-01-01 00:00:00,23.0,2015-08-13 23:59:59,1,2015-07-07 14:00:00,,,202.5,6.2,,31.0,2015-08-13 13:00:00,16.92,11.5
2015-08-14,24.7,1,0.0,90.0,1.0,9999.0,1900-01-01 00:00:00,22.3,2015-08-14 23:59:59,1,2015-07-07 14:00:00,,,225.0,4.2,,29.8,2015-08-14 11:00:00,9.68,17.0
2015-08-15,24.7,1,0.0,90.0,0.9,9999.0,1900-01-01 00:00:00,21.8,2015-08-15 05:00:00,1,2015-07-07 14:00:00,,,67.5,2.7,,27.7,2015-08-15 09:00:00,7.30,1.0
2015-08-16,24.3,1,0.0,90.0,1.3,9999.0,1900-01-01 00:00:00,21.2,2015-08-16 13:00:00,1,2015-07-07 14:00:00,,,247.5,5.2,,30.2,2015-08-16 10:00:00,6.59,36.0
2015-08-17,24.3,1,0.0,90.0,0.7,9999.0,1900-01-01 00:00:00,21.9,2015-08-17 05:00:00,1,2015-07-07 14:00:00,,,45.0,2.1,,30.5,2015-08-17 12:00:00,9.99,0.0
2015-08-18,25.4,1,0.0,90.0,0.8,9999.0,1900-01-01 00:00:00,21.5,2015-08-18 05:00:00,1,2015-07-07 14:00:00,,,292.5,2.7,,30.8,2015-08-18 13:00:00,12.72,0.0
2015-08-19,23.1,1,0.0,90.0,0.6,9999.0,1900-01-01 00:00:00,22.4,2015-08-19 23:00:00,1,2015-07-07 14:00:00,,,202.5,1.3,,23.7,2015-08-19 22:00:00,0.00,0.0
2015-08-20,22.6,1,0.0,90.0,0.3,9999.0,1900-01-01 00:00:00,22.2,2015-08-20 03:00:00,1,2015-07-07 14:00:00,,,180.0,0.9,,23.0,2015-08-20 01:00:00,0.00,0.0
2015-08-21,27.5,37,10.9,292.5,1.0,9999.0,1900-01-01 00:00:00,23.1,2015-08-21 05:00:00,1,2015-08-21 12:00:00,,,315.0,3.2,,33.5,2015-08-21 15:00:00,18.78,0.0
2015-08-22,27.3,82,23.8,180.0,0.8,9999.0,1900-01-01 00:00:00,23.8,2015-08-22 06:00:00,69,2015-08-22 08:00:00,,,315.0,2.7,,32.2,2015-08-22 14:00:00,10.95,0.0
2015-08-23,26.2,88,24.0,180.0,1.0,9999.0,1900-01-01 00:00:00,23.9,2015-08-23 07:00:00,73,2015-08-23 11:00:00,,,315.0,3.1,,30.1,2015-08-23 10:00:00,8.25,1.5
2015-08-24,25.4,93,24.2,315.0,0.7,9999.0,1900-01-01 00:00:00,24.0,2015-08-24 23:59:59,80,2015-08-24 12:00:00,,,360.0,2.9,,29.2,2015-08-24 12:00:00,6.28,8.0
2015-08-25,25.3,89,23.2,90.0,0.9,9999.0,1900-01-01 00:00:00,22.3,2015-08-25 23:59:59,65,2015-08-25 12:00:00,,,225.0,2.9,,31.7,2015-08-25 12:00:00,8.04,115.5
2015-08-26,23.8,97,23.2,90.0,0.9,9999.0,1900-01-01 00:00:00,22.2,2015-08-26 04:00:00,82,2015-08-26 10:00:00,,,67.5,2.7,,28.2,2015-08-26 10:00:00,5.50,10.0
2015-08-27,23.4,96,22.7,67.5,0.9,9999.0,1900-01-01 00:00:00,22.0,2015-08-27 15:00:00,80,2015-08-27 11:00:00,,,315.0,3.7,,27.7,2015-08-27 12:00:00,3.31,153.0
2015-08-28,22.3,99,22.1,67.5,0.4,9999.0,1900-01-01 00:00:00,21.7,2015-08-28 06:00:00,97,2015-08-28 09:00:00,,,22.5,1.4,,24.3,2015-08-28 09:00:00,0.56,0.5
2015-08-29,22.6,96,22.0,67.5,0.9,9999.0,1900-01-01 00:00:00,21.8,2015-08-29 05:00:00,89,2015-08-29 11:00:00,,,45.0,3.8,,25.3,2015-08-29 11:00:00,1.08,13.0
2015-08-30,22.3,97,21.8,90.0,0.8,9999.0,1900-01-01 00:00:00,21.9,2015-08-30 01:00:00,95,2015-08-30 01:00:00,,,45.0,2.8,,23.5,2015-08-30 18:00:00,0.02,6.5
2015-08-31,23.1,93,21.9,90.0,0.7,9999.0,1900-01-01 00:00:00,21.2,2015-08-31 02:00:00,76,2015-08-31 10:00:00,,,67.5,2.5,,27.0,2015-08-31 10:00:00,2.58,6.0
2015-09-01,23.6,93,22.3,112.5,1.0,9999.0,1900-01-01 00:00:00,22.2,2015-09-01 23:59:59,60,2015-09-01 12:00:00,,,67.5,3.2,,30.9,2015-09-01 12:00:00,2.45,33.0
2015-09-02,24.2,91,22.5,90.0,0.8,9999.0,1900-01-01 00:00:00,21.7,2015-09-02 05:00:00,69,2015-09-02 14:00:00,,,315.0,2.8,,31.0,2015-09-02 13:00:00,10.91,15.5
2015-09-03,26.9,82,23.3,112.5,0.7,9999.0,1900-01-01 00:00:00,21.7,2015-09-03 01:00:00,63,2015-09-03 15:00:00,,,337.5,2.2,,32.3,2015-09-03 15:00:00,10.41,0.0
2015-09-04,24.3,93,23.2,90.0,0.4,9999.0,1900-01-01 00:00:00,23.3,2015-09-04 02:00:00,84,2015-09-04 08:00:00,,,90.0,1.2,,27.2,2015-09-04 08:00:00,0.56,0.0
2015-09-05,25.4,85,22.5,90.0,0.8,9999.0,1900-01-01 00:00:00,22.6,2015-09-05 03:00:00,68,2015-09-05 14:00:00,,,180.0,2.5,,30.7,2015-09-05 14:00:00,10.22,0.0
2015-09-06,26.8,81,23.0,225.0,1.0,9999.0,1900-01-01 00:00:00,21.5,2015-09-06 06:00:00,65,2015-09-06 12:00:00,,,225.0,3.3,,32.2,2015-09-06 13:00:00,20.22,0.0
2015-09-07,24.2,95,23.4,90.0,0.7,9999.0,1900-01-01 00:00:00,22.9,2015-09-07 21:00:00,86,2015-09-07 09:00:00,,,360.0,2.7,,26.9,2015-09-07 08:00:00,3.30,19.0
2015-09-08,25.1,89,22.9,225.0,0.7,9999.0,1900-01-01 00:00:00,22.3,2015-09-08 06:00:00,71,2015-09-08 14:00:00,,,247.5,2.7,,30.4,2015-09-08 13:00:00,12.33,0.5
2015-09-09,24.9,87,22.4,225.0,0.7,9999.0,1900-01-01 00:00:00,22.3,2015-09-09 05:00:00,69,2015-09-09 13:00:00,,,360.0,2.4,,30.8,2015-09-09 13:00:00,5.88,0.0
2015-09-10,24.0,84,21.0,90.0,0.6,9999.0,1900-01-01 00:00:00,21.2,2015-09-10 03:00:00,64,2015-09-10 16:00:00,,,180.0,1.9,,28.9,2015-09-10 16:00:00,1.81,0.0
2015-09-11,25.5,79,21.4,315.0,0.8,9999.0,1900-01-01 00:00:00,21.5,2015-09-11 03:00:00,62,2015-09-11 13:00:00,,,247.5,2.8,,30.4,2015-09-11 14:00:00,13.08,0.0
2015-09-12,25.1,80,21.2,180.0,0.8,9999.0,1900-01-01 00:00:00,22.0,2015-09-12 23:59:59,59,2015-09-12 14:00:00,,,337.5,3.0,,31.0,2015-09-12 14:00:00,14.08,0.0
2015-09-13,24.6,81,20.9,180.0,0.7,9999.0,1900-01-01 00:00:00,20.5,2015-09-13 06:00:00,59,2015-09-13 13:00:00,,,315.0,2.9,,31.4,2015-09-13 13:00:00,8.88,0.0
2015-09-14,25.7,78,21.2,180.0,0.9,9999.0,1900-01-01 00:00:00,21.3,2015-09-14 06:00:00,53,2015-09-14 10:00:00,,,337.5,3.0,,31.3,2015-09-14 15:00:00,14.08,0.0
2015-09-15,25.8,79,21.4,180.0,0.9,9999.0,1900-01-01 00:00:00,21.5,2015-09-15 06:00:00,51,2015-09-15 13:00:00,,,225.0,3.3,,32.3,2015-09-15 13:00:00,15.23,3.0
2015-09-16,27.1,76,22.3,90.0,0.9,9999.0,1900-01-01 00:00:00,22.2,2015-09-16 23:00:00,60,2015-09-16 14:00:00,,,337.5,2.7,,32.1,2015-09-16 14:00:00,9.99,0.0
2015-09-17,25.3,81,21.6,90.0,0.8,9999.0,1900-01-01 00:00:00,21.2,2015-09-17 06:00:00,63,2015-09-17 16:00:00,,,315.0,2.6,,30.7,2015-09-17 14:00:00,11.94,0.0
2015-09-18,24.9,78,20.5,135.0,0.8,9999.0,1900-01-01 00:00:00,20.5,2015-09-18 05:00:00,50,2015-09-18 15:00:00,,,270.0,3.8,,31.2,2015-09-18 15:00:00,20.74,0.0
2015-09-19,25.0,78,20.7,90.0,0.9,9999.0,1900-01-01 00:00:00,20.2,2015-09-19 06:00:00,56,2015-09-19 15:00:00,,,292.5,3.4,,31.2,2015-09-19 15:00:00,20.01,0.0
2015-09-20,25.4,80,21.5,292.5,0.7,9999.0,1900-01-01 00:00:00,22.0,2015-09-20 05:00:00,63,2015-09-20 12:00:00,,,315.0,2.3,,30.3,2015-09-20 12:00:00,12.28,0.0
2015-09-21,25.0,81,21.4,292.5,0.6,9999.0,1900-01-01 00:00:00,22.3,2015-09-21 06:00:00,59,2015-09-21 12:00:00,,,315.0,2.4,,30.1,2015-09-21 12:00:00,10.63,0.0
2015-09-22,24.7,87,22.2,112.5,0.6,9999.0,1900-01-01 00:00:00,21.8,2015-09-22 03:00:00,67,2015-09-22 14:00:00,,,337.5,1.9,,30.7,2015-09-22 14:00:00,8.59,2.0
2015-09-23,25.7,84,22.5,112.5,0.8,9999.0,1900-01-01 00:00:00,21.7,2015-09-23 06:00:00,62,2015-09-23 12:00:00,,,315.0,2.8,,30.9,2015-09-23 14:00:00,13.69,0.0
2015-09-24,26.2,83,22.9,180.0,0.9,9999.0,1900-01-01 00:00:00,22.6,2015-09-24 07:00:00,62,2015-09-24 14:00:00,,,315.0,3.3,,31.9,2015-09-24 12:00:00,13.94,0.0
2015-09-25,25.6,86,23.0,180.0,0.8,9999.0,1900-01-01 00:00:00,22.5,2015-09-25 05:00:00,63,2015-09-25 13:00:00,,,22.5,3.9,,32.3,2015-09-25 13:00:00,10.82,8.0
2015-09-26,26.3,80,22.3,90.0,1.0,9999.0,1900-01-01 00:00:00,22.1,2015-09-26 23:00:00,61,2015-09-26 15:00:00,,,292.5,3.4,,32.5,2015-09-26 15:00:00,14.54,0.0
2015-09-27,24.0,80,20.1,292.5,0.7,9999.0,1900-01-01 00:00:00,20.7,2015-09-27 23:59:59,62,2015-09-27 13:00:00,,,337.5,2.2,,28.6,2015-09-27 13:00:00,4.27,0.0
2015-09-28,22.9,95,22.1,225.0,2.0,9999.0,1900-01-01 00:00:00,20.5,2015-09-28 03:00:00,88,2015-09-28 08:00:00,,,315.0,9.9,,25.4,2015-09-28 16:00:00,1.44,65.5
2015-09-29,24.7,91,23.0,45.0,1.3,9999.0,1900-01-01 00:00:00,22.1,2015-09-29 05:00:00,77,2015-09-29 15:00:00,,,202.5,10.1,,28.5,2015-09-29 15:00:00,5.64,58.0
2015-09-30,26.0,87,23.3,112.5,0.9,9999.0,1900-01-01 00:00:00,22.4,2015-09-30 06:00:00,60,2015-09-30 10:00:00,,,360.0,3.9,,32.7,2015-09-30 10:00:00,13.47,3.5
2015-10-01,24.6,93,23.2,180.0,0.6,9999.0,1900-01-01 00:00:00,21.9,2015-10-01 06:00:00,70,2015-10-01 14:00:00,,,292.5,2.4,,31.1,2015-10-01 14:00:00,7.49,6.5
2015-10-02,25.7,89,23.6,292.5,0.6,9999.0,1900-01-01 00:00:00,22.9,2015-10-02 23:59:59,69,2015-10-02 12:00:00,,,315.0,2.4,,30.7,2015-10-02 12:00:00,7.70,0.0
2015-10-03,24.6,89,22.5,180.0,0.8,9999.0,1900-01-01 00:00:00,21.8,2015-10-03 06:00:00,66,2015-10-03 15:00:00,,,225.0,2.6,,31.2,2015-10-03 15:00:00,7.52,13.5
2015-10-04,26.2,84,22.9,292.5,0.9,9999.0,1900-01-01 00:00:00,21.6,2015-10-04 06:00:00,59,2015-10-04 12:00:00,,,292.5,2.8,,32.2,2015-10-04 12:00:00,19.51,0.0
2015-10-05,25.0,88,22.7,180.0,0.8,9999.0,1900-01-01 00:00:00,21.6,2015-10-05 06:00:00,64,2015-10-05 12:00:00,,,247.5,2.7,,31.1,2015-10-05 14:00:00,11.24,9.5
2015-10-06,25.1,88,22.9,90.0,0.9,9999.0,1900-01-01 00:00:00,22.1,2015-10-06 06:00:00,70,2015-10-06 15:00:00,,,292.5,2.8,,30.6,2015-10-06 14:00:00,14.69,1.0
2015-10-07,24.7,87,22.2,292.5,0.8,9999.0,1900-01-01 00:00:00,20.7,2015-10-07 06:00:00,65,2015-10-07 15:00:00,,,247.5,2.8,,30.7,2015-10-07 14:00:00,13.10,0.0
2015-10-08,23.6,88,21.4,292.5,0.8,9999.0,1900-01-01 00:00:00,20.3,2015-10-08 06:00:00,66,2015-10-08 11:00:00,,,315.0,3.0,,29.1,2015-10-08 10:00:00,8.54,1.0
2015-10-09,23.7,91,21.9,90.0,0.7,9999.0,1900-01-01 00:00:00,21.1,2015-10-09 03:00:00,74,2015-10-09 14:00:00,,,315.0,2.9,,28.9,2015-10-09 14:00:00,10.38,7.0
2015-10-10,23.1,93,21.8,225.0,0.6,9999.0,1900-01-01 00:00:00,20.7,2015-10-10 22:00:00,82,2015-10-10 16:00:00,,,270.0,2.3,,26.2,2015-10-10 12:00:00,5.56,4.0
2015-10-11,21.2,93,20.0,225.0,0.5,9999.0,1900-01-01 00:00:00,19.3,2015-10-11 21:00:00,85,2015-10-11 12:00:00,,,22.5,1.7,,24.3,2015-10-11 12:00:00,1.31,0.0
2015-10-12,22.5,91,20.8,225.0,0.6,9999.0,1900-01-01 00:00:00,19.2,2015-10-12 03:00:00,79,2015-10-12 14:00:00,,,247.5,2.3,,26.5,2015-10-12 11:00:00,6.98,0.0
2015-10-13,23.9,82,20.4,225.0,0.9,9999.0,1900-01-01 00:00:00,20.9,2015-10-13 05:00:00,66,2015-10-13 14:00:00,,,202.5,2.7,,28.0,2015-10-13 14:00:00,7.42,0.0
2015-10-14,22.4,82,18.9,112.5,0.8,9999.0,1900-01-01 00:00:00,18.4,2015-10-14 06:00:00,63,2015-10-14 14:00:00,,,315.0,3.4,,27.4,2015-10-14 13:00:00,17.27,0.0
2015-10-15,22.6,81,19.0,112.5,0.8,9999.0,1900-01-01 00:00:00,18.5,2015-10-15 07:00:00,66,2015-10-15 14:00:00,,,292.5,3.3,,27.0,2015-10-15 14:00:00,14.96,0.0
2015-10-16,22.8,83,19.6,90.0,0.8,9999.0,1900-01-01 00:00:00,18.7,2015-10-16 02:00:00,63,2015-10-16 15:00:00,,,337.5,2.9,,28.3,2015-10-16 15:00:00,16.09,0.0
2015-10-17,22.7,85,19.8,112.5,0.7,9999.0,1900-01-01 00:00:00,19.0,2015-10-17 06:00:00,64,2015-10-17 15:00:00,,,337.5,2.5,,28.4,2015-10-17 15:00:00,12.50,0.0
2015-10-18,23.3,83,20.1,90.0,0.7,9999.0,1900-01-01 00:00:00,19.3,2015-10-18 06:00:00,64,2015-10-18 15:00:00,,,315.0,2.4,,29.6,2015-10-18 14:00:00,15.17,0.0
2015-10-19,24.3,85,21.3,90.0,0.7,9999.0,1900-01-01 00:00:00,20.5,2015-10-19 06:00:00,68,2015-10-19 13:00:00,,,315.0,2.3,,29.5,2015-10-19 12:00:00,11.39,0.0
2015-10-20,24.0,91,22.4,67.5,0.6,9999.0,1900-01-01 00:00:00,22.1,2015-10-20 02:00:00,76,2015-10-20 12:00:00,,,292.5,1.9,,27.6,2015-10-20 12:00:00,5.50,0.5
2015-10-21,23.4,96,22.7,270.0,0.5,9999.0,1900-01-01 00:00:00,22.0,2015-10-21 06:00:00,87,2015-10-21 15:00:00,,,315.0,1.9,,25.9,2015-10-21 11:00:00,4.81,2.0
2015-10-22,23.8,94,22.6,292.5,0.6,9999.0,1900-01-01 00:00:00,21.6,2015-10-22 23:59:59,83,2015-10-22 12:00:00,,,247.5,2.1,,26.5,2015-10-22 12:00:00,7.71,1.0
2015-10-23,24.3,88,22.1,45.0,0.7,9999.0,1900-01-01 00:00:00,21.5,2015-10-23 07:00:00,70,2015-10-23 14:00:00,,,22.5,2.6,,29.6,2015-10-23 14:00:00,9.95,0.0
2015-10-24,24.9,88,22.7,45.0,0.7,9999.0,1900-01-01 00:00:00,21.9,2015-10-24 03:00:00,72,2015-10-24 13:00:00,,,22.5,2.9,,29.3,2015-10-24 12:00:00,11.47,0.0
2015-10-25,24.7,88,22.5,90.0,0.8,9999.0,1900-01-01 00:00:00,22.2,2015-10-25 06:00:00,72,2015-10-25 14:00:00,,,315.0,2.8,,29.1,2015-10-25 14:00:00,13.30,0.0
2015-10-26,23.8,90,22.0,292.5,0.8,9999.0,1900-01-01 00:00:00,21.3,2015-10-26 23:59:59,77,2015-10-26 11:00:00,,,315.0,2.9,,27.7,2015-10-26 11:00:00,11.44,0.0
2015-10-27,24.1,86,21.3,247.5,0.8,9999.0,1900-01-01 00:00:00,20.9,2015-10-27 23:59:59,63,2015-10-27 13:00:00,,,45.0,2.8,,29.8,2015-10-27 13:00:00,15.09,0.0
2015-10-28,23.6,84,20.6,180.0,0.8,9999.0,1900-01-01 00:00:00,19.7,2015-10-28 07:00:00,66,2015-10-28 13:00:00,,,247.5,3.0,,28.4,2015-10-28 13:00:00,14.08,0.0
2015-10-29,23.1,84,20.2,90.0,0.8,9999.0,1900-01-01 00:00:00,19.9,2015-10-29 05:00:00,64,2015-10-29 13:00:00,,,315.0,2.9,,29.1,2015-10-29 13:00:00,12.24,0.0
2015-10-30,23.3,79,19.1,90.0,0.9,9999.0,1900-01-01 00:00:00,19.2,2015-10-30 07:00:00,54,2015-10-30 11:00:00,,,360.0,3.6,,29.1,2015-10-30 13:00:00,13.27,0.0
2015-10-31,22.7,84,19.7,247.5,0.7,9999.0,1900-01-01 00:00:00,18.5,2015-10-31 06:00:00,63,2015-10-31 13:00:00,,,337.5,2.8,,29.3,2015-10-31 13:00:00,13.28,0.0
2015-11-01,21.9,92,20.4,292.5,0.6,9999.0,1900-01-01 00:00:00,19.7,2015-11-01 23:00:00,81,2015-11-01 16:00:00,,,292.5,2.3,,24.5,2015-11-01 11:00:00,4.53,0.0
2015-11-02,21.2,88,18.9,225.0,0.8,9999.0,1900-01-01 00:00:00,18.1,2015-11-02 23:59:59,70,2015-11-02 12:00:00,,,270.0,3.1,,26.4,2015-11-02 14:00:00,13.41,0.0
2015-11-03,21.7,87,19.2,90.0,0.6,9999.0,1900-01-01 00:00:00,17.6,2015-11-03 03:00:00,64,2015-11-03 16:00:00,,,292.5,3.0,,28.3,2015-11-03 14:00:00,11.54,0.0
2015-11-04,23.2,87,20.7,90.0,0.7,9999.0,1900-01-01 00:00:00,19.6,2015-11-04 05:00:00,67,2015-11-04 11:00:00,,,270.0,2.4,,29.2,2015-11-04 12:00:00,10.98,0.0
2015-11-05,23.5,86,20.8,157.5,0.7,9999.0,1900-01-01 00:00:00,19.8,2015-11-05 04:00:00,66,2015-11-05 13:00:00,,,315.0,2.0,,29.1,2015-11-05 13:00:00,11.07,0.0
2015-11-06,24.0,88,21.7,247.5,0.8,9999.0,1900-01-01 00:00:00,20.2,2015-11-06 05:00:00,72,2015-11-06 10:00:00,,,315.0,3.0,,28.9,2015-11-06 15:00:00,13.92,0.0
2015-11-07,24.4,83,20.7,90.0,0.7,9999.0,1900-01-01 00:00:00,19.9,2015-11-07 06:00:00,49,2015-11-07 14:00:00,,,270.0,2.7,,31.9,2015-11-07 14:00:00,14.42,0.0
2015-11-08,24.2,83,20.8,112.5,0.7,9999.0,1900-01-01 00:00:00,20.0,2015-11-08 06:00:00,62,2015-11-08 13:00:00,,,292.5,2.8,,29.7,2015-11-08 13:00:00,12.56,0.0
2015-11-09,24.0,85,21.0,90.0,0.7,9999.0,1900-01-01 00:00:00,20.5,2015-11-09 23:59:59,60,2015-11-09 14:00:00,,,315.0,3.0,,30.6,2015-11-09 14:00:00,9.94,0.0
2015-11-10,22.2,88,19.9,90.0,0.7,9999.0,1900-01-01 00:00:00,19.3,2015-11-10 23:00:00,65,2015-11-10 15:00:00,,,225.0,2.4,,28.4,2015-11-10 15:00:00,8.92,0.0
2015-11-11,22.7,86,20.0,90.0,0.7,9999.0,1900-01-01 00:00:00,19.1,2015-11-11 05:00:00,65,2015-11-11 14:00:00,,,315.0,2.5,,28.6,2015-11-11 14:00:00,9.61,0.0
2015-11-12,23.2,84,20.2,112.5,0.6,9999.0,1900-01-01 00:00:00,19.7,2015-11-12 03:00:00,62,2015-11-12 15:00:00,,,270.0,2.4,,29.3,2015-11-12 15:00:00,9.51,0.0
2015-11-13,23.1,89,21.1,112.5,0.6,9999.0,1900-01-01 00:00:00,20.7,2015-11-13 06:00:00,75,2015-11-13 15:00:00,,,22.5,2.4,,27.1,2015-11-13 14:00:00,5.39,0.0
2015-11-14,23.2,82,19.7,112.5,0.7,9999.0,1900-01-01 00:00:00,19.5,2015-11-14 07:00:00,56,2015-11-14 11:00:00,,,360.0,2.9,,29.5,2015-11-14 11:00:00,7.93,0.0
2015-11-15,24.0,77,19.3,112.5,0.7,9999.0,1900-01-01 00:00:00,19.1,2015-11-15 07:00:00,51,2015-11-15 12:00:00,,,225.0,2.6,,29.6,2015-11-15 12:00:00,12.00,0.0
2015-11-16,23.2,81,19.6,135.0,0.7,9999.0,1900-01-01 00:00:00,18.9,2015-11-16 06:00:00,65,2015-11-16 14:00:00,,,292.5,2.6,,28.8,2015-11-16 13:00:00,13.15,0.0
2015-11-17,24.8,76,19.8,112.5,0.6,9999.0,1900-01-01 00:00:00,20.2,2015-11-17 07:00:00,48,2015-11-17 15:00:00,,,315.0,2.6,,34.6,2015-11-17 15:00:00,13.27,3.0
2015-11-18,24.4,83,20.9,112.5,0.6,9999.0,1900-01-01 00:00:00,20.0,2015-11-18 07:00:00,49,2015-11-18 14:00:00,,,270.0,2.5,,32.3,2015-11-18 14:00:00,10.73,0.0
2015-11-19,23.9,83,20.4,112.5,0.5,9999.0,1900-01-01 00:00:00,19.8,2015-11-19 07:00:00,58,2015-11-19 14:00:00,,,337.5,3.0,,30.0,2015-11-19 14:00:00,11.09,0.0
2015-11-20,22.8,85,19.9,112.5,0.4,9999.0,1900-01-01 00:00:00,19.3,2015-11-20 03:00:00,69,2015-11-20 14:00:00,,,315.0,2.4,,28.5,2015-11-20 14:00:00,8.31,0.0
2015-11-21,21.4,91,19.9,180.0,0.5,9999.0,1900-01-01 00:00:00,19.3,2015-11-21 23:59:59,80,2015-11-21 09:00:00,,,67.5,2.1,,25.4,2015-11-21 12:00:00,4.22,3.0
2015-11-22,22.5,84,19.3,112.5,0.6,9999.0,1900-01-01 00:00:00,17.8,2015-11-22 06:00:00,56,2015-11-22 13:00:00,,,247.5,2.3,,29.4,2015-11-22 16:00:00,12.64,0.0
2015-11-23,22.4,84,19.3,112.5,0.6,9999.0,1900-01-01 00:00:00,18.4,2015-11-23 06:00:00,61,2015-11-23 14:00:00,,,247.5,2.9,,29.2,2015-11-23 14:00:00,11.47,0.0
2015-11-24,21.3,84,18.3,180.0,0.5,9999.0,1900-01-01 00:00:00,18.1,2015-11-24 07:00:00,64,2015-11-24 14:00:00,,,292.5,2.4,,28.2,2015-11-24 14:00:00,7.94,0.0
2015-11-25,20.3,85,17.5,225.0,0.5,9999.0,1900-01-01 00:00:00,16.4,2015-11-25 23:59:59,64,2015-11-25 14:00:00,,,22.5,3.8,,26.4,2015-11-25 14:00:00,7.26,0.0
2015-11-26,15.7,77,11.6,202.5,0.6,9999.0,1900-01-01 00:00:00,10.3,2015-11-26 23:59:59,54,2015-11-26 16:00:00,,,337.5,2.8,,20.5,2015-11-26 16:00:00,7.15,0.0
2015-11-27,14.8,80,11.0,90.0,0.5,9999.0,1900-01-01 00:00:00,10.1,2015-11-27 01:00:00,60,2015-11-27 12:00:00,,,315.0,2.9,,21.0,2015-11-27 12:00:00,9.05,0.0
2015-11-28,17.9,74,12.8,112.5,0.6,9999.0,1900-01-01 00:00:00,12.3,2015-11-28 05:00:00,50,2015-11-28 13:00:00,,,315.0,2.6,,24.6,2015-11-28 13:00:00,12.83,0.0
2015-11-29,20.7,69,14.1,112.5,0.7,9999.0,1900-01-01 00:00:00,12.9,2015-11-29 22:00:00,40,2015-11-29 11:00:00,,,360.0,2.7,,29.4,2015-11-29 11:00:00,12.30,0.0
2015-11-30,20.7,80,16.8,112.5,0.5,9999.0,1900-01-01 00:00:00,11.2,2015-11-30 06:00:00,55,2015-11-30 13:00:00,,,270.0,2.6,,29.2,2015-11-30 13:00:00,10.13,0.0
2015-12-01,20.9,81,17.5,112.5,0.4,9999.0,1900-01-01 00:00:00,12.1,2015-12-01 19:00:00,68,2015-12-01 12:00:00,,,360.0,2.0,,25.8,2015-12-01 11:00:00,6.06,0.0
2015-12-02,20.7,83,17.4,112.5,0.5,9999.0,1900-01-01 00:00:00,14.2,2015-12-02 01:00:00,58,2015-12-02 14:00:00,,,270.0,2.7,,29.2,2015-12-02 15:00:00,12.68,0.0
2015-12-03,18.9,87,16.6,225.0,0.4,9999.0,1900-01-01 00:00:00,11.8,2015-12-03 21:00:00,71,2015-12-03 15:00:00,,,337.5,2.3,,24.0,2015-12-03 08:00:00,7.41,0.0
2015-12-04,20.0,80,16.3,112.5,0.5,9999.0,1900-01-01 00:00:00,13.5,2015-12-04 02:00:00,60,2015-12-04 14:00:00,,,315.0,2.6,,26.6,2015-12-04 14:00:00,8.30,0.0
2015-12-05,20.1,85,17.3,247.5,0.5,9999.0,1900-01-01 00:00:00,12.4,2015-12-05 03:00:00,64,2015-12-05 13:00:00,,,292.5,2.8,,28.0,2015-12-05 13:00:00,9.98,0.0
2015-12-06,17.6,92,16.2,22.5,0.7,9999.0,1900-01-01 00:00:00,15.0,2015-12-06 05:00:00,77,2015-12-06 15:00:00,,,45.0,2.6,,23.9,2015-12-06 15:00:00,3.99,0.0
2015-12-07,18.3,89,16.4,247.5,0.4,9999.0,1900-01-01 00:00:00,9.7,2015-12-07 07:00:00,78,2015-12-07 14:00:00,,,270.0,2.1,,23.0,2015-12-07 13:00:00,5.50,0.0
2015-12-08,20.1,85,17.3,112.5,0.6,9999.0,1900-01-01 00:00:00,14.5,2015-12-08 05:00:00,64,2015-12-08 14:00:00,,,315.0,2.6,,27.6,2015-12-08 13:00:00,11.26,0.0
2015-12-09,19.3,90,17.5,112.5,0.6,9999.0,1900-01-01 00:00:00,13.0,2015-12-09 08:00:00,67,2015-12-09 12:00:00,,,45.0,2.5,,26.2,2015-12-09 11:00:00,4.88,1.0
2015-12-10,17.9,96,17.2,45.0,0.6,9999.0,1900-01-01 00:00:00,11.9,2015-12-10 11:00:00,78,2015-12-10 16:00:00,,,315.0,3.1,,27.3,2015-12-10 03:00:00,2.13,50.5
2015-12-11,17.5,91,15.9,112.5,0.4,9999.0,1900-01-01 00:00:00,11.9,2015-12-11 04:00:00,68,2015-12-11 12:00:00,,,225.0,2.3,,26.9,2015-12-11 12:00:00,8.20,0.0
2015-12-12,19.4,85,16.6,90.0,0.6,9999.0,1900-01-01 00:00:00,13.8,2015-12-12 05:00:00,52,2015-12-12 12:00:00,,,45.0,2.7,,26.6,2015-12-12 12:00:00,8.52,0.0
2015-12-13,19.7,80,15.7,180.0,0.6,9999.0,1900-01-01 00:00:00,12.8,2015-12-13 07:00:00,47,2015-12-13 14:00:00,,,360.0,2.0,,28.8,2015-12-13 14:00:00,11.11,0.0
2015-12-14,19.4,83,16.0,90.0,0.5,9999.0,1900-01-01 00:00:00,11.1,2015-12-14 23:00:00,57,2015-12-14 15:00:00,,,247.5,2.6,,29.5,2015-12-14 12:00:00,10.91,0.0
2015-12-15,17.2,90,15.4,225.0,0.6,9999.0,1900-01-01 00:00:00,9.9,2015-12-15 21:00:00,70,2015-12-15 16:00:00,,,337.5,2.9,,23.2,2015-12-15 14:00:00,7.07,0.0
2015-12-16,13.5,84,10.8,315.0,0.7,9999.0,1900-01-01 00:00:00,6.7,2015-12-16 22:00:00,68,2015-12-16 15:00:00,,,315.0,2.6,,17.7,2015-12-16 14:00:00,2.62,0.0
2015-12-17,10.7,78,6.8,315.0,0.5,9999.0,1900-01-01 00:00:00,4.1,2015-12-17 02:00:00,61,2015-12-17 15:00:00,,,315.0,2.0,,16.9,2015-12-17 10:00:00,4.13,0.0
2015-12-18,13.5,81,10.1,112.5,0.4,9999.0,1900-01-01 00:00:00,7.9,2015-12-18 06:00:00,63,2015-12-18 15:00:00,,,292.5,1.9,,24.7,2015-12-18 11:00:00,4.10,0.0
2015-12-19,15.6,79,11.5,135.0,0.6,9999.0,1900-01-01 00:00:00,5.9,2015-12-19 01:00:00,53,2015-12-19 12:00:00,,,337.5,2.8,,23.5,2015-12-19 16:00:00,12.71,0.0
2015-12-20,16.2,82,13.0,180.0,0.5,9999.0,1900-01-01 00:00:00,7.5,2015-12-20 04:00:00,63,2015-12-20 14:00:00,,,45.0,3.1,,23.0,2015-12-20 12:00:00,4.62,0.0
2015-12-21,18.7,85,15.9,112.5,0.4,9999.0,1900-01-01 00:00:00,11.1,2015-12-21 08:00:00,66,2015-12-21 11:00:00,,,67.5,2.3,,24.8,2015-12-21 11:00:00,8.10,0.0
2015-12-22,19.7,90,17.9,292.5,0.6,9999.0,1900-01-01 00:00:00,11.9,2015-12-22 07:00:00,67,2015-12-22 14:00:00,,,315.0,3.1,,26.9,2015-12-22 14:00:00,10.59,0.0
2015-12-23,21.0,83,17.7,292.5,0.5,9999.0,1900-01-01 00:00:00,14.2,2015-12-23 08:00:00,58,2015-12-23 15:00:00,,,315.0,2.6,,30.9,2015-12-23 15:00:00,10.65,0.0
2015-12-24,21.8,85,19.0,112.5,0.5,9999.0,1900-01-01 00:00:00,16.8,2015-12-24 06:00:00,58,2015-12-24 12:00:00,,,292.5,2.2,,29.8,2015-12-24 19:00:00,7.20,0.0
2015-12-25,18.1,96,17.5,225.0,0.5,9999.0,1900-01-01 00:00:00,11.6,2015-12-25 20:00:00,92,2015-12-25 14:00:00,,,67.5,2.1,,22.6,2015-12-25 16:00:00,1.79,0.0
2015-12-26,16.1,99,15.9,67.5,0.4,9999.0,1900-01-01 00:00:00,9.0,2015-12-26 08:00:00,93,2015-12-26 11:00:00,,,67.5,2.1,,19.8,2015-12-26 13:00:00,1.83,0.5
2015-12-27,16.8,97,16.2,337.5,0.5,9999.0,1900-01-01 00:00:00,10.2,2015-12-27 23:00:00,71,2015-12-27 11:00:00,,,22.5,2.7,,24.8,2015-12-27 11:00:00,4.65,2.0
2015-12-28,15.4,92,13.9,292.5,0.6,9999.0,1900-01-01 00:00:00,8.7,2015-12-28 06:00:00,66,2015-12-28 16:00:00,,,157.5,2.4,,24.1,2015-12-28 15:00:00,7.06,0.0
2015-12-29,16.2,87,13.8,112.5,0.5,9999.0,1900-01-01 00:00:00,9.4,2015-12-29 01:00:00,62,2015-12-29 12:00:00,,,337.5,2.6,,27.3,2015-12-29 17:00:00,7.71,0.0
2015-12-30,16.2,87,13.9,90.0,0.4,9999.0,1900-01-01 00:00:00,9.3,2015-12-30 23:59:59,68,2015-12-30 15:00:00,,,315.0,2.8,,28.6,2015-12-30 12:00:00,8.39,0.0
2015-12-31,16.3,86,13.6,112.5,0.5,9999.0,1900-01-01 00:00:00,9.4,2015-12-31 08:59:00,59,2015-12-31 14:59:00,,,337.5,2.5,,24.9,2015-12-31 14:59:00,25.74,0.0
