日期,平均氣壓(hPa),平均氣溫(℃),平均相對溼度( %),平均露點溫度(℃),平均風向(°),平均風速(ms),日最低氣壓(hPa),日最高氣壓(hPa),最低氣壓時間,最低氣溫(℃),最低氣溫時間,最低相對溼度( %),最低相對溼度時間,最大六十分鐘降水量(mm),最大六十分鐘降水量起始時間,最大十分鐘降水量(mm),最大十分鐘降水量起始時間,最大陣風風向(°),最大陣風風速(ms),最高氣壓時間,最高氣溫(℃),最高氣溫時間,海平面氣壓(hPa),累積日射量(MJm2),累積日照時數(hr),累計雨量(mm)
2019-01-01,,,,,,,,,,,,,,,,,,,,,,,,,,
2019-01-02,1019.8,21.2,67,15.0,60.0,10.3,1018.2,1021.4,2019-01-02 02:30:00,20.1,2019-01-02 07:26:00,60,2019-01-02 12:20:00,0.0,2019-01-02 00:00:00,0.0,2019-01-02 00:00:00,50.0,25.9,2019-01-02 09:13:00,22.0,2019-01-02 12:21:00,1021.8,5.42,6.7,0.0
2019-01-03,1020.5,23.3,66,16.6,70.0,6.0,1019.0,1022.4,2019-01-03 17:31:00,20.8,2019-01-03 02:53:00,54,2019-01-03 09:38:00,0.0,2019-01-03 00:00:00,0.0,2019-01-03 00:00:00,70.0,20.9,2019-01-03 09:37:00,25.9,2019-01-03 13:30:00,1022.5,12.41,7.9,0.0
2019-01-04,1020.0,24.4,71,18.9,80.0,6.1,1018.2,1021.8,2019-01-04 15:20:00,22.6,2019-01-04 00:01:00,60,2019-01-04 12:50:00,0.0,2019-01-04 00:00:00,0.0,2019-01-04 00:00:00,70.0,17.6,2019-01-04 09:22:00,27.0,2019-01-04 12:30:00,1022.1,15.75,8.0,0.0
2019-01-05,1017.7,25.0,76,20.6,110.0,3.1,1015.9,1019.4,2019-01-05 15:09:00,22.8,2019-01-05 03:57:00,63,2019-01-05 15:00:00,0.0,2019-01-05 00:00:00,0.0,2019-01-05 00:00:00,70.0,7.7,2019-01-05 00:34:00,27.8,2019-01-05 14:41:00,1019.7,9.71,8.1,0.0
2019-01-06,1017.0,23.8,72,18.4,70.0,8.5,1015.4,1018.6,2019-01-06 14:52:00,22.2,2019-01-06 23:27:00,63,2019-01-06 14:54:00,0.0,2019-01-06 00:00:00,0.0,2019-01-06 00:00:00,50.0,24.3,2019-01-06 08:55:00,26.6,2019-01-06 11:00:00,1019.0,13.75,8.1,0.0
2019-01-07,1017.5,24.0,66,17.2,60.0,6.1,1016.2,1019.3,2019-01-07 02:42:00,22.3,2019-01-07 01:44:00,54,2019-01-07 11:05:00,0.0,2019-01-07 00:00:00,0.0,2019-01-07 00:00:00,80.0,19.9,2019-01-07 10:04:00,26.8,2019-01-07 12:02:00,1019.5,15.22,8.4,0.0
2019-01-08,1017.3,23.7,74,19.0,80.0,5.1,1015.5,1019.3,2019-01-08 15:21:00,22.5,2019-01-08 06:45:00,64,2019-01-08 14:04:00,0.0,2019-01-08 00:00:00,0.0,2019-01-08 00:00:00,50.0,21.8,2019-01-08 09:18:00,26.1,2019-01-08 12:14:00,1019.3,6.09,6.5,0.0
2019-01-09,1017.4,23.6,65,16.7,70.0,13.2,1015.7,1019.6,2019-01-09 14:48:00,22.7,2019-01-09 00:52:00,56,2019-01-09 13:10:00,0.0,2019-01-09 00:00:00,0.0,2019-01-09 00:00:00,50.0,26.9,2019-01-09 09:17:00,25.7,2019-01-09 13:45:00,1019.4,16.06,8.9,0.0
2019-01-10,1017.4,24.5,69,18.4,70.0,3.9,1015.8,1019.1,2019-01-10 14:14:00,23.2,2019-01-10 00:55:00,56,2019-01-10 12:33:00,0.0,2019-01-10 00:00:00,0.0,2019-01-10 00:00:00,40.0,13.1,2019-01-10 08:56:00,27.7,2019-01-10 12:41:00,1019.5,13.44,7.6,0.0
2019-01-11,1016.0,24.8,71,19.3,100.0,3.3,1013.7,1017.9,2019-01-11 14:41:00,21.9,2019-01-11 22:55:00,54,2019-01-11 12:32:00,0.0,2019-01-11 00:00:00,0.0,2019-01-11 00:00:00,70.0,9.3,2019-01-11 09:32:00,28.6,2019-01-11 12:36:00,1018.0,14.69,9.0,0.0
2019-01-12,1015.6,24.5,75,19.7,110.0,2.0,1014.0,1016.9,2019-01-12 14:10:00,21.5,2019-01-12 02:48:00,50,2019-01-12 13:40:00,0.0,2019-01-12 00:00:00,0.0,2019-01-12 00:00:00,70.0,6.7,2019-01-12 08:28:00,28.2,2019-01-12 13:15:00,1017.6,9.30,7.8,0.0
2019-01-13,1015.3,23.4,68,17.2,70.0,6.7,1013.9,1017.1,2019-01-13 15:54:00,22.3,2019-01-13 23:46:00,59,2019-01-13 10:30:00,0.0,2019-01-13 00:00:00,0.0,2019-01-13 00:00:00,60.0,19.7,2019-01-13 09:41:00,25.0,2019-01-13 11:41:00,1017.3,8.32,8.3,0.0
2019-01-14,1014.6,22.6,69,16.7,80.0,9.6,1012.2,1016.6,2019-01-14 14:57:00,21.6,2019-01-14 07:07:00,59,2019-01-14 11:17:00,0.0,2019-01-14 00:00:00,0.0,2019-01-14 00:00:00,60.0,23.4,2019-01-14 07:50:00,24.7,2019-01-14 11:17:00,1016.6,14.73,8.3,0.0
2019-01-15,1015.2,22.7,74,17.8,80.0,6.5,1013.5,1017.4,2019-01-15 14:43:00,21.4,2019-01-15 23:22:00,61,2019-01-15 11:56:00,0.0,2019-01-15 00:00:00,0.0,2019-01-15 00:00:00,60.0,18.1,2019-01-15 09:15:00,25.3,2019-01-15 11:55:00,1017.2,9.62,7.0,0.0
2019-01-16,1015.2,21.9,73,16.9,70.0,6.5,1013.3,1017.3,2019-01-16 16:45:00,20.7,2019-01-16 05:27:00,63,2019-01-16 23:59:00,0.0,2019-01-16 00:00:00,0.0,2019-01-16 00:00:00,50.0,18.2,2019-01-16 08:38:00,23.6,2019-01-16 13:51:00,1017.3,6.87,7.5,0.0
2019-01-17,1016.5,21.7,62,14.2,60.0,10.3,1014.6,1018.0,2019-01-17 03:46:00,20.0,2019-01-17 21:27:00,52,2019-01-17 10:40:00,0.0,2019-01-17 00:00:00,0.0,2019-01-17 00:00:00,50.0,27.5,2019-01-17 23:54:00,24.3,2019-01-17 13:49:00,1018.5,14.00,8.6,0.0
2019-01-18,1018.1,20.7,57,12.0,70.0,11.1,1016.5,1020.0,2019-01-18 15:38:00,19.2,2019-01-18 06:58:00,48,2019-01-18 15:39:00,0.0,2019-01-18 00:00:00,0.0,2019-01-18 00:00:00,50.0,27.5,2019-01-18 09:08:00,22.3,2019-01-18 14:32:00,1020.2,18.34,9.1,0.0
2019-01-19,1017.1,21.7,61,13.8,70.0,7.0,1015.1,1019.1,2019-01-19 15:00:00,19.8,2019-01-19 02:54:00,54,2019-01-19 01:13:00,0.0,2019-01-19 00:00:00,0.0,2019-01-19 00:00:00,50.0,17.3,2019-01-19 00:24:00,24.0,2019-01-19 14:14:00,1019.2,11.24,8.1,0.0
2019-01-20,1016.0,22.6,70,17.0,60.0,2.8,1014.4,1017.9,2019-01-20 18:53:00,20.6,2019-01-20 22:17:00,55,2019-01-20 12:58:00,0.0,2019-01-20 00:00:00,0.0,2019-01-20 00:00:00,40.0,14.2,2019-01-20 08:43:00,26.6,2019-01-20 12:58:00,1018.1,10.37,7.5,0.0
2019-01-21,1015.6,21.4,60,13.5,60.0,11.1,1012.9,1017.7,2019-01-21 04:05:00,20.4,2019-01-21 23:28:00,52,2019-01-21 11:53:00,0.0,2019-01-21 00:00:00,0.0,2019-01-21 00:00:00,60.0,26.8,2019-01-21 21:08:00,23.6,2019-01-21 13:39:00,1017.6,13.23,9.1,0.0
2019-01-22,1016.6,20.1,70,14.5,40.0,4.6,1015.2,1018.2,2019-01-22 15:21:00,16.3,2019-01-22 06:51:00,58,2019-01-22 02:22:00,0.0,2019-01-22 00:00:00,0.0,2019-01-22 00:00:00,60.0,20.0,2019-01-22 10:23:00,22.5,2019-01-22 13:45:00,1018.6,14.70,8.0,0.0
2019-01-23,1016.1,20.3,59,12.2,70.0,9.3,1014.4,1017.8,2019-01-23 04:32:00,18.7,2019-01-23 04:40:00,52,2019-01-23 10:26:00,0.0,2019-01-23 00:00:00,0.0,2019-01-23 00:00:00,80.0,19.2,2019-01-23 09:30:00,22.5,2019-01-23 11:54:00,1018.2,10.94,7.8,0.0
2019-01-24,1016.7,21.5,60,13.5,70.0,8.1,1015.1,1017.9,2019-01-24 14:52:00,19.6,2019-01-24 06:31:00,51,2019-01-24 14:49:00,0.0,2019-01-24 00:00:00,0.0,2019-01-24 00:00:00,90.0,16.3,2019-01-24 08:44:00,23.9,2019-01-24 14:36:00,1018.7,18.48,9.3,0.0
2019-01-25,1017.7,21.9,63,14.5,60.0,4.4,1016.0,1018.9,2019-01-25 15:04:00,19.5,2019-01-25 21:34:00,49,2019-01-25 15:16:00,0.1,2019-01-25 10:19:00,0.1,2019-01-25 11:09:00,70.0,12.4,2019-01-25 09:14:00,25.0,2019-01-25 14:52:00,1019.7,15.92,9.2,0.1
2019-01-26,1018.3,19.7,62,12.3,70.0,12.3,1016.9,1019.9,2019-01-26 14:30:00,18.6,2019-01-26 21:09:00,51,2019-01-26 12:06:00,0.0,2019-01-26 00:00:00,0.0,2019-01-26 00:00:00,50.0,25.8,2019-01-26 21:12:00,21.6,2019-01-26 12:06:00,1020.3,12.78,8.1,0.0
2019-01-27,1019.7,19.3,58,10.8,70.0,11.1,1018.4,1022.0,2019-01-27 17:11:00,18.1,2019-01-27 03:18:00,48,2019-01-27 11:17:00,0.0,2019-01-27 00:00:00,0.0,2019-01-27 00:00:00,70.0,23.5,2019-01-27 09:34:00,21.6,2019-01-27 13:34:00,1021.7,17.00,8.5,0.0
2019-01-28,1018.8,20.5,61,12.8,70.0,5.2,1017.6,1020.7,2019-01-28 14:42:00,17.8,2019-01-28 04:45:00,47,2019-01-28 10:30:00,0.0,2019-01-28 00:00:00,0.0,2019-01-28 00:00:00,50.0,14.3,2019-01-28 09:40:00,24.1,2019-01-28 10:36:00,1020.8,17.48,8.4,0.0
2019-01-29,1019.0,20.7,69,14.9,80.0,6.3,1017.3,1020.7,2019-01-29 15:22:00,18.8,2019-01-29 08:38:00,54,2019-01-29 15:17:00,0.0,2019-01-29 00:00:00,0.0,2019-01-29 00:00:00,80.0,15.6,2019-01-29 08:56:00,23.3,2019-01-29 15:06:00,1021.0,16.37,7.9,0.0
2019-01-30,1018.3,22.6,62,15.0,80.0,8.1,1016.6,1020.1,2019-01-30 15:29:00,19.7,2019-01-30 01:59:00,49,2019-01-30 11:14:00,0.0,2019-01-30 00:00:00,0.0,2019-01-30 00:00:00,90.0,18.3,2019-01-30 09:57:00,25.4,2019-01-30 11:26:00,1020.3,17.89,8.8,0.0
2019-01-31,1016.4,24.0,66,17.4,90.0,3.7,1014.6,1018.3,2019-01-31 04:24:00,21.2,2019-01-31 02:05:00,49,2019-01-31 14:20:00,0.0,2019-01-31 00:00:00,0.0,2019-01-31 00:00:00,60.0,12.7,2019-01-31 09:22:00,27.0,2019-01-31 11:06:00,1018.4,16.57,8.6,0.0
2019-02-01,1017.4,21.2,65,14.5,70.0,13.2,1015.3,1019.3,2019-02-01 05:00:00,19.9,2019-02-01 17:47:00,53,2019-02-01 11:48:00,0.0,2019-02-01 00:00:00,0.0,2019-02-01 00:00:00,50.0,28.2,2019-02-01 10:41:00,24.1,2019-02-01 00:32:00,1019.5,18.06,9.3,0.0
2019-02-02,1016.5,22.2,66,15.6,70.0,10.6,1014.1,1018.7,2019-02-02 14:56:00,20.1,2019-02-02 00:24:00,56,2019-02-02 14:23:00,0.0,2019-02-02 00:00:00,0.0,2019-02-02 00:00:00,60.0,18.7,2019-02-02 00:01:00,24.7,2019-02-02 14:11:00,1018.5,16.54,9.3,0.0
2019-02-03,1016.1,24.7,74,19.8,120.0,3.7,1014.6,1018.1,2019-02-03 15:33:00,22.5,2019-02-03 00:09:00,61,2019-02-03 11:14:00,0.0,2019-02-03 00:00:00,0.0,2019-02-03 00:00:00,70.0,11.1,2019-02-03 09:22:00,27.5,2019-02-03 12:05:00,1018.1,15.97,8.9,0.0
2019-02-04,1015.9,22.8,80,19.1,80.0,4.6,1014.5,1018.5,2019-02-04 15:39:00,21.6,2019-02-04 06:03:00,63,2019-02-04 11:14:00,0.0,2019-02-04 00:00:00,0.0,2019-02-04 00:00:00,70.0,17.4,2019-02-04 09:05:00,26.7,2019-02-04 11:33:00,1017.9,7.46,6.0,0.0
2019-02-05,1014.1,23.8,71,18.2,360.0,2.9,1012.0,1016.2,2019-02-05 15:20:00,21.5,2019-02-05 05:57:00,62,2019-02-05 14:40:00,0.0,2019-02-05 00:00:00,0.0,2019-02-05 00:00:00,40.0,13.4,2019-02-05 09:27:00,25.9,2019-02-05 14:48:00,1016.1,13.74,8.3,0.0
2019-02-06,1012.8,23.6,72,18.1,70.0,4.5,1010.7,1014.4,2019-02-06 14:46:00,19.4,2019-02-06 06:00:00,56,2019-02-06 12:10:00,0.0,2019-02-06 00:00:00,0.0,2019-02-06 00:00:00,50.0,17.3,2019-02-06 09:41:00,26.9,2019-02-06 13:35:00,1014.8,20.90,9.7,0.0
2019-02-07,1013.1,24.1,70,18.2,280.0,2.2,1010.9,1015.1,2019-02-07 15:22:00,19.8,2019-02-07 06:57:00,47,2019-02-07 15:47:00,0.0,2019-02-07 00:00:00,0.0,2019-02-07 00:00:00,300.0,9.7,2019-02-07 09:46:00,27.8,2019-02-07 14:09:00,1015.1,20.34,9.7,0.0
2019-02-08,1013.9,22.2,71,16.6,80.0,5.1,1012.3,1015.6,2019-02-08 15:08:00,17.3,2019-02-08 04:41:00,55,2019-02-08 12:51:00,0.0,2019-02-08 00:00:00,0.0,2019-02-08 00:00:00,100.0,14.0,2019-02-08 09:47:00,25.9,2019-02-08 14:24:00,1015.9,19.25,8.6,0.0
2019-02-09,1016.1,23.2,68,16.9,80.0,4.5,1014.4,1017.9,2019-02-09 00:25:00,18.5,2019-02-09 05:35:00,51,2019-02-09 10:54:00,0.0,2019-02-09 00:00:00,0.0,2019-02-09 00:00:00,50.0,15.6,2019-02-09 21:10:00,27.4,2019-02-09 13:28:00,1018.1,17.62,9.0,0.0
2019-02-10,1018.8,23.4,66,16.8,60.0,5.8,1016.1,1020.8,2019-02-10 02:29:00,21.5,2019-02-10 05:47:00,55,2019-02-10 13:34:00,0.0,2019-02-10 00:00:00,0.0,2019-02-10 00:00:00,70.0,16.4,2019-02-10 22:46:00,25.9,2019-02-10 13:09:00,1020.8,13.24,8.8,0.0
2019-02-11,1020.6,23.5,67,17.2,60.0,5.1,1019.2,1021.8,2019-02-11 03:14:00,21.9,2019-02-11 20:51:00,57,2019-02-11 08:44:00,0.0,2019-02-11 00:00:00,0.0,2019-02-11 00:00:00,50.0,18.5,2019-02-11 09:13:00,25.9,2019-02-11 09:46:00,1022.6,8.96,7.1,0.0
2019-02-12,1020.5,23.3,68,17.0,70.0,5.4,1018.4,1022.6,2019-02-12 02:33:00,21.2,2019-02-12 23:26:00,53,2019-02-12 10:20:00,0.0,2019-02-12 00:00:00,0.0,2019-02-12 00:00:00,50.0,20.2,2019-02-12 09:34:00,26.4,2019-02-12 10:14:00,1022.6,14.61,9.5,0.0
2019-02-13,1019.1,23.3,77,19.0,80.0,3.5,1016.8,1020.8,2019-02-13 15:30:00,20.4,2019-02-13 01:23:00,60,2019-02-13 12:20:00,0.0,2019-02-13 00:00:00,0.0,2019-02-13 00:00:00,80.0,12.6,2019-02-13 00:14:00,27.4,2019-02-13 09:20:00,1021.1,12.23,8.9,0.0
2019-02-14,1018.3,23.8,73,18.7,80.0,4.9,1016.9,1019.9,2019-02-14 16:47:00,21.4,2019-02-14 06:10:00,64,2019-02-14 12:26:00,0.0,2019-02-14 00:00:00,0.0,2019-02-14 00:00:00,80.0,12.5,2019-02-14 08:41:00,26.0,2019-02-14 13:11:00,1020.3,11.80,9.0,0.0
2019-02-15,1017.7,23.7,69,17.3,120.0,2.9,1015.5,1019.9,2019-02-15 15:35:00,20.1,2019-02-15 23:35:00,33,2019-02-15 14:51:00,0.0,2019-02-15 00:00:00,0.0,2019-02-15 00:00:00,150.0,9.3,2019-02-15 09:29:00,28.0,2019-02-15 12:43:00,1019.7,20.29,9.2,0.0
2019-02-16,1016.1,23.6,71,18.1,80.0,2.9,1014.2,1018.5,2019-02-16 15:35:00,19.8,2019-02-16 04:45:00,53,2019-02-16 11:34:00,0.0,2019-02-16 00:00:00,0.0,2019-02-16 00:00:00,60.0,9.5,2019-02-16 09:03:00,27.3,2019-02-16 11:53:00,1018.1,18.39,9.4,0.0
2019-02-17,1015.4,23.4,66,16.7,60.0,5.6,1013.2,1017.6,2019-02-17 16:17:00,22.4,2019-02-17 04:01:00,56,2019-02-17 12:48:00,0.0,2019-02-17 00:00:00,0.0,2019-02-17 00:00:00,90.0,18.9,2019-02-17 09:18:00,25.5,2019-02-17 13:35:00,1017.4,16.21,8.4,0.0
2019-02-18,1014.3,24.1,73,19.0,100.0,4.5,1011.7,1016.2,2019-02-18 15:06:00,20.0,2019-02-18 02:51:00,57,2019-02-18 10:45:00,0.0,2019-02-18 00:00:00,0.0,2019-02-18 00:00:00,80.0,13.8,2019-02-18 00:37:00,27.6,2019-02-18 15:31:00,1016.3,19.36,9.7,0.0
2019-02-19,1016.5,25.4,76,21.0,250.0,2.1,1014.3,1018.7,2019-02-19 03:58:00,23.0,2019-02-19 23:39:00,63,2019-02-19 13:16:00,0.0,2019-02-19 00:00:00,0.0,2019-02-19 00:00:00,240.0,7.8,2019-02-19 22:01:00,27.8,2019-02-19 12:28:00,1018.5,21.39,9.8,0.0
2019-02-20,1017.8,24.8,72,19.4,130.0,3.1,1016.2,1019.9,2019-02-20 15:37:00,21.4,2019-02-20 03:11:00,52,2019-02-20 11:23:00,0.0,2019-02-20 00:00:00,0.0,2019-02-20 00:00:00,150.0,9.9,2019-02-20 09:49:00,28.8,2019-02-20 12:00:00,1019.8,20.28,9.9,0.0
2019-02-21,1016.0,24.3,70,18.2,130.0,3.4,1014.3,1018.0,2019-02-21 14:29:00,21.0,2019-02-21 23:21:00,41,2019-02-21 15:07:00,0.0,2019-02-21 00:00:00,0.0,2019-02-21 00:00:00,130.0,9.8,2019-02-21 00:01:00,28.3,2019-02-21 15:14:00,1018.0,18.61,9.7,0.0
2019-02-22,1014.0,23.7,74,18.9,310.0,2.6,1012.5,1015.7,2019-02-22 15:04:00,19.9,2019-02-22 03:09:00,59,2019-02-22 11:23:00,0.0,2019-02-22 00:00:00,0.0,2019-02-22 00:00:00,70.0,10.4,2019-02-22 22:43:00,26.9,2019-02-22 13:43:00,1016.0,19.26,9.5,0.0
2019-02-23,1013.1,21.8,68,15.7,70.0,11.6,1010.8,1015.0,2019-02-23 16:30:00,20.5,2019-02-23 23:40:00,58,2019-02-23 13:33:00,0.0,2019-02-23 00:00:00,0.0,2019-02-23 00:00:00,60.0,22.3,2019-02-23 00:23:00,24.3,2019-02-23 13:06:00,1015.1,18.90,9.3,0.0
2019-02-24,1012.4,22.8,64,15.8,70.0,7.7,1011.1,1013.9,2019-02-24 14:38:00,20.4,2019-02-24 04:12:00,52,2019-02-24 11:28:00,0.0,2019-02-24 00:00:00,0.0,2019-02-24 00:00:00,60.0,21.7,2019-02-24 09:46:00,26.6,2019-02-24 13:34:00,1014.4,16.34,8.9,0.0
2019-02-25,1013.8,23.0,71,17.5,70.0,4.7,1011.9,1015.4,2019-02-25 01:56:00,20.2,2019-02-25 06:13:00,58,2019-02-25 10:06:00,0.0,2019-02-25 00:00:00,0.0,2019-02-25 00:00:00,50.0,14.5,2019-02-25 09:56:00,25.7,2019-02-25 15:56:00,1015.8,14.64,9.3,0.0
2019-02-26,1014.9,23.4,67,16.9,60.0,5.7,1013.3,1016.9,2019-02-26 04:10:00,21.1,2019-02-26 02:47:00,54,2019-02-26 09:46:00,0.0,2019-02-26 00:00:00,0.0,2019-02-26 00:00:00,60.0,15.3,2019-02-26 10:03:00,25.6,2019-02-26 14:07:00,1016.9,19.12,9.9,0.0
2019-02-27,1013.3,24.0,71,18.4,70.0,3.2,1011.4,1015.3,2019-02-27 15:28:00,20.8,2019-02-27 05:53:00,51,2019-02-27 13:30:00,0.0,2019-02-27 00:00:00,0.0,2019-02-27 00:00:00,60.0,11.7,2019-02-27 07:48:00,27.9,2019-02-27 13:32:00,1015.4,18.70,8.5,0.0
2019-02-28,1012.7,24.7,73,19.6,70.0,2.8,1011.0,1014.3,2019-02-28 15:29:00,20.5,2019-02-28 06:25:00,58,2019-02-28 09:53:00,0.0,2019-02-28 00:00:00,0.0,2019-02-28 00:00:00,70.0,16.1,2019-02-28 21:01:00,28.6,2019-02-28 09:49:00,1014.7,18.83,10.1,0.0
2019-03-01,1013.9,24.3,69,18.4,70.0,5.9,1012.7,1015.7,2019-03-01 02:45:00,22.7,2019-03-01 05:56:00,56,2019-03-01 13:07:00,0.0,2019-03-01 00:00:00,0.0,2019-03-01 00:00:00,70.0,17.9,2019-03-01 08:57:00,27.7,2019-03-01 13:04:00,1015.9,17.39,8.8,0.0
2019-03-02,1011.3,24.0,71,18.2,140.0,2.9,1009.4,1013.9,2019-03-02 15:24:00,20.7,2019-03-02 23:58:00,46,2019-03-02 14:19:00,0.0,2019-03-02 00:00:00,0.0,2019-03-02 00:00:00,140.0,8.9,2019-03-02 00:12:00,28.4,2019-03-02 14:20:00,1013.3,20.59,9.9,0.0
2019-03-03,1008.7,23.9,73,18.8,280.0,4.0,1006.3,1010.7,2019-03-03 16:07:00,20.1,2019-03-03 03:59:00,56,2019-03-03 12:36:00,0.0,2019-03-03 00:00:00,0.0,2019-03-03 00:00:00,300.0,13.4,2019-03-03 23:39:00,28.2,2019-03-03 12:34:00,1010.7,20.28,9.3,0.0
2019-03-04,1012.4,23.4,68,17.3,70.0,5.6,1009.8,1014.2,2019-03-04 03:53:00,20.4,2019-03-04 03:06:00,54,2019-03-04 13:23:00,0.0,2019-03-04 00:00:00,0.0,2019-03-04 00:00:00,60.0,21.7,2019-03-04 10:19:00,27.1,2019-03-04 12:43:00,1014.4,19.51,9.4,0.0
2019-03-05,1011.4,23.8,68,17.7,80.0,9.8,1009.0,1013.7,2019-03-05 14:53:00,21.8,2019-03-05 01:48:00,60,2019-03-05 12:01:00,0.0,2019-03-05 00:00:00,0.0,2019-03-05 00:00:00,60.0,22.6,2019-03-05 07:51:00,25.9,2019-03-05 12:00:00,1013.4,22.95,9.8,0.0
2019-03-06,1011.6,24.8,75,20.0,340.0,3.3,1009.8,1014.0,2019-03-06 03:56:00,22.2,2019-03-06 23:54:00,63,2019-03-06 13:41:00,0.0,2019-03-06 00:00:00,0.0,2019-03-06 00:00:00,70.0,16.5,2019-03-06 22:08:00,27.0,2019-03-06 13:38:00,1013.6,18.28,9.9,0.0
2019-03-07,1012.6,20.9,66,14.5,70.0,13.8,1010.5,1014.2,2019-03-07 15:27:00,18.7,2019-03-07 21:55:00,57,2019-03-07 11:40:00,0.0,2019-03-07 00:00:00,0.0,2019-03-07 00:00:00,50.0,28.0,2019-03-07 08:58:00,23.5,2019-03-07 11:38:00,1014.6,9.68,6.7,0.0
2019-03-08,1013.1,20.4,63,13.3,70.0,12.9,1011.2,1015.3,2019-03-08 04:33:00,19.1,2019-03-08 11:04:00,58,2019-03-08 03:26:00,0.0,2019-03-08 00:00:00,0.0,2019-03-08 00:00:00,60.0,26.5,2019-03-08 11:21:00,21.9,2019-03-08 22:15:00,1015.1,5.29,4.1,0.0
2019-03-09,1009.9,24.7,70,18.8,80.0,6.3,1007.6,1013.3,2019-03-09 15:31:00,21.5,2019-03-09 02:09:00,51,2019-03-09 12:11:00,0.8,2019-03-09 19:51:00,0.8,2019-03-09 20:41:00,90.0,18.0,2019-03-09 00:01:00,29.0,2019-03-09 12:11:00,1011.9,14.29,9.3,0.8
2019-03-10,1010.0,23.7,78,19.7,320.0,3.2,1008.1,1012.8,2019-03-10 03:20:00,21.8,2019-03-10 06:01:00,65,2019-03-10 11:49:00,14.9,2019-03-10 04:29:00,11.3,2019-03-10 05:16:00,70.0,12.1,2019-03-10 22:04:00,26.2,2019-03-10 11:43:00,1012.0,6.61,6.3,18.6
2019-03-11,1011.3,20.9,74,16.1,70.0,6.9,1009.6,1014.2,2019-03-11 02:54:00,18.8,2019-03-11 08:47:00,60,2019-03-11 14:18:00,0.0,2019-03-11 00:00:00,0.0,2019-03-11 00:00:00,70.0,17.3,2019-03-11 08:22:00,24.1,2019-03-11 13:50:00,1013.3,10.55,5.6,0.0
2019-03-12,1013.7,21.9,58,13.3,70.0,9.8,1011.9,1015.9,2019-03-12 02:11:00,20.3,2019-03-12 05:41:00,49,2019-03-12 12:16:00,0.0,2019-03-12 00:00:00,0.0,2019-03-12 00:00:00,60.0,19.6,2019-03-12 22:29:00,24.3,2019-03-12 14:21:00,1015.7,22.96,10.1,0.0
2019-03-13,1016.2,22.3,56,13.4,70.0,11.1,1014.2,1017.9,2019-03-13 03:10:00,21.5,2019-03-13 00:01:00,50,2019-03-13 03:48:00,0.0,2019-03-13 00:00:00,0.0,2019-03-13 00:00:00,60.0,21.0,2019-03-13 22:48:00,24.2,2019-03-13 09:20:00,1018.2,15.48,9.7,0.0
2019-03-14,1015.9,23.8,65,17.0,80.0,3.1,1014.5,1017.4,2019-03-14 18:03:00,22.5,2019-03-14 23:58:00,54,2019-03-14 14:59:00,0.0,2019-03-14 00:00:00,0.0,2019-03-14 00:00:00,110.0,8.7,2019-03-14 21:11:00,25.7,2019-03-14 14:58:00,1018.0,2.40,1.6,0.0
2019-03-15,1016.5,21.6,70,16.0,70.0,8.7,1014.8,1018.3,2019-03-15 15:08:00,19.4,2019-03-15 22:45:00,59,2019-03-16 00:00:00,0.0,2019-03-15 00:00:00,0.0,2019-03-15 00:00:00,80.0,23.2,2019-03-15 08:55:00,24.3,2019-03-15 10:56:00,1018.5,15.93,8.8,0.0
2019-03-16,1016.8,22.0,46,9.7,70.0,12.4,1014.5,1018.6,2019-03-16 14:59:00,19.6,2019-03-16 00:01:00,35,2019-03-16 13:21:00,0.0,2019-03-16 00:00:00,0.0,2019-03-16 00:00:00,50.0,25.8,2019-03-16 22:44:00,24.4,2019-03-16 13:38:00,1018.9,22.87,9.6,0.0
2019-03-17,1016.7,23.7,60,15.6,70.0,4.6,1014.6,1018.3,2019-03-17 15:17:00,20.5,2019-03-17 06:12:00,48,2019-03-17 12:28:00,0.0,2019-03-17 00:00:00,0.0,2019-03-17 00:00:00,50.0,13.5,2019-03-17 09:20:00,27.3,2019-03-17 11:46:00,1018.7,20.95,9.6,0.0
2019-03-18,1014.2,24.2,70,18.5,330.0,2.1,1012.0,1016.8,2019-03-18 16:04:00,20.8,2019-03-18 05:31:00,58,2019-03-18 10:54:00,0.0,2019-03-18 00:00:00,0.0,2019-03-18 00:00:00,300.0,6.6,2019-03-18 00:06:00,27.2,2019-03-18 14:23:00,1016.2,20.76,10.0,0.0
2019-03-19,1012.9,24.2,73,19.1,80.0,5.6,1011.3,1015.3,2019-03-19 16:03:00,19.6,2019-03-19 05:58:00,54,2019-03-19 09:37:00,0.0,2019-03-19 00:00:00,0.0,2019-03-19 00:00:00,60.0,18.9,2019-03-19 10:29:00,29.0,2019-03-19 13:22:00,1014.9,20.41,10.0,0.0
2019-03-20,1012.0,25.7,68,19.4,100.0,4.7,1010.1,1013.6,2019-03-20 16:08:00,22.9,2019-03-20 23:27:00,52,2019-03-20 12:57:00,0.0,2019-03-20 00:00:00,0.0,2019-03-20 00:00:00,70.0,17.8,2019-03-20 10:33:00,29.3,2019-03-20 12:42:00,1014.1,20.93,10.3,0.0
2019-03-21,1010.4,25.8,79,22.0,300.0,3.1,1008.7,1012.2,2019-03-21 16:50:00,23.2,2019-03-21 00:59:00,68,2019-03-21 10:46:00,0.0,2019-03-21 00:00:00,0.0,2019-03-21 00:00:00,310.0,9.0,2019-03-21 00:01:00,27.7,2019-03-21 15:15:00,1012.4,23.98,10.0,0.0
2019-03-22,1011.5,25.6,70,19.8,20.0,2.9,1009.8,1013.2,2019-03-22 02:47:00,21.5,2019-03-22 06:29:00,50,2019-03-22 08:46:00,0.0,2019-03-22 00:00:00,0.0,2019-03-22 00:00:00,60.0,12.8,2019-03-22 09:51:00,28.6,2019-03-22 14:17:00,1013.5,24.67,10.6,0.0
2019-03-23,1014.1,22.3,70,16.7,70.0,11.1,1012.0,1015.7,2019-03-23 03:13:00,19.3,2019-03-23 22:23:00,60,2019-03-23 12:37:00,0.0,2019-03-23 00:00:00,0.0,2019-03-23 00:00:00,60.0,23.5,2019-03-23 21:52:00,24.3,2019-03-23 11:50:00,1016.1,10.45,6.9,0.0
2019-03-24,1014.8,21.8,58,13.2,70.0,11.4,1013.4,1016.4,2019-03-24 15:50:00,19.9,2019-03-24 05:38:00,47,2019-03-24 11:09:00,0.0,2019-03-24 00:00:00,0.0,2019-03-24 00:00:00,50.0,25.7,2019-03-24 08:48:00,24.7,2019-03-24 11:09:00,1016.8,18.60,9.3,0.0
2019-03-25,1013.7,24.4,69,18.5,350.0,3.7,1011.9,1015.4,2019-03-25 16:46:00,21.1,2019-03-25 04:52:00,59,2019-03-25 11:45:00,0.0,2019-03-25 00:00:00,0.0,2019-03-25 00:00:00,60.0,15.2,2019-03-25 09:45:00,27.2,2019-03-25 15:11:00,1015.7,20.46,9.0,0.0
2019-03-26,1016.0,24.6,70,18.9,70.0,8.7,1013.8,1017.7,2019-03-26 04:29:00,22.6,2019-03-26 00:15:00,57,2019-03-26 12:30:00,0.0,2019-03-26 00:00:00,0.0,2019-03-26 00:00:00,60.0,18.9,2019-03-26 10:42:00,27.5,2019-03-26 12:29:00,1018.0,21.52,10.2,0.0
2019-03-27,1015.3,25.3,69,19.2,100.0,5.0,1012.8,1018.4,2019-03-27 15:54:00,22.9,2019-03-27 02:20:00,56,2019-03-27 12:13:00,0.0,2019-03-27 00:00:00,0.0,2019-03-27 00:00:00,70.0,15.2,2019-03-27 07:48:00,28.5,2019-03-27 12:45:00,1017.3,21.77,10.2,0.0
2019-03-28,1010.7,25.7,78,21.7,290.0,2.6,1007.8,1013.3,2019-03-28 16:42:00,22.8,2019-03-28 06:09:00,67,2019-03-28 10:45:00,0.0,2019-03-28 00:00:00,0.0,2019-03-28 00:00:00,300.0,8.9,2019-03-28 00:01:00,28.2,2019-03-28 13:46:00,1012.7,21.62,10.3,0.0
2019-03-29,1008.7,26.0,75,21.3,300.0,4.1,1006.9,1010.8,2019-03-29 03:06:00,24.7,2019-03-29 05:10:00,64,2019-03-29 14:27:00,0.0,2019-03-29 00:00:00,0.0,2019-03-29 00:00:00,310.0,11.2,2019-03-29 22:41:00,28.0,2019-03-29 15:28:00,1010.7,24.56,10.2,0.0
2019-03-30,1011.5,25.1,68,18.9,70.0,5.7,1009.7,1013.4,2019-03-30 03:54:00,23.1,2019-03-30 04:22:00,57,2019-03-30 13:21:00,0.0,2019-03-30 00:00:00,0.0,2019-03-30 00:00:00,70.0,15.5,2019-03-30 21:33:00,27.8,2019-03-30 13:04:00,1013.5,19.19,9.9,0.0
2019-03-31,1014.3,24.4,63,17.0,70.0,10.4,1012.4,1016.5,2019-03-31 14:07:00,22.5,2019-03-31 23:55:00,54,2019-03-31 14:29:00,0.0,2019-03-31 00:00:00,0.0,2019-03-31 00:00:00,50.0,22.9,2019-03-31 21:52:00,26.6,2019-03-31 13:01:00,1016.3,22.96,10.2,0.0
2019-04-01,1015.8,22.9,62,15.3,70.0,12.7,1014.5,1017.1,2019-04-01 04:47:00,21.5,2019-04-01 23:57:00,54,2019-04-01 12:00:00,0.0,2019-04-01 00:00:00,0.0,2019-04-01 00:00:00,50.0,26.9,2019-04-01 10:13:00,25.1,2019-04-01 11:59:00,1017.9,24.52,10.5,0.0
2019-04-02,1015.6,23.5,63,16.2,70.0,7.4,1013.5,1017.6,2019-04-02 15:50:00,21.3,2019-04-02 02:48:00,54,2019-04-02 14:10:00,0.0,2019-04-02 00:00:00,0.0,2019-04-02 00:00:00,90.0,21.9,2019-04-02 09:12:00,26.4,2019-04-02 12:09:00,1017.6,24.34,10.2,0.0
2019-04-03,1014.4,24.8,70,18.9,80.0,2.8,1012.4,1016.5,2019-04-03 15:58:00,20.7,2019-04-03 05:50:00,56,2019-04-03 08:40:00,0.0,2019-04-03 00:00:00,0.0,2019-04-03 00:00:00,100.0,12.6,2019-04-03 10:12:00,27.4,2019-04-03 13:15:00,1016.4,23.39,10.4,0.0
2019-04-04,1013.5,25.2,74,20.2,50.0,2.9,1011.5,1015.0,2019-04-04 15:32:00,23.2,2019-04-04 00:22:00,56,2019-04-04 09:28:00,2.9,2019-04-04 18:10:00,1.9,2019-04-04 19:00:00,50.0,14.1,2019-04-04 10:30:00,28.4,2019-04-04 10:11:00,1015.5,17.73,9.3,2.9
2019-04-05,1010.9,25.2,78,21.0,340.0,3.1,1008.8,1013.2,2019-04-05 15:35:00,22.6,2019-04-05 05:35:00,66,2019-04-05 14:18:00,0.0,2019-04-05 00:00:00,0.0,2019-04-05 00:00:00,50.0,12.1,2019-04-05 00:01:00,27.7,2019-04-05 14:18:00,1012.9,23.81,10.3,0.0
2019-04-06,1011.5,25.5,71,19.9,350.0,3.1,1009.8,1013.6,2019-04-06 15:54:00,22.5,2019-04-06 05:45:00,61,2019-04-06 12:53:00,0.0,2019-04-06 00:00:00,0.0,2019-04-06 00:00:00,70.0,11.3,2019-04-06 09:13:00,27.9,2019-04-06 12:52:00,1013.5,23.51,10.5,0.0
2019-04-07,1010.8,25.4,74,20.6,310.0,3.1,1008.2,1012.5,2019-04-07 15:59:00,22.5,2019-04-07 23:48:00,62,2019-04-07 09:14:00,0.0,2019-04-07 00:00:00,0.0,2019-04-07 00:00:00,300.0,12.9,2019-04-07 08:33:00,27.7,2019-04-07 12:46:00,1012.8,23.85,10.5,0.0
2019-04-08,1011.3,25.1,74,20.1,150.0,2.1,1009.5,1012.8,2019-04-08 03:42:00,21.2,2019-04-08 05:47:00,58,2019-04-08 12:18:00,0.0,2019-04-08 00:00:00,0.0,2019-04-08 00:00:00,120.0,7.7,2019-04-08 10:26:00,28.5,2019-04-08 14:39:00,1013.3,22.23,10.4,0.0
2019-04-09,1010.2,27.5,72,22.1,120.0,3.9,1008.1,1011.9,2019-04-09 15:24:00,24.0,2019-04-09 00:20:00,50,2019-04-09 12:13:00,0.0,2019-04-09 00:00:00,0.0,2019-04-09 00:00:00,170.0,10.5,2019-04-09 00:02:00,31.3,2019-04-09 12:11:00,1012.2,23.21,10.7,0.0
2019-04-10,1009.6,26.7,77,22.5,320.0,3.5,1007.7,1011.1,2019-04-10 15:25:00,25.5,2019-04-10 06:07:00,68,2019-04-10 13:30:00,0.0,2019-04-10 00:00:00,0.0,2019-04-10 00:00:00,60.0,11.0,2019-04-10 08:24:00,28.6,2019-04-10 13:29:00,1011.6,24.86,10.6,0.0
2019-04-11,1009.1,26.7,71,21.0,300.0,3.1,1007.2,1010.8,2019-04-11 15:10:00,24.1,2019-04-11 06:02:00,50,2019-04-11 09:34:00,0.0,2019-04-11 00:00:00,0.0,2019-04-11 00:00:00,300.0,11.6,2019-04-11 23:40:00,29.8,2019-04-11 09:32:00,1011.1,25.89,10.7,0.0
2019-04-12,1011.7,24.4,68,18.3,70.0,10.7,1009.5,1014.8,2019-04-12 02:27:00,22.9,2019-04-12 22:55:00,57,2019-04-12 13:19:00,0.0,2019-04-12 00:00:00,0.0,2019-04-12 00:00:00,50.0,24.3,2019-04-12 22:15:00,26.5,2019-04-12 13:23:00,1013.7,24.07,10.3,0.0
2019-04-13,1012.4,25.5,64,18.3,70.0,6.9,1010.4,1014.2,2019-04-13 03:11:00,23.0,2019-04-13 00:01:00,52,2019-04-13 11:54:00,0.0,2019-04-13 00:00:00,0.0,2019-04-13 00:00:00,60.0,19.4,2019-04-13 10:08:00,29.3,2019-04-13 12:13:00,1014.4,22.47,10.2,0.0
2019-04-14,1011.5,26.4,70,20.5,50.0,3.1,1010.0,1013.0,2019-04-14 16:28:00,22.8,2019-04-14 05:31:00,54,2019-04-14 10:17:00,0.0,2019-04-14 00:00:00,0.0,2019-04-14 00:00:00,60.0,14.2,2019-04-14 00:35:00,29.8,2019-04-14 10:17:00,1013.5,19.69,10.2,0.0
2019-04-15,1011.2,24.6,64,17.3,70.0,11.8,1009.8,1012.9,2019-04-15 03:30:00,23.4,2019-04-15 17:36:00,55,2019-04-15 13:42:00,0.0,2019-04-15 00:00:00,0.0,2019-04-15 00:00:00,60.0,24.7,2019-04-15 21:53:00,26.2,2019-04-15 12:59:00,1013.2,15.44,8.8,0.0
2019-04-16,1009.8,25.4,69,19.2,20.0,3.9,1007.1,1012.0,2019-04-16 15:29:00,23.3,2019-04-16 02:44:00,58,2019-04-16 14:21:00,0.1,2019-04-16 18:01:00,0.1,2019-04-16 18:51:00,70.0,17.0,2019-04-16 10:03:00,28.3,2019-04-16 12:50:00,1011.8,13.45,8.6,0.1
2019-04-17,1009.5,24.8,74,20.0,60.0,4.4,1007.6,1011.2,2019-04-17 02:32:00,21.6,2019-04-17 05:51:00,61,2019-04-17 14:18:00,0.0,2019-04-17 00:00:00,0.0,2019-04-17 00:00:00,60.0,15.6,2019-04-17 22:26:00,28.3,2019-04-17 14:16:00,1011.6,19.60,10.0,0.0
2019-04-18,1009.6,26.3,66,19.4,80.0,6.0,1008.1,1011.4,2019-04-18 02:51:00,23.2,2019-04-18 05:00:00,53,2019-04-18 11:07:00,0.0,2019-04-18 00:00:00,0.0,2019-04-18 00:00:00,80.0,15.2,2019-04-18 09:11:00,29.4,2019-04-18 11:06:00,1011.6,19.45,10.5,0.0
2019-04-19,1008.3,26.1,76,21.7,100.0,3.3,1005.3,1011.0,2019-04-19 18:00:00,23.3,2019-04-19 17:03:00,61,2019-04-19 12:30:00,2.1,2019-04-19 15:56:00,2.1,2019-04-19 16:46:00,300.0,12.8,2019-04-19 08:58:00,31.0,2019-04-19 12:03:00,1010.3,14.83,7.7,3.9
2019-04-20,1007.4,26.3,75,21.5,260.0,2.0,1005.3,1010.5,2019-04-20 03:21:00,22.0,2019-04-20 01:31:00,62,2019-04-20 16:47:00,1.4,2019-04-20 00:00:00,0.7,2019-04-20 00:16:00,310.0,9.5,2019-04-20 00:08:00,29.7,2019-04-20 16:06:00,1009.4,25.32,10.7,1.4
2019-04-21,1007.8,26.2,79,22.3,310.0,2.2,1006.0,1009.3,2019-04-21 03:37:00,23.0,2019-04-21 04:49:00,65,2019-04-21 18:37:00,0.0,2019-04-21 00:00:00,0.0,2019-04-21 00:00:00,350.0,7.8,2019-04-21 08:54:00,29.9,2019-04-21 13:13:00,1009.8,12.94,7.8,0.0
2019-04-22,1008.4,27.6,78,23.5,300.0,2.7,1006.8,1010.8,2019-04-22 16:39:00,25.5,2019-04-22 06:19:00,69,2019-04-22 11:32:00,0.0,2019-04-22 00:00:00,0.0,2019-04-22 00:00:00,300.0,8.6,2019-04-22 22:02:00,29.5,2019-04-22 12:04:00,1010.4,21.60,10.6,0.0
2019-04-23,1008.8,27.6,78,23.4,300.0,3.6,1006.8,1010.6,2019-04-23 02:37:00,25.3,2019-04-23 03:51:00,71,2019-04-23 10:23:00,0.0,2019-04-23 00:00:00,0.0,2019-04-23 00:00:00,310.0,9.4,2019-04-23 08:29:00,29.4,2019-04-23 13:52:00,1010.8,21.77,9.8,0.0
2019-04-24,1008.8,27.6,78,23.4,300.0,3.6,1006.8,1010.6,2019-04-23 02:37:00,25.3,2019-04-23 03:51:00,71,2019-04-23 10:23:00,0.0,2019-04-23 00:00:00,0.0,2019-04-23 00:00:00,310.0,9.4,2019-04-23 08:29:00,29.4,2019-04-23 13:52:00,1010.8,21.77,9.8,0.0
2019-04-25,1007.7,27.4,73,22.1,300.0,4.2,1005.9,1009.3,2019-04-25 15:46:00,23.4,2019-04-25 23:40:00,64,2019-04-25 16:01:00,0.0,2019-04-25 00:00:00,0.0,2019-04-25 00:00:00,300.0,12.9,2019-04-25 22:35:00,29.8,2019-04-25 13:01:00,1009.7,27.28,11.0,0.0
2019-04-26,1009.8,27.6,71,21.8,360.0,2.2,1007.9,1011.9,2019-04-26 02:17:00,23.5,2019-04-26 00:01:00,61,2019-04-26 13:52:00,0.0,2019-04-26 00:00:00,0.0,2019-04-26 00:00:00,80.0,7.6,2019-04-26 20:50:00,30.8,2019-04-26 13:29:00,1011.8,25.67,10.4,0.0
2019-04-27,1010.9,27.6,67,21.0,70.0,5.1,1008.8,1013.4,2019-04-27 02:35:00,25.1,2019-04-28 00:00:00,57,2019-04-27 12:36:00,0.0,2019-04-27 00:00:00,0.0,2019-04-27 00:00:00,40.0,18.3,2019-04-27 09:13:00,29.8,2019-04-27 12:58:00,1012.9,14.86,10.1,0.0
2019-04-28,1011.2,27.8,67,20.9,100.0,4.6,1009.4,1013.1,2019-04-28 15:57:00,24.5,2019-04-28 02:15:00,44,2019-04-28 14:00:00,0.0,2019-04-28 00:00:00,0.0,2019-04-28 00:00:00,90.0,12.9,2019-04-28 09:16:00,32.3,2019-04-28 13:58:00,1013.2,23.50,10.5,0.0
2019-04-29,1009.5,28.5,71,22.7,130.0,3.3,1007.0,1011.6,2019-04-29 16:07:00,25.3,2019-04-29 05:09:00,51,2019-04-29 13:28:00,0.0,2019-04-29 00:00:00,0.0,2019-04-29 00:00:00,110.0,9.3,2019-04-29 09:02:00,32.6,2019-04-29 13:06:00,1011.5,23.87,11.1,0.0
2019-04-30,1007.0,28.0,74,22.9,280.0,3.5,1004.7,1009.0,2019-04-30 16:53:00,24.5,2019-04-30 04:56:00,60,2019-04-30 14:09:00,0.0,2019-04-30 00:00:00,0.0,2019-04-30 00:00:00,300.0,10.5,2019-04-30 00:01:00,30.6,2019-04-30 13:14:00,1009.0,26.02,10.4,0.0
2019-05-01,1006.8,25.7,80,22.0,40.0,5.0,1005.0,1009.3,2019-05-01 02:54:00,22.5,2019-05-01 21:31:00,72,2019-05-01 03:52:00,11.4,2019-05-01 12:01:00,5.8,2019-05-01 12:40:00,80.0,20.9,2019-05-01 21:09:00,28.0,2019-05-01 03:48:00,1008.8,8.28,6.5,29.3
2019-05-02,1008.9,23.7,63,16.1,70.0,12.2,1006.9,1010.8,2019-05-02 02:02:00,21.2,2019-05-02 03:26:00,45,2019-05-02 13:17:00,2.3,2019-05-02 03:28:00,1.7,2019-05-02 04:10:00,60.0,22.9,2019-05-02 21:43:00,26.1,2019-05-02 10:24:00,1011.0,11.60,8.0,2.8
2019-05-03,1010.5,24.3,63,16.9,70.0,11.7,1008.0,1012.0,2019-05-03 04:29:00,22.8,2019-05-03 00:01:00,53,2019-05-03 12:27:00,0.0,2019-05-03 00:00:00,0.0,2019-05-03 00:00:00,70.0,24.7,2019-05-03 11:56:00,27.2,2019-05-03 12:40:00,1012.5,22.67,10.1,0.0
2019-05-04,1011.0,24.5,62,17.0,80.0,9.1,1009.9,1012.3,2019-05-04 15:34:00,23.2,2019-05-04 23:10:00,54,2019-05-04 04:12:00,0.0,2019-05-04 00:00:00,0.0,2019-05-04 00:00:00,50.0,24.2,2019-05-04 08:53:00,27.0,2019-05-04 14:38:00,1013.0,13.01,9.0,0.0
2019-05-05,1008.7,24.5,67,18.0,80.0,9.3,1005.5,1011.3,2019-05-05 15:23:00,22.2,2019-05-05 23:20:00,52,2019-05-05 09:16:00,0.0,2019-05-05 00:00:00,0.0,2019-05-05 00:00:00,50.0,17.7,2019-05-05 00:15:00,26.9,2019-05-05 09:12:00,1010.7,10.71,9.4,0.0
2019-05-06,1005.8,22.7,76,18.4,70.0,12.3,1003.6,1008.7,2019-05-06 16:17:00,21.3,2019-05-06 20:10:00,70,2019-05-06 02:09:00,1.1,2019-05-06 19:46:00,0.9,2019-05-06 20:36:00,50.0,24.2,2019-05-06 00:10:00,23.9,2019-05-06 07:22:00,1007.8,4.89,5.7,1.4
2019-05-07,1006.3,24.2,65,17.3,70.0,12.5,1004.1,1008.6,2019-05-07 02:58:00,22.2,2019-05-07 02:16:00,60,2019-05-07 23:17:00,0.0,2019-05-07 00:00:00,0.0,2019-05-07 00:00:00,70.0,22.7,2019-05-07 22:28:00,26.5,2019-05-07 13:39:00,1008.3,13.98,8.9,0.0
2019-05-08,1006.9,25.6,65,18.4,70.0,5.7,1005.3,1008.0,2019-05-08 16:11:00,23.5,2019-05-08 00:24:00,54,2019-05-08 11:27:00,0.0,2019-05-08 00:00:00,0.0,2019-05-08 00:00:00,50.0,21.0,2019-05-08 22:15:00,28.5,2019-05-08 11:17:00,1008.9,17.31,8.4,0.0
2019-05-09,1006.0,26.4,70,20.6,80.0,5.7,1003.8,1007.5,2019-05-09 16:10:00,23.2,2019-05-09 05:17:00,58,2019-05-09 11:43:00,0.0,2019-05-09 00:00:00,0.0,2019-05-09 00:00:00,60.0,12.9,2019-05-09 00:01:00,29.6,2019-05-09 11:30:00,1008.0,20.45,10.7,0.0
2019-05-10,1006.9,25.9,75,21.3,70.0,7.4,1005.2,1008.6,2019-05-10 02:00:00,24.2,2019-05-10 08:24:00,66,2019-05-10 15:23:00,0.0,2019-05-10 00:00:00,0.0,2019-05-10 00:00:00,60.0,16.8,2019-05-10 07:55:00,28.5,2019-05-10 15:30:00,1008.9,9.78,8.3,0.0
2019-05-11,1008.9,27.7,69,21.5,60.0,3.6,1007.3,1010.6,2019-05-11 02:06:00,24.9,2019-05-11 04:50:00,57,2019-05-11 08:07:00,0.0,2019-05-11 00:00:00,0.0,2019-05-11 00:00:00,50.0,15.7,2019-05-11 08:52:00,30.5,2019-05-11 13:05:00,1010.9,20.42,9.6,0.0
2019-05-12,1009.2,27.9,71,22.3,30.0,2.6,1007.8,1010.6,2019-05-12 02:45:00,25.9,2019-05-12 22:41:00,57,2019-05-12 09:33:00,0.0,2019-05-12 00:00:00,0.0,2019-05-12 00:00:00,70.0,12.1,2019-05-12 21:56:00,30.4,2019-05-12 09:47:00,1011.2,24.43,10.9,0.0
2019-05-13,1008.8,27.4,75,22.6,300.0,1.8,1007.1,1010.2,2019-05-13 15:49:00,23.9,2019-05-13 05:23:00,58,2019-05-13 12:58:00,0.0,2019-05-13 00:00:00,0.0,2019-05-13 00:00:00,300.0,6.4,2019-05-13 09:48:00,30.5,2019-05-13 13:33:00,1010.8,27.23,11.3,0.0
2019-05-14,1008.1,27.7,77,23.3,300.0,2.5,1006.7,1009.8,2019-05-14 13:36:00,24.0,2019-05-14 02:53:00,67,2019-05-14 10:17:00,0.0,2019-05-14 00:00:00,0.0,2019-05-14 00:00:00,280.0,9.6,2019-05-14 21:36:00,30.9,2019-05-14 14:09:00,1010.1,26.96,11.4,0.0
2019-05-15,1008.4,27.2,81,23.7,290.0,1.7,1007.2,1010.6,2019-05-15 15:56:00,24.7,2019-05-15 03:47:00,67,2019-05-15 08:16:00,1.4,2019-05-15 09:00:00,0.7,2019-05-15 09:45:00,290.0,6.3,2019-05-15 09:22:00,29.7,2019-05-15 08:13:00,1010.4,16.83,9.3,1.4
2019-05-16,1006.1,28.5,81,25.0,300.0,4.2,1004.0,1007.9,2019-05-16 17:50:00,27.0,2019-05-16 06:19:00,73,2019-05-16 14:35:00,0.0,2019-05-16 00:00:00,0.0,2019-05-16 00:00:00,280.0,12.5,2019-05-16 09:33:00,30.7,2019-05-16 14:30:00,1008.1,24.35,11.3,0.0
2019-05-17,1005.1,28.8,79,24.8,300.0,3.9,1003.6,1006.9,2019-05-17 16:06:00,27.5,2019-05-17 00:01:00,73,2019-05-17 13:58:00,0.1,2019-05-17 06:16:00,0.1,2019-05-17 07:06:00,300.0,9.5,2019-05-17 09:15:00,30.7,2019-05-17 13:53:00,1007.1,18.64,10.2,0.1
2019-05-18,1005.3,29.1,80,25.5,290.0,3.9,1003.4,1007.2,2019-05-18 03:55:00,26.9,2019-05-18 04:43:00,71,2019-05-18 12:04:00,0.0,2019-05-18 00:00:00,0.0,2019-05-18 00:00:00,300.0,9.4,2019-05-18 22:24:00,31.3,2019-05-18 14:18:00,1007.3,21.57,9.9,0.0
2019-05-19,1006.7,29.2,82,25.9,290.0,4.2,1004.9,1007.8,2019-05-19 02:59:00,28.0,2019-05-19 07:50:00,71,2019-05-19 13:12:00,0.0,2019-05-19 00:00:00,0.0,2019-05-19 00:00:00,300.0,9.4,2019-05-19 10:03:00,31.4,2019-05-19 13:08:00,1008.7,23.82,10.5,0.0
2019-05-20,1006.3,27.6,81,24.2,330.0,4.3,1004.7,1007.7,2019-05-20 05:11:00,24.1,2019-05-20 18:57:00,70,2019-05-20 22:28:00,9.5,2019-05-20 14:25:00,5.5,2019-05-20 15:05:00,280.0,13.2,2019-05-20 20:07:00,30.8,2019-05-20 13:25:00,1008.3,11.79,7.4,20.2
2019-05-21,1007.9,24.1,71,18.6,70.0,9.9,1006.5,1010.2,2019-05-21 03:13:00,21.8,2019-05-21 22:35:00,58,2019-05-21 11:02:00,0.0,2019-05-21 00:00:00,0.0,2019-05-21 00:00:00,60.0,20.9,2019-05-21 22:31:00,25.8,2019-05-21 10:59:00,1009.9,9.18,8.4,0.0
2019-05-22,1008.6,25.0,71,19.3,80.0,4.4,1007.3,1010.1,2019-05-22 16:20:00,20.9,2019-05-22 04:11:00,57,2019-05-22 12:07:00,0.0,2019-05-22 00:00:00,0.0,2019-05-22 00:00:00,60.0,12.6,2019-05-22 21:20:00,29.4,2019-05-22 11:54:00,1010.6,16.34,8.9,0.0
2019-05-23,1008.6,25.0,71,19.3,80.0,4.4,1007.3,1010.1,2019-05-22 16:20:00,20.9,2019-05-22 04:11:00,57,2019-05-22 12:07:00,0.0,2019-05-22 00:00:00,0.0,2019-05-22 00:00:00,60.0,12.6,2019-05-22 21:20:00,29.4,2019-05-22 11:54:00,1010.6,16.34,8.9,0.0
2019-05-24,1008.6,25.0,71,19.3,80.0,4.4,1007.3,1010.1,2019-05-22 16:20:00,20.9,2019-05-22 04:11:00,57,2019-05-22 12:07:00,0.0,2019-05-22 00:00:00,0.0,2019-05-22 00:00:00,60.0,12.6,2019-05-22 21:20:00,29.4,2019-05-22 11:54:00,1010.6,16.34,8.9,0.0
2019-05-25,1008.6,25.0,71,19.3,80.0,4.4,1007.3,1010.1,2019-05-22 16:20:00,20.9,2019-05-22 04:11:00,57,2019-05-22 12:07:00,0.0,2019-05-22 00:00:00,0.0,2019-05-22 00:00:00,60.0,12.6,2019-05-22 21:20:00,29.4,2019-05-22 11:54:00,1010.6,16.34,8.9,0.0
2019-05-26,1008.6,25.0,71,19.3,80.0,4.4,1007.3,1010.1,2019-05-22 16:20:00,20.9,2019-05-22 04:11:00,57,2019-05-22 12:07:00,0.0,2019-05-22 00:00:00,0.0,2019-05-22 00:00:00,60.0,12.6,2019-05-22 21:20:00,29.4,2019-05-22 11:54:00,1010.6,16.34,8.9,0.0
2019-05-27,1008.6,25.0,71,19.3,80.0,4.4,1007.3,1010.1,2019-05-22 16:20:00,20.9,2019-05-22 04:11:00,57,2019-05-22 12:07:00,0.0,2019-05-22 00:00:00,0.0,2019-05-22 00:00:00,60.0,12.6,2019-05-22 21:20:00,29.4,2019-05-22 11:54:00,1010.6,16.34,8.9,0.0
2019-05-28,1008.6,25.0,71,19.3,80.0,4.4,1007.3,1010.1,2019-05-22 16:20:00,20.9,2019-05-22 04:11:00,57,2019-05-22 12:07:00,0.0,2019-05-22 00:00:00,0.0,2019-05-22 00:00:00,60.0,12.6,2019-05-22 21:20:00,29.4,2019-05-22 11:54:00,1010.6,16.34,8.9,0.0
2019-05-29,1007.9,26.4,73,21.3,70.0,7.9,1006.4,1009.6,2019-05-29 03:18:00,24.5,2019-05-29 21:03:00,66,2019-05-29 14:19:00,0.0,2019-05-29 00:00:00,0.0,2019-05-29 00:00:00,90.0,16.4,2019-05-29 22:03:00,28.9,2019-05-29 11:42:00,1009.9,22.98,11.4,0.0
2019-05-30,1008.4,27.3,72,21.8,70.0,3.4,1006.8,1009.7,2019-05-30 15:49:00,24.3,2019-05-30 02:49:00,57,2019-05-30 10:50:00,0.0,2019-05-30 00:00:00,0.0,2019-05-30 00:00:00,70.0,13.9,2019-05-30 09:34:00,30.5,2019-05-30 14:44:00,1010.4,24.09,10.7,0.0
2019-05-31,1007.7,27.2,80,23.4,270.0,1.9,1006.1,1009.2,2019-05-31 17:23:00,23.9,2019-05-31 04:31:00,63,2019-05-31 07:55:00,1.3,2019-05-31 12:58:00,1.3,2019-05-31 13:48:00,240.0,9.7,2019-05-31 00:01:00,30.8,2019-05-31 12:23:00,1009.7,20.75,9.8,1.3
2019-06-01,1007.7,27.2,80,23.4,270.0,1.9,1006.1,1009.2,2019-05-31 17:23:00,23.9,2019-05-31 04:31:00,63,2019-05-31 07:55:00,1.3,2019-05-31 12:58:00,1.3,2019-05-31 13:48:00,240.0,9.7,2019-05-31 00:01:00,30.8,2019-05-31 12:23:00,1009.7,20.75,9.8,1.3
2019-06-02,1007.7,27.2,80,23.4,270.0,1.9,1006.1,1009.2,2019-05-31 17:23:00,23.9,2019-05-31 04:31:00,63,2019-05-31 07:55:00,1.3,2019-05-31 12:58:00,1.3,2019-05-31 13:48:00,240.0,9.7,2019-05-31 00:01:00,30.8,2019-05-31 12:23:00,1009.7,20.75,9.8,1.3
2019-06-03,1007.7,27.2,80,23.4,270.0,1.9,1006.1,1009.2,2019-05-31 17:23:00,23.9,2019-05-31 04:31:00,63,2019-05-31 07:55:00,1.3,2019-05-31 12:58:00,1.3,2019-05-31 13:48:00,240.0,9.7,2019-05-31 00:01:00,30.8,2019-05-31 12:23:00,1009.7,20.75,9.8,1.3
2019-06-04,1007.7,27.2,80,23.4,270.0,1.9,1006.1,1009.2,2019-05-31 17:23:00,23.9,2019-05-31 04:31:00,63,2019-05-31 07:55:00,1.3,2019-05-31 12:58:00,1.3,2019-05-31 13:48:00,240.0,9.7,2019-05-31 00:01:00,30.8,2019-05-31 12:23:00,1009.7,20.75,9.8,1.3
2019-06-05,1007.7,27.2,80,23.4,270.0,1.9,1006.1,1009.2,2019-05-31 17:23:00,23.9,2019-05-31 04:31:00,63,2019-05-31 07:55:00,1.3,2019-05-31 12:58:00,1.3,2019-05-31 13:48:00,240.0,9.7,2019-05-31 00:01:00,30.8,2019-05-31 12:23:00,1009.7,20.75,9.8,1.3
2019-06-06,1007.7,27.2,80,23.4,270.0,1.9,1006.1,1009.2,2019-05-31 17:23:00,23.9,2019-05-31 04:31:00,63,2019-05-31 07:55:00,1.3,2019-05-31 12:58:00,1.3,2019-05-31 13:48:00,240.0,9.7,2019-05-31 00:01:00,30.8,2019-05-31 12:23:00,1009.7,20.75,9.8,1.3
2019-06-07,1007.7,27.2,80,23.4,270.0,1.9,1006.1,1009.2,2019-05-31 17:23:00,23.9,2019-05-31 04:31:00,63,2019-05-31 07:55:00,1.3,2019-05-31 12:58:00,1.3,2019-05-31 13:48:00,240.0,9.7,2019-05-31 00:01:00,30.8,2019-05-31 12:23:00,1009.7,20.75,9.8,1.3
2019-06-08,1007.7,27.2,80,23.4,270.0,1.9,1006.1,1009.2,2019-05-31 17:23:00,23.9,2019-05-31 04:31:00,63,2019-05-31 07:55:00,1.3,2019-05-31 12:58:00,1.3,2019-05-31 13:48:00,240.0,9.7,2019-05-31 00:01:00,30.8,2019-05-31 12:23:00,1009.7,20.75,9.8,1.3
2019-06-09,1007.7,27.2,80,23.4,270.0,1.9,1006.1,1009.2,2019-05-31 17:23:00,23.9,2019-05-31 04:31:00,63,2019-05-31 07:55:00,1.3,2019-05-31 12:58:00,1.3,2019-05-31 13:48:00,240.0,9.7,2019-05-31 00:01:00,30.8,2019-05-31 12:23:00,1009.7,20.75,9.8,1.3
2019-06-10,1007.7,27.2,80,23.4,270.0,1.9,1006.1,1009.2,2019-05-31 17:23:00,23.9,2019-05-31 04:31:00,63,2019-05-31 07:55:00,1.3,2019-05-31 12:58:00,1.3,2019-05-31 13:48:00,240.0,9.7,2019-05-31 00:01:00,30.8,2019-05-31 12:23:00,1009.7,20.75,9.8,1.3
2019-06-11,1007.7,27.2,80,23.4,270.0,1.9,1006.1,1009.2,2019-05-31 17:23:00,23.9,2019-05-31 04:31:00,63,2019-05-31 07:55:00,1.3,2019-05-31 12:58:00,1.3,2019-05-31 13:48:00,240.0,9.7,2019-05-31 00:01:00,30.8,2019-05-31 12:23:00,1009.7,20.75,9.8,1.3
2019-06-12,1005.2,27.8,83,24.6,250.0,1.4,1003.8,1007.0,2019-06-12 16:07:00,25.8,2019-06-12 04:32:00,64,2019-06-12 12:03:00,0.0,2019-06-12 00:00:00,0.0,2019-06-12 00:00:00,120.0,4.5,2019-06-12 08:48:00,31.5,2019-06-12 12:11:00,1007.2,12.76,8.6,0.0
2019-06-13,1003.0,27.7,86,25.2,270.0,2.5,1001.1,1004.9,2019-06-13 16:44:00,25.1,2019-06-13 04:57:00,74,2019-06-13 09:43:00,41.0,2019-06-13 17:31:00,12.7,2019-06-13 17:59:00,300.0,14.2,2019-06-13 00:01:00,30.5,2019-06-13 09:36:00,1005.0,12.26,8.6,71.7
2019-06-14,1000.5,27.7,85,24.9,300.0,3.7,999.2,1002.5,2019-06-14 04:54:00,25.5,2019-06-14 11:46:00,77,2019-06-14 06:50:00,14.1,2019-06-14 10:07:00,9.7,2019-06-14 09:13:00,300.0,16.7,2019-06-14 22:38:00,29.4,2019-06-14 06:04:00,1002.5,5.71,5.1,40.8
2019-06-15,1003.5,26.6,69,20.5,70.0,9.6,1001.1,1005.7,2019-06-15 02:24:00,25.5,2019-06-15 00:53:00,62,2019-06-15 23:53:00,0.0,2019-06-15 00:00:00,0.0,2019-06-15 00:00:00,60.0,20.1,2019-06-15 21:41:00,28.5,2019-06-15 12:10:00,1005.5,24.80,10.8,0.0
2019-06-16,1005.9,26.7,69,20.7,80.0,8.8,1003.7,1008.3,2019-06-16 04:45:00,25.4,2019-06-16 10:36:00,60,2019-06-16 06:29:00,0.0,2019-06-16 00:00:00,0.0,2019-06-16 00:00:00,70.0,17.1,2019-06-16 22:22:00,28.3,2019-06-16 13:10:00,1007.9,12.07,9.4,0.0
2019-06-17,1008.3,29.0,72,23.5,110.0,3.7,1006.8,1010.4,2019-06-17 01:39:00,26.3,2019-06-17 00:20:00,54,2019-06-17 16:14:00,0.0,2019-06-17 00:00:00,0.0,2019-06-17 00:00:00,90.0,10.2,2019-06-17 22:21:00,33.0,2019-06-17 16:11:00,1010.3,22.01,9.9,0.0
2019-06-18,1008.8,29.4,78,25.2,190.0,2.5,1007.7,1009.8,2019-06-18 17:43:00,26.3,2019-06-18 01:38:00,66,2019-06-18 09:23:00,0.0,2019-06-18 00:00:00,0.0,2019-06-18 00:00:00,240.0,7.0,2019-06-18 00:01:00,32.4,2019-06-18 09:18:00,1010.8,26.27,11.5,0.0
2019-06-19,1007.0,29.1,79,25.1,290.0,3.3,1004.6,1009.0,2019-06-19 17:09:00,25.6,2019-06-19 02:30:00,69,2019-06-19 12:27:00,0.0,2019-06-19 00:00:00,0.0,2019-06-19 00:00:00,270.0,11.9,2019-06-19 00:01:00,31.5,2019-06-19 15:05:00,1009.0,26.25,11.1,0.0
2019-06-20,1005.6,29.7,77,25.3,300.0,4.5,1004.2,1007.0,2019-06-20 15:21:00,28.4,2019-06-20 02:33:00,69,2019-06-20 12:57:00,0.0,2019-06-20 00:00:00,0.0,2019-06-20 00:00:00,280.0,12.7,2019-06-20 09:05:00,31.5,2019-06-20 14:41:00,1007.6,27.24,11.1,0.0
2019-06-21,1004.9,29.7,77,25.4,300.0,4.2,1003.6,1006.1,2019-06-21 15:46:00,28.2,2019-06-21 03:53:00,68,2019-06-21 12:54:00,0.0,2019-06-21 00:00:00,0.0,2019-06-21 00:00:00,260.0,13.7,2019-06-21 07:02:00,31.5,2019-06-21 12:54:00,1006.9,28.62,11.4,0.0
2019-06-22,1003.7,29.7,76,25.1,300.0,4.5,1001.9,1005.0,2019-06-22 15:46:00,28.4,2019-06-22 06:02:00,64,2019-06-22 13:58:00,0.0,2019-06-22 00:00:00,0.0,2019-06-22 00:00:00,310.0,12.7,2019-06-22 22:32:00,31.7,2019-06-22 11:41:00,1005.7,22.24,10.7,0.0
2019-06-23,1004.4,28.7,79,24.7,310.0,3.0,1002.8,1006.5,2019-06-23 03:58:00,25.7,2019-06-23 23:56:00,67,2019-06-23 13:07:00,0.5,2019-06-23 06:05:00,0.5,2019-06-23 06:55:00,310.0,11.0,2019-06-23 22:22:00,30.9,2019-06-23 10:57:00,1006.4,16.64,9.8,0.8
2019-06-24,1004.4,28.7,79,24.7,310.0,3.0,1002.8,1006.5,2019-06-23 03:58:00,25.7,2019-06-23 23:56:00,67,2019-06-23 13:07:00,0.5,2019-06-23 06:05:00,0.5,2019-06-23 06:55:00,310.0,11.0,2019-06-23 22:22:00,30.9,2019-06-23 10:57:00,1006.4,16.64,9.8,0.8
2019-06-25,1006.7,27.5,79,23.6,80.0,3.2,1005.6,1009.0,2019-06-25 18:26:00,25.2,2019-06-25 11:46:00,67,2019-06-25 09:48:00,1.5,2019-06-25 09:24:00,1.2,2019-06-25 10:11:00,60.0,10.8,2019-06-25 10:23:00,30.0,2019-06-25 09:46:00,1008.7,7.95,8.4,1.5
2019-06-26,1004.0,26.4,83,23.3,290.0,2.8,1001.6,1006.4,2019-06-26 16:42:00,24.1,2019-06-26 08:00:00,70,2019-06-26 10:34:00,18.4,2019-06-26 06:18:00,5.7,2019-06-26 05:21:00,280.0,13.3,2019-06-26 07:05:00,29.2,2019-06-26 16:58:00,1006.0,9.30,8.5,25.1
2019-06-27,1002.4,26.9,85,24.2,300.0,1.7,1001.3,1003.5,2019-06-27 04:18:00,25.2,2019-06-27 06:09:00,73,2019-06-27 13:31:00,20.6,2019-06-27 05:31:00,8.0,2019-06-27 06:11:00,300.0,10.5,2019-06-27 09:18:00,29.2,2019-06-27 13:37:00,1004.4,7.73,5.0,37.6
2019-06-28,1002.5,29.2,79,25.1,250.0,1.5,1001.3,1003.7,2019-06-28 16:53:00,25.9,2019-06-28 01:58:00,65,2019-06-28 15:44:00,1.2,2019-06-28 03:45:00,1.2,2019-06-28 04:35:00,160.0,7.6,2019-06-28 22:02:00,32.1,2019-06-28 13:53:00,1004.5,27.24,11.0,1.2
2019-06-29,1002.3,28.6,81,25.0,200.0,2.2,1000.9,1003.9,2019-06-29 03:56:00,26.3,2019-06-29 00:30:00,65,2019-06-29 13:58:00,8.5,2019-06-29 00:00:00,5.4,2019-06-29 00:22:00,210.0,6.7,2019-06-29 22:21:00,32.0,2019-06-29 14:21:00,1004.3,24.69,9.7,9.6
2019-06-30,1002.5,29.6,75,24.6,130.0,3.0,1000.6,1004.2,2019-06-30 16:57:00,26.9,2019-06-30 01:28:00,57,2019-06-30 14:20:00,0.5,2019-06-30 00:00:00,0.5,2019-06-30 00:32:00,60.0,11.7,2019-06-30 20:57:00,32.8,2019-06-30 14:15:00,1004.5,24.38,11.0,0.8
2019-07-01,1001.2,29.0,77,24.5,80.0,3.6,999.3,1002.8,2019-07-01 17:03:00,26.5,2019-07-01 19:11:00,63,2019-07-01 15:09:00,7.5,2019-07-01 18:29:00,3.7,2019-07-01 18:47:00,80.0,14.1,2019-07-01 00:01:00,31.7,2019-07-01 11:39:00,1003.2,13.96,6.7,7.5
2019-07-02,1004.0,26.5,89,24.6,130.0,2.5,1001.1,1007.2,2019-07-02 00:18:00,24.7,2019-07-02 02:18:00,77,2019-07-02 22:04:00,20.4,2019-07-02 01:07:00,8.7,2019-07-02 08:11:00,230.0,13.9,2019-07-02 22:43:00,28.7,2019-07-02 21:54:00,1005.9,5.46,4.7,60.7
2019-07-03,1008.1,28.0,81,24.3,170.0,2.1,1006.1,1009.9,2019-07-03 01:52:00,24.9,2019-07-03 02:26:00,64,2019-07-03 11:48:00,7.5,2019-07-03 12:27:00,7.4,2019-07-03 13:17:00,230.0,12.3,2019-07-03 21:59:00,31.4,2019-07-03 11:30:00,1010.1,12.56,8.0,21.5
2019-07-04,1008.3,28.6,81,25.2,300.0,2.3,1006.3,1010.2,2019-07-04 17:56:00,26.3,2019-07-04 00:08:00,72,2019-07-04 08:06:00,4.4,2019-07-04 10:24:00,3.5,2019-07-04 09:29:00,240.0,12.3,2019-07-04 11:04:00,30.6,2019-07-04 14:45:00,1010.3,12.40,10.2,9.9
2019-07-05,1005.0,29.0,77,24.8,290.0,4.6,1002.6,1007.6,2019-07-05 17:15:00,26.2,2019-07-05 11:33:00,69,2019-07-05 20:32:00,5.1,2019-07-05 10:38:00,4.7,2019-07-05 11:18:00,270.0,13.4,2019-07-05 00:01:00,30.0,2019-07-05 09:25:00,1007.0,8.60,10.0,5.1
2019-07-06,1003.6,29.2,78,25.1,290.0,4.3,1001.9,1005.4,2019-07-06 17:00:00,27.0,2019-07-06 02:50:00,69,2019-07-06 14:13:00,0.5,2019-07-06 08:58:00,0.5,2019-07-06 09:48:00,270.0,11.2,2019-07-06 22:49:00,31.6,2019-07-06 13:40:00,1005.5,17.36,9.5,0.6
2019-07-07,1005.4,28.9,80,25.1,290.0,3.9,1003.6,1007.6,2019-07-07 04:39:00,26.8,2019-07-07 15:32:00,70,2019-07-07 12:31:00,2.1,2019-07-07 16:17:00,1.8,2019-07-07 16:47:00,270.0,13.3,2019-07-07 22:40:00,31.0,2019-07-07 12:29:00,1007.4,14.21,8.0,4.9
2019-07-08,1006.7,27.2,85,24.6,310.0,2.7,1005.6,1007.9,2019-07-08 15:22:00,25.1,2019-07-08 07:43:00,78,2019-07-08 10:29:00,13.3,2019-07-08 18:14:00,9.3,2019-07-08 18:54:00,360.0,10.4,2019-07-08 08:35:00,29.2,2019-07-08 01:10:00,1008.7,5.90,5.8,40.6
2019-07-09,1004.6,29.2,80,25.5,280.0,4.1,1003.0,1006.7,2019-07-09 16:05:00,26.2,2019-07-09 02:41:00,71,2019-07-09 14:37:00,2.6,2019-07-09 01:29:00,2.6,2019-07-09 02:19:00,280.0,11.9,2019-07-09 00:11:00,31.0,2019-07-09 14:35:00,1006.6,20.31,9.5,4.3
2019-07-10,1005.1,30.0,78,25.9,270.0,4.2,1003.1,1008.0,2019-07-10 03:58:00,28.4,2019-07-10 04:10:00,72,2019-07-10 19:11:00,0.2,2019-07-10 01:28:00,0.2,2019-07-10 02:18:00,270.0,11.4,2019-07-10 22:45:00,31.6,2019-07-10 13:08:00,1007.1,21.02,10.6,0.2
2019-07-11,1009.0,27.6,83,24.6,250.0,2.8,1007.1,1010.8,2019-07-11 02:44:00,24.1,2019-07-11 17:44:00,73,2019-07-11 12:12:00,33.4,2019-07-11 16:18:00,9.8,2019-07-11 12:30:00,240.0,11.5,2019-07-11 16:59:00,31.4,2019-07-11 11:53:00,1011.0,9.75,4.5,92.5
2019-07-12,1008.3,29.3,78,25.2,290.0,2.7,1006.4,1010.4,2019-07-12 16:29:00,27.1,2019-07-12 00:01:00,69,2019-07-12 13:41:00,0.8,2019-07-12 01:29:00,0.8,2019-07-12 02:19:00,270.0,7.5,2019-07-12 00:01:00,31.2,2019-07-12 13:01:00,1010.3,24.35,11.0,0.9
2019-07-13,1005.5,29.7,77,25.3,290.0,4.8,1002.9,1008.2,2019-07-13 15:48:00,28.2,2019-07-13 18:11:00,69,2019-07-13 14:00:00,0.3,2019-07-13 17:32:00,0.2,2019-07-13 17:49:00,280.0,11.8,2019-07-13 00:01:00,31.5,2019-07-13 12:38:00,1007.5,25.82,10.1,0.3
2019-07-14,1003.9,29.8,76,25.2,290.0,4.4,1002.6,1005.5,2019-07-14 14:24:00,28.7,2019-07-14 07:10:00,67,2019-07-14 15:03:00,0.0,2019-07-14 00:00:00,0.0,2019-07-14 00:00:00,280.0,12.8,2019-07-14 22:08:00,31.6,2019-07-14 15:06:00,1005.9,22.08,8.9,0.0
2019-07-15,1004.0,29.4,76,24.7,320.0,2.0,1003.1,1005.2,2019-07-15 05:04:00,26.8,2019-07-15 21:41:00,63,2019-07-15 13:33:00,2.3,2019-07-15 15:57:00,1.9,2019-07-15 16:29:00,310.0,7.0,2019-07-15 22:00:00,32.1,2019-07-15 13:41:00,1006.0,23.14,9.6,2.3
2019-07-16,1002.9,29.6,69,23.2,60.0,2.5,1001.0,1004.7,2019-07-16 23:59:00,25.9,2019-07-16 04:44:00,47,2019-07-16 22:53:00,0.0,2019-07-16 00:00:00,0.0,2019-07-16 00:00:00,50.0,13.3,2019-07-16 00:01:00,32.7,2019-07-16 12:53:00,1004.8,22.47,11.4,0.0
2019-07-17,996.6,30.7,63,22.8,50.0,4.3,993.6,1001.0,2019-07-17 19:32:00,29.3,2019-07-17 06:40:00,51,2019-07-17 02:38:00,0.0,2019-07-17 00:00:00,0.0,2019-07-17 00:00:00,70.0,16.2,2019-07-17 00:01:00,32.8,2019-07-17 13:07:00,998.6,21.18,10.7,0.0
2019-07-18,995.1,28.3,81,24.8,170.0,2.8,993.9,996.6,2019-07-18 18:19:00,26.3,2019-07-18 05:43:00,68,2019-07-18 00:15:00,2.0,2019-07-18 21:02:00,1.2,2019-07-18 22:42:00,190.0,12.0,2019-07-18 10:45:00,30.7,2019-07-18 13:11:00,997.1,8.84,8.6,4.8
2019-07-19,999.1,27.4,86,24.9,300.0,4.1,993.0,1004.1,2019-07-19 03:45:00,23.6,2019-07-19 19:00:00,75,2019-07-19 12:29:00,51.4,2019-07-19 13:35:00,12.4,2019-07-19 14:10:00,310.0,15.3,2019-07-19 19:00:00,29.7,2019-07-19 10:30:00,1001.1,3.29,2.4,92.3
2019-07-20,1005.4,27.4,81,23.9,310.0,3.1,1002.8,1007.4,2019-07-20 03:41:00,23.3,2019-07-20 06:13:00,68,2019-07-20 11:49:00,32.7,2019-07-20 06:16:00,8.4,2019-07-20 06:57:00,310.0,10.1,2019-07-20 22:32:00,29.8,2019-07-20 14:18:00,1007.4,12.97,7.5,72.6
2019-07-21,1006.5,28.7,79,24.7,290.0,1.9,1005.2,1008.1,2019-07-21 04:14:00,26.7,2019-07-21 23:08:00,65,2019-07-21 15:43:00,1.6,2019-07-21 04:13:00,1.6,2019-07-21 05:03:00,310.0,7.2,2019-07-21 10:46:00,30.9,2019-07-21 15:43:00,1008.5,14.28,10.0,1.6
2019-07-22,1006.4,27.0,79,23.1,110.0,3.1,1005.3,1008.7,2019-07-22 17:30:00,23.8,2019-07-22 07:39:00,59,2019-07-22 13:24:00,4.9,2019-07-22 06:31:00,4.7,2019-07-22 07:18:00,80.0,12.6,2019-07-22 07:33:00,30.6,2019-07-22 13:20:00,1008.4,13.90,8.8,4.9
2019-07-23,1006.0,27.3,81,23.7,130.0,2.3,1004.1,1007.1,2019-07-23 16:47:00,25.0,2019-07-23 23:44:00,64,2019-07-23 10:24:00,10.0,2019-07-23 11:59:00,5.9,2019-07-23 12:05:00,230.0,7.4,2019-07-23 00:01:00,30.6,2019-07-23 15:04:00,1008.0,15.61,8.3,10.3
2019-07-24,1006.7,28.3,77,23.8,270.0,2.0,1005.3,1008.2,2019-07-24 04:13:00,24.1,2019-07-24 05:07:00,63,2019-07-24 14:06:00,0.0,2019-07-24 00:00:00,0.0,2019-07-24 00:00:00,300.0,6.2,2019-07-24 21:35:00,31.6,2019-07-24 15:17:00,1008.7,25.51,11.0,0.0
2019-07-25,1006.7,28.3,77,23.8,270.0,2.0,1005.3,1008.2,2019-07-24 04:13:00,24.1,2019-07-24 05:07:00,63,2019-07-24 14:06:00,0.0,2019-07-24 00:00:00,0.0,2019-07-24 00:00:00,300.0,6.2,2019-07-24 21:35:00,31.6,2019-07-24 15:17:00,1008.7,25.51,11.0,0.0
2019-07-26,1005.7,29.1,77,24.8,300.0,2.3,1003.7,1007.0,2019-07-26 16:13:00,26.0,2019-07-26 01:58:00,65,2019-07-26 14:44:00,12.9,2019-07-26 19:39:00,7.3,2019-07-26 20:19:00,280.0,8.9,2019-07-26 07:41:00,32.1,2019-07-26 14:43:00,1007.6,25.04,10.2,12.9
2019-07-27,1005.6,28.0,79,24.1,310.0,2.0,1004.2,1007.5,2019-07-27 15:55:00,25.7,2019-07-27 02:59:00,64,2019-07-27 12:08:00,0.0,2019-07-27 00:00:00,0.0,2019-07-27 00:00:00,290.0,7.9,2019-07-27 22:01:00,31.2,2019-07-27 16:08:00,1007.6,24.53,10.0,0.0
2019-07-28,1006.7,28.4,75,23.5,90.0,4.8,1004.9,1008.3,2019-07-28 02:47:00,25.8,2019-07-28 04:17:00,58,2019-07-28 11:27:00,0.4,2019-07-28 22:56:00,0.4,2019-07-28 23:46:00,90.0,11.4,2019-07-28 23:43:00,31.8,2019-07-28 11:52:00,1008.7,19.69,9.5,0.6
2019-07-29,1006.9,28.6,75,23.7,80.0,5.9,1005.4,1008.4,2019-07-29 16:11:00,25.8,2019-07-29 00:21:00,65,2019-07-29 15:37:00,1.8,2019-07-29 00:00:00,1.5,2019-07-29 00:01:00,50.0,14.0,2019-07-29 22:22:00,31.2,2019-07-29 14:39:00,1008.9,21.40,11.3,3.0
2019-07-30,1006.1,29.0,72,23.6,80.0,6.1,1004.4,1007.7,2019-07-30 16:38:00,27.0,2019-07-30 01:38:00,62,2019-07-30 14:53:00,0.0,2019-07-30 00:00:00,0.0,2019-07-30 00:00:00,70.0,12.9,2019-07-30 00:12:00,31.4,2019-07-30 13:22:00,1008.1,27.64,10.9,0.0
2019-07-31,1005.4,28.4,76,23.9,90.0,5.4,1003.2,1007.2,2019-07-31 16:27:00,26.6,2019-07-31 23:32:00,67,2019-07-31 11:39:00,1.7,2019-07-31 20:00:00,1.7,2019-07-31 20:50:00,90.0,15.8,2019-07-31 21:59:00,30.3,2019-07-31 13:02:00,1007.4,17.62,10.8,1.7
2019-08-01,1005.7,27.5,79,23.6,90.0,4.8,1004.7,1007.3,2019-08-01 14:47:00,24.4,2019-08-01 23:12:00,70,2019-08-01 13:38:00,1.9,2019-08-01 22:01:00,1.2,2019-08-01 02:46:00,70.0,12.9,2019-08-01 21:31:00,29.8,2019-08-01 13:22:00,1007.7,8.96,8.2,3.6
2019-08-02,1003.8,27.6,75,22.8,100.0,4.1,1002.5,1005.7,2019-08-02 15:18:00,25.2,2019-08-02 00:01:00,60,2019-08-02 13:35:00,0.7,2019-08-02 17:38:00,0.6,2019-08-02 18:28:00,70.0,12.1,2019-08-02 00:02:00,31.3,2019-08-02 13:48:00,1005.8,15.28,9.5,1.1
2019-08-03,1001.6,28.0,74,22.9,90.0,2.5,1000.3,1003.4,2019-08-03 16:03:00,24.7,2019-08-03 05:14:00,57,2019-08-03 12:56:00,0.0,2019-08-03 00:00:00,0.0,2019-08-03 00:00:00,90.0,9.4,2019-08-03 00:01:00,31.9,2019-08-03 12:48:00,1003.6,21.57,11.0,0.0
2019-08-04,1000.6,28.8,74,23.5,70.0,2.2,999.7,1001.6,2019-08-04 16:04:00,25.4,2019-08-04 03:24:00,55,2019-08-04 08:55:00,0.0,2019-08-04 00:00:00,0.0,2019-08-04 00:00:00,110.0,8.1,2019-08-04 00:01:00,32.3,2019-08-04 11:42:00,1002.6,18.96,9.9,0.0
2019-08-05,1000.7,28.3,79,24.3,60.0,2.4,999.7,1002.1,2019-08-05 03:02:00,26.2,2019-08-05 16:24:00,62,2019-08-05 09:10:00,9.8,2019-08-05 15:35:00,5.5,2019-08-05 15:35:00,340.0,8.0,2019-08-05 22:16:00,31.8,2019-08-05 13:31:00,1002.7,18.07,8.5,11.3
2019-08-06,1000.0,28.5,75,23.7,50.0,2.1,998.8,1001.1,2019-08-06 15:32:00,24.6,2019-08-06 23:58:00,59,2019-08-06 11:25:00,0.6,2019-08-06 16:28:00,0.6,2019-08-06 17:18:00,50.0,8.2,2019-08-06 00:03:00,32.3,2019-08-06 11:24:00,1002.0,17.33,9.9,0.6
2019-08-07,997.0,27.7,79,23.8,60.0,1.4,994.9,999.9,2019-08-08 00:00:00,24.0,2019-08-07 03:11:00,62,2019-08-07 09:18:00,2.1,2019-08-07 15:32:00,2.1,2019-08-07 16:22:00,300.0,7.2,2019-08-07 00:07:00,32.0,2019-08-07 15:03:00,998.9,20.61,9.1,2.1
2019-08-08,991.7,29.1,80,25.3,260.0,2.5,987.6,994.8,2019-08-08 23:58:00,25.9,2019-08-08 06:05:00,66,2019-08-08 09:10:00,0.5,2019-08-08 12:31:00,0.5,2019-08-08 13:21:00,310.0,8.6,2019-08-08 00:01:00,31.6,2019-08-08 12:10:00,993.7,17.56,11.0,0.5
2019-08-09,989.0,29.5,80,25.8,290.0,8.4,985.0,994.4,2019-08-09 05:36:00,27.9,2019-08-09 02:46:00,66,2019-08-09 12:22:00,0.3,2019-08-09 14:10:00,0.3,2019-08-09 15:00:00,300.0,22.5,2019-08-09 21:32:00,31.6,2019-08-09 13:25:00,991.0,14.15,8.7,0.3
2019-08-10,997.1,29.8,79,25.8,270.0,6.7,993.8,1000.7,2019-08-10 00:25:00,29.4,2019-08-10 22:56:00,75,2019-08-10 15:35:00,0.0,2019-08-10 00:00:00,0.0,2019-08-10 00:00:00,260.0,17.8,2019-08-10 22:11:00,30.6,2019-08-10 15:38:00,999.1,9.85,8.3,0.0
2019-08-11,1000.2,29.8,79,25.9,280.0,5.4,998.6,1001.4,2019-08-11 15:36:00,28.1,2019-08-11 06:28:00,72,2019-08-11 15:27:00,0.8,2019-08-11 05:21:00,0.7,2019-08-11 05:52:00,280.0,13.9,2019-08-11 20:28:00,31.3,2019-08-11 14:31:00,1002.2,22.28,9.6,0.8
2019-08-12,1000.9,29.4,79,25.4,300.0,3.9,999.6,1003.1,2019-08-12 03:13:00,26.5,2019-08-12 22:04:00,66,2019-08-12 13:47:00,5.5,2019-08-12 21:12:00,4.7,2019-08-12 21:44:00,280.0,10.4,2019-08-12 21:42:00,31.7,2019-08-12 13:40:00,1002.9,21.17,10.2,8.1
2019-08-13,1001.2,28.1,82,24.8,300.0,3.1,998.6,1003.5,2019-08-13 15:11:00,25.4,2019-08-13 08:38:00,69,2019-08-13 15:46:00,24.8,2019-08-13 00:20:00,8.7,2019-08-13 00:30:00,340.0,13.3,2019-08-13 21:32:00,30.3,2019-08-13 16:33:00,1003.2,10.73,6.5,31.6
2019-08-14,1001.6,27.9,83,24.9,300.0,3.4,1000.0,1003.0,2019-08-14 16:08:00,25.9,2019-08-14 05:35:00,73,2019-08-14 10:53:00,2.1,2019-08-14 01:27:00,1.1,2019-08-14 05:21:00,260.0,10.8,2019-08-14 00:07:00,29.6,2019-08-14 15:53:00,1003.6,11.30,8.7,4.6
2019-08-15,1001.7,28.8,82,25.5,270.0,4.8,1000.1,1003.0,2019-08-15 16:15:00,27.3,2019-08-15 13:42:00,73,2019-08-15 12:29:00,1.1,2019-08-15 01:19:00,1.1,2019-08-15 02:09:00,260.0,14.5,2019-08-15 23:22:00,31.0,2019-08-15 12:43:00,1003.6,9.21,5.7,2.0
2019-08-16,1003.2,27.7,84,24.9,280.0,3.9,1001.6,1005.3,2019-08-16 04:18:00,25.1,2019-08-16 14:54:00,78,2019-08-16 08:25:00,21.8,2019-08-16 14:03:00,8.2,2019-08-16 14:54:00,230.0,14.1,2019-08-16 23:54:00,29.5,2019-08-16 13:13:00,1005.2,4.34,3.0,47.1
2019-08-17,1005.2,26.8,85,24.1,310.0,3.2,1003.7,1006.6,2019-08-17 02:39:00,25.0,2019-08-17 05:57:00,77,2019-08-17 13:37:00,8.7,2019-08-17 15:09:00,6.7,2019-08-17 05:38:00,300.0,12.2,2019-08-17 08:52:00,28.3,2019-08-17 13:33:00,1007.2,3.08,2.7,35.3
2019-08-18,1005.0,26.2,86,23.8,310.0,2.8,1003.5,1006.7,2019-08-18 15:59:00,24.9,2019-08-18 18:30:00,76,2019-08-18 07:26:00,22.6,2019-08-18 16:29:00,8.8,2019-08-18 16:32:00,350.0,9.6,2019-08-18 10:25:00,28.2,2019-08-18 07:24:00,1007.0,3.22,2.2,60.4
2019-08-19,1005.0,26.2,86,23.8,310.0,2.8,1003.5,1006.7,2019-08-18 15:59:00,24.9,2019-08-18 18:30:00,76,2019-08-18 07:26:00,22.6,2019-08-18 16:29:00,8.8,2019-08-18 16:32:00,350.0,9.6,2019-08-18 10:25:00,28.2,2019-08-18 07:24:00,1007.0,3.22,2.2,60.4
2019-08-20,1005.0,26.2,86,23.8,310.0,2.8,1003.5,1006.7,2019-08-18 15:59:00,24.9,2019-08-18 18:30:00,76,2019-08-18 07:26:00,22.6,2019-08-18 16:29:00,8.8,2019-08-18 16:32:00,350.0,9.6,2019-08-18 10:25:00,28.2,2019-08-18 07:24:00,1007.0,3.22,2.2,60.4
2019-08-21,1004.1,26.3,86,23.9,120.0,2.2,1002.7,1006.0,2019-08-21 13:30:00,23.9,2019-08-21 00:01:00,76,2019-08-21 15:37:00,3.7,2019-08-21 05:27:00,2.4,2019-08-21 06:22:00,120.0,7.4,2019-08-21 22:00:00,29.3,2019-08-21 16:41:00,1006.1,8.03,6.9,8.2
2019-08-22,1004.5,28.5,76,23.9,90.0,4.5,1002.2,1006.3,2019-08-22 15:56:00,25.4,2019-08-22 00:27:00,63,2019-08-22 13:08:00,0.0,2019-08-22 00:00:00,0.0,2019-08-22 00:00:00,80.0,13.9,2019-08-22 21:20:00,31.8,2019-08-22 13:29:00,1006.5,24.02,11.1,0.0
2019-08-23,1003.1,29.5,69,23.3,30.0,2.3,1000.3,1005.6,2019-08-24 00:00:00,26.5,2019-08-23 05:10:00,57,2019-08-23 09:32:00,0.2,2019-08-23 19:24:00,0.2,2019-08-23 20:14:00,360.0,12.4,2019-08-23 00:01:00,32.1,2019-08-23 13:16:00,1005.1,18.90,9.9,0.2
2019-08-24,994.4,26.6,83,23.5,70.0,5.4,984.1,1001.2,2019-08-24 13:49:00,24.4,2019-08-24 16:22:00,53,2019-08-24 00:52:00,26.9,2019-08-24 08:46:00,6.8,2019-08-24 09:23:00,350.0,17.5,2019-08-24 23:53:00,30.5,2019-08-24 00:21:00,996.4,1.20,0.2,109.7
2019-08-25,1005.6,27.0,86,24.5,140.0,3.4,1001.1,1009.1,2019-08-25 00:42:00,24.5,2019-08-25 07:05:00,76,2019-08-25 12:14:00,27.8,2019-08-25 06:19:00,8.9,2019-08-25 06:14:00,180.0,14.4,2019-08-25 22:58:00,29.6,2019-08-25 13:46:00,1007.6,9.68,7.6,66.3
2019-08-26,1008.3,29.0,77,24.5,110.0,3.1,1006.8,1010.1,2019-08-26 15:25:00,26.4,2019-08-26 03:37:00,57,2019-08-26 16:33:00,0.1,2019-08-26 02:06:00,0.1,2019-08-26 02:56:00,90.0,7.8,2019-08-26 21:03:00,32.3,2019-08-26 12:05:00,1010.3,25.13,10.5,0.2
2019-08-27,1007.0,29.0,70,23.1,70.0,3.7,1005.6,1009.2,2019-08-27 15:19:00,27.2,2019-08-27 01:37:00,58,2019-08-27 14:35:00,0.0,2019-08-27 00:00:00,0.0,2019-08-27 00:00:00,90.0,12.0,2019-08-27 00:01:00,31.6,2019-08-27 11:34:00,1009.0,24.48,10.6,0.0
2019-08-28,1004.9,29.0,73,23.8,80.0,6.0,1003.2,1006.8,2019-08-28 18:27:00,27.4,2019-08-28 23:16:00,65,2019-08-28 00:08:00,0.0,2019-08-28 00:00:00,0.0,2019-08-28 00:00:00,80.0,18.9,2019-08-28 22:50:00,30.8,2019-08-28 11:26:00,1006.9,21.52,10.4,0.0
2019-08-29,1006.1,28.5,79,24.6,130.0,2.2,1004.5,1008.0,2019-08-29 03:26:00,25.6,2019-08-30 00:00:00,60,2019-08-29 11:55:00,0.0,2019-08-29 00:00:00,0.0,2019-08-29 00:00:00,90.0,8.2,2019-08-29 22:10:00,31.8,2019-08-29 11:59:00,1008.1,18.81,9.7,0.0
2019-08-30,1007.0,27.8,80,24.1,350.0,1.8,1005.6,1008.4,2019-08-30 15:46:00,25.2,2019-08-30 01:49:00,70,2019-08-30 09:06:00,3.2,2019-08-30 06:20:00,3.1,2019-08-30 07:10:00,80.0,12.1,2019-08-30 22:10:00,30.8,2019-08-30 11:27:00,1009.0,12.40,8.3,3.3
2019-08-31,1006.1,28.3,74,23.3,80.0,5.1,1004.7,1007.4,2019-08-31 16:44:00,26.8,2019-08-31 21:10:00,65,2019-08-31 13:40:00,1.5,2019-08-31 20:06:00,0.9,2019-08-31 20:56:00,80.0,16.7,2019-08-31 00:01:00,30.7,2019-08-31 13:15:00,1008.1,21.55,9.9,2.2
2019-09-01,1006.8,27.1,79,23.2,80.0,7.0,1005.4,1008.8,2019-09-01 01:58:00,25.1,2019-09-01 02:55:00,70,2019-09-01 12:19:00,5.6,2019-09-01 00:14:00,2.7,2019-09-01 00:27:00,80.0,16.2,2019-09-01 22:30:00,29.7,2019-09-01 12:16:00,1008.8,10.84,8.7,13.2
2019-09-02,1007.3,28.0,74,23.1,80.0,5.8,1005.4,1009.6,2019-09-02 15:57:00,25.3,2019-09-02 08:29:00,63,2019-09-02 12:51:00,8.1,2019-09-02 18:57:00,4.6,2019-09-02 18:56:00,80.0,13.3,2019-09-02 08:22:00,30.8,2019-09-02 12:50:00,1009.3,19.28,7.4,14.6
2019-09-03,1004.8,27.8,73,22.5,70.0,2.8,1003.0,1006.6,2019-09-03 15:16:00,25.1,2019-09-04 00:00:00,55,2019-09-03 10:09:00,0.5,2019-09-03 12:54:00,0.5,2019-09-03 13:44:00,50.0,10.2,2019-09-03 00:01:00,31.1,2019-09-03 10:45:00,1006.8,14.39,10.1,0.5
2019-09-04,1003.7,26.0,85,23.4,300.0,2.1,1002.5,1005.8,2019-09-04 13:54:00,24.5,2019-09-04 03:23:00,77,2019-09-04 15:12:00,5.1,2019-09-04 06:01:00,3.9,2019-09-04 05:58:00,300.0,8.2,2019-09-04 08:31:00,27.9,2019-09-04 15:20:00,1005.7,6.84,6.1,11.1
2019-09-05,1001.4,27.6,81,24.2,290.0,3.3,999.8,1002.7,2019-09-05 15:13:00,25.1,2019-09-05 00:41:00,76,2019-09-05 08:45:00,1.2,2019-09-05 19:28:00,1.2,2019-09-05 20:18:00,280.0,10.2,2019-09-05 00:24:00,29.0,2019-09-05 15:59:00,1003.4,15.47,10.3,2.1
2019-09-06,1000.8,27.6,82,24.2,260.0,3.0,999.3,1003.5,2019-09-06 03:01:00,24.8,2019-09-06 22:12:00,74,2019-09-06 12:18:00,4.1,2019-09-06 07:53:00,4.1,2019-09-06 08:43:00,260.0,9.6,2019-09-06 21:49:00,29.3,2019-09-06 12:16:00,1002.8,10.83,7.1,7.9
2019-09-07,1002.8,26.9,84,23.9,270.0,2.1,1000.8,1005.3,2019-09-07 02:45:00,24.4,2019-09-07 05:21:00,70,2019-09-07 14:46:00,24.5,2019-09-07 02:19:00,10.1,2019-09-07 02:25:00,290.0,12.0,2019-09-07 21:57:00,29.6,2019-09-07 15:51:00,1004.8,11.75,8.8,50.1
2019-09-08,1004.1,27.3,80,23.6,140.0,2.1,1002.7,1006.0,2019-09-08 14:57:00,24.3,2019-09-08 04:48:00,65,2019-09-08 12:14:00,0.0,2019-09-08 00:00:00,0.0,2019-09-08 00:00:00,220.0,10.8,2019-09-08 21:27:00,31.1,2019-09-08 12:14:00,1006.1,19.91,10.5,0.0
2019-09-09,1005.1,27.4,75,22.6,80.0,3.2,1003.1,1007.6,2019-09-09 02:41:00,25.7,2019-09-09 01:40:00,64,2019-09-09 16:11:00,0.0,2019-09-09 00:00:00,0.0,2019-09-09 00:00:00,80.0,11.0,2019-09-09 23:01:00,30.1,2019-09-09 09:57:00,1007.1,7.57,6.8,0.0
2019-09-10,1008.2,26.8,80,23.3,80.0,2.1,1006.0,1010.4,2019-09-10 02:19:00,24.3,2019-09-10 05:20:00,73,2019-09-10 15:03:00,0.2,2019-09-10 03:47:00,0.2,2019-09-10 04:37:00,90.0,8.7,2019-09-10 22:57:00,28.7,2019-09-10 10:54:00,1010.2,9.59,9.3,0.2
2019-09-11,1009.3,29.0,68,22.5,70.0,3.3,1007.5,1010.8,2019-09-11 15:44:00,26.9,2019-09-11 02:41:00,60,2019-09-11 14:05:00,0.0,2019-09-11 00:00:00,0.0,2019-09-11 00:00:00,110.0,11.7,2019-09-11 08:29:00,31.4,2019-09-11 11:59:00,1011.3,23.26,10.6,0.0
2019-09-12,1007.2,29.4,63,21.7,50.0,2.8,1005.7,1009.1,2019-09-12 15:30:00,27.6,2019-09-12 01:39:00,55,2019-09-12 12:43:00,0.0,2019-09-12 00:00:00,0.0,2019-09-12 00:00:00,80.0,13.5,2019-09-12 00:13:00,31.8,2019-09-12 13:12:00,1009.2,22.07,10.9,0.0
2019-09-13,1005.8,29.0,65,21.9,50.0,1.9,1004.4,1007.1,2019-09-13 14:58:00,26.8,2019-09-13 05:06:00,54,2019-09-13 08:42:00,0.0,2019-09-13 00:00:00,0.0,2019-09-13 00:00:00,90.0,8.9,2019-09-13 08:28:00,31.8,2019-09-13 10:46:00,1007.8,17.70,9.7,0.0
2019-09-14,1005.8,27.7,76,23.0,80.0,3.7,1004.6,1006.9,2019-09-14 15:52:00,25.3,2019-09-14 05:47:00,65,2019-09-14 13:43:00,0.9,2019-09-14 22:50:00,0.9,2019-09-14 23:40:00,80.0,14.4,2019-09-14 21:12:00,30.8,2019-09-14 13:40:00,1007.8,11.51,8.4,1.2
2019-09-15,1005.4,27.1,75,22.3,70.0,2.7,1003.8,1006.7,2019-09-15 15:38:00,23.8,2019-09-15 19:46:00,56,2019-09-15 14:23:00,0.0,2019-09-15 00:00:00,0.0,2019-09-15 00:00:00,70.0,11.9,2019-09-15 21:06:00,31.5,2019-09-15 10:22:00,1007.4,18.45,8.1,0.0
2019-09-16,1004.6,26.9,78,22.7,70.0,2.2,1003.6,1005.7,2019-09-16 14:36:00,24.5,2019-09-16 04:53:00,62,2019-09-16 10:15:00,0.7,2019-09-16 18:19:00,0.4,2019-09-16 19:09:00,60.0,17.2,2019-09-16 09:40:00,30.1,2019-09-16 11:15:00,1006.6,9.79,7.1,0.7
2019-09-17,1005.4,27.9,67,21.3,70.0,5.4,1003.6,1007.3,2019-09-17 03:10:00,25.9,2019-09-17 04:11:00,49,2019-09-17 10:36:00,0.5,2019-09-17 18:54:00,0.4,2019-09-17 19:28:00,70.0,17.1,2019-09-17 20:30:00,31.1,2019-09-17 12:26:00,1007.4,17.84,9.6,0.5
2019-09-18,1006.1,28.0,63,20.3,70.0,6.5,1004.8,1007.4,2019-09-18 02:46:00,26.1,2019-09-18 04:04:00,42,2019-09-18 01:53:00,0.0,2019-09-18 00:00:00,0.0,2019-09-18 00:00:00,80.0,16.8,2019-09-18 21:14:00,30.6,2019-09-18 12:37:00,1008.0,19.33,9.6,0.0
2019-09-19,1005.8,27.0,61,19.0,70.0,6.5,1004.6,1007.4,2019-09-19 15:23:00,25.8,2019-09-19 04:00:00,52,2019-09-19 08:58:00,0.0,2019-09-19 00:00:00,0.0,2019-09-19 00:00:00,50.0,15.2,2019-09-19 09:19:00,29.0,2019-09-19 12:48:00,1007.8,15.42,9.2,0.0
2019-09-20,1001.6,27.1,71,21.4,310.0,1.9,998.5,1004.7,2019-09-20 16:00:00,23.3,2019-09-20 05:34:00,58,2019-09-20 14:45:00,0.0,2019-09-20 00:00:00,0.0,2019-09-20 00:00:00,340.0,7.7,2019-09-20 00:03:00,31.0,2019-09-20 15:58:00,1003.6,23.93,10.4,0.0
2019-09-21,1001.2,26.4,67,19.7,320.0,4.1,998.4,1005.9,2019-09-21 03:27:00,24.1,2019-09-21 03:09:00,52,2019-09-21 12:21:00,0.0,2019-09-21 00:00:00,0.0,2019-09-21 00:00:00,300.0,15.6,2019-09-22 00:00:00,28.7,2019-09-21 12:20:00,1003.2,18.37,8.9,0.0
2019-09-22,1009.3,24.0,84,21.3,100.0,2.3,1005.4,1012.9,2019-09-22 03:12:00,22.4,2019-09-22 05:45:00,75,2019-09-22 00:01:00,9.4,2019-09-22 00:11:00,3.7,2019-09-22 00:33:00,120.0,7.8,2019-09-22 22:03:00,25.9,2019-09-22 16:08:00,1011.3,5.00,5.9,11.5
2019-09-23,1013.4,25.9,70,19.9,70.0,6.2,1011.6,1015.1,2019-09-23 03:28:00,23.0,2019-09-23 04:25:00,59,2019-09-23 13:13:00,0.0,2019-09-23 00:00:00,0.0,2019-09-23 00:00:00,80.0,14.5,2019-09-23 20:32:00,28.5,2019-09-23 13:49:00,1015.4,16.52,8.6,0.0
2019-09-24,1014.0,26.6,65,19.6,70.0,8.0,1012.7,1015.7,2019-09-24 14:15:00,25.2,2019-09-24 02:20:00,55,2019-09-24 09:56:00,0.0,2019-09-24 00:00:00,0.0,2019-09-24 00:00:00,60.0,15.9,2019-09-24 21:16:00,29.1,2019-09-24 12:35:00,1016.0,24.71,10.5,0.0
2019-09-25,1013.8,26.2,65,19.2,70.0,9.2,1012.5,1015.3,2019-09-25 03:55:00,24.8,2019-09-25 00:49:00,59,2019-09-25 12:31:00,0.0,2019-09-25 00:00:00,0.0,2019-09-25 00:00:00,50.0,19.6,2019-09-25 21:10:00,28.2,2019-09-25 12:44:00,1015.8,23.99,10.1,0.0
2019-09-26,1014.0,27.5,61,19.4,60.0,4.2,1012.8,1014.9,2019-09-26 14:24:00,25.0,2019-09-26 03:31:00,44,2019-09-26 10:04:00,0.0,2019-09-26 00:00:00,0.0,2019-09-26 00:00:00,60.0,15.9,2019-09-26 08:33:00,31.0,2019-09-26 13:56:00,1016.0,24.47,10.5,0.0
2019-09-27,1013.0,26.9,71,21.2,70.0,3.1,1011.5,1014.6,2019-09-27 16:10:00,24.1,2019-09-27 23:43:00,56,2019-09-27 09:03:00,0.1,2019-09-27 14:14:00,0.1,2019-09-27 15:04:00,60.0,11.7,2019-09-27 10:54:00,29.7,2019-09-27 09:09:00,1015.1,10.07,9.5,0.1
2019-09-28,1011.4,27.7,71,22.0,60.0,2.2,1009.9,1013.0,2019-09-28 15:13:00,23.7,2019-09-28 05:42:00,58,2019-09-28 09:06:00,0.0,2019-09-28 00:00:00,0.0,2019-09-28 00:00:00,90.0,8.4,2019-09-28 00:01:00,30.5,2019-09-28 15:30:00,1013.4,18.68,10.5,0.0
2019-09-29,1008.1,28.3,70,22.3,50.0,2.4,1004.7,1010.8,2019-09-30 00:00:00,24.9,2019-09-29 05:15:00,59,2019-09-29 13:14:00,0.3,2019-09-29 17:27:00,0.3,2019-09-29 18:17:00,70.0,12.0,2019-09-29 00:01:00,30.9,2019-09-29 13:03:00,1010.1,15.85,9.3,0.3
2019-09-30,999.4,27.7,76,23.2,290.0,3.8,996.8,1004.8,2019-09-30 16:26:00,25.5,2019-09-30 04:26:00,52,2019-09-30 00:45:00,0.0,2019-09-30 00:00:00,0.0,2019-09-30 00:00:00,30.0,19.4,2019-09-30 00:02:00,30.7,2019-09-30 00:45:00,1001.4,7.31,7.1,0.0
2019-10-01,1005.9,28.1,71,22.4,300.0,7.2,998.8,1009.8,2019-10-01 00:05:00,26.4,2019-10-01 01:05:00,56,2019-10-01 11:08:00,0.0,2019-10-01 00:00:00,0.0,2019-10-01 00:00:00,300.0,19.0,2019-10-01 23:29:00,29.9,2019-10-01 11:04:00,1007.9,21.29,10.0,0.0
2019-10-02,1010.2,28.2,75,23.4,290.0,3.0,1009.1,1011.6,2019-10-02 16:03:00,24.7,2019-10-02 23:19:00,64,2019-10-02 14:22:00,0.0,2019-10-02 00:00:00,0.0,2019-10-02 00:00:00,310.0,8.2,2019-10-02 22:00:00,30.8,2019-10-02 12:07:00,1012.2,21.09,9.1,0.0
2019-10-03,1010.9,27.6,75,22.9,20.0,2.0,1009.6,1012.3,2019-10-03 14:52:00,24.3,2019-10-03 04:59:00,63,2019-10-03 12:53:00,0.0,2019-10-03 00:00:00,0.0,2019-10-03 00:00:00,90.0,7.6,2019-10-03 08:48:00,30.5,2019-10-03 10:25:00,1012.9,20.04,10.2,0.0
2019-10-04,1010.7,28.0,70,22.1,60.0,2.6,1009.3,1012.1,2019-10-04 14:26:00,24.6,2019-10-04 05:59:00,53,2019-10-04 09:19:00,0.0,2019-10-04 00:00:00,0.0,2019-10-04 00:00:00,90.0,10.1,2019-10-04 09:12:00,30.8,2019-10-04 14:18:00,1012.7,20.99,10.4,0.0
2019-10-05,1011.6,27.1,70,21.2,70.0,3.2,1010.2,1013.9,2019-10-05 14:45:00,24.4,2019-10-05 23:30:00,59,2019-10-05 09:11:00,4.0,2019-10-05 22:26:00,1.9,2019-10-05 23:16:00,90.0,11.4,2019-10-05 23:24:00,28.5,2019-10-05 11:28:00,1013.7,7.05,5.8,4.4
2019-10-06,1013.1,26.5,72,21.0,70.0,5.3,1011.0,1015.0,2019-10-06 02:40:00,24.4,2019-10-06 00:26:00,66,2019-10-06 19:33:00,1.6,2019-10-06 00:00:00,1.6,2019-10-06 00:12:00,80.0,17.9,2019-10-06 21:11:00,27.6,2019-10-06 11:07:00,1015.1,9.13,6.1,1.7
2019-10-07,1013.5,27.3,65,20.3,70.0,7.2,1012.0,1014.9,2019-10-07 14:30:00,25.9,2019-10-07 05:13:00,57,2019-10-07 14:51:00,0.0,2019-10-07 00:00:00,0.0,2019-10-07 00:00:00,90.0,17.3,2019-10-07 09:55:00,29.5,2019-10-07 12:45:00,1015.5,22.66,9.5,0.0
2019-10-08,1013.2,27.5,67,20.8,70.0,5.0,1011.8,1014.5,2019-10-08 15:07:00,25.7,2019-10-08 04:06:00,56,2019-10-08 11:09:00,0.0,2019-10-08 00:00:00,0.0,2019-10-08 00:00:00,50.0,15.9,2019-10-08 20:11:00,30.6,2019-10-08 12:34:00,1015.2,19.39,9.3,0.0
2019-10-09,1012.4,26.7,66,19.9,80.0,3.5,1010.3,1013.9,2019-10-09 14:33:00,24.8,2019-10-09 22:18:00,54,2019-10-09 10:24:00,0.0,2019-10-09 00:00:00,0.0,2019-10-09 00:00:00,70.0,14.5,2019-10-09 08:29:00,29.3,2019-10-09 10:34:00,1014.4,13.52,9.1,0.0
2019-10-10,1010.9,26.6,68,20.2,70.0,5.5,1009.6,1012.3,2019-10-10 15:09:00,25.3,2019-10-10 01:08:00,59,2019-10-10 10:31:00,0.0,2019-10-10 00:00:00,0.0,2019-10-10 00:00:00,60.0,13.1,2019-10-10 08:00:00,29.2,2019-10-10 12:30:00,1012.9,17.35,8.6,0.0
2019-10-11,1009.5,26.5,71,20.9,90.0,2.8,1008.0,1011.1,2019-10-11 14:24:00,24.2,2019-10-11 03:36:00,58,2019-10-11 14:51:00,0.0,2019-10-11 00:00:00,0.0,2019-10-11 00:00:00,70.0,9.0,2019-10-11 08:56:00,29.9,2019-10-11 12:45:00,1011.5,19.39,8.7,0.0
2019-10-12,1010.2,26.6,70,20.7,70.0,2.9,1008.8,1012.1,2019-10-12 03:18:00,22.5,2019-10-12 05:27:00,54,2019-10-12 12:27:00,4.4,2019-10-12 22:18:00,3.0,2019-10-12 22:49:00,70.0,9.8,2019-10-12 23:22:00,30.3,2019-10-12 14:46:00,1012.2,19.25,10.0,4.4
2019-10-13,1012.1,25.9,74,20.9,70.0,5.9,1010.8,1014.1,2019-10-13 02:52:00,24.2,2019-10-13 05:54:00,64,2019-10-13 13:05:00,1.0,2019-10-13 07:16:00,1.0,2019-10-13 08:06:00,60.0,20.2,2019-10-13 21:01:00,28.5,2019-10-13 13:22:00,1014.2,11.90,6.2,1.0
2019-10-14,1014.0,26.1,65,19.0,70.0,8.3,1011.7,1016.4,2019-10-14 05:12:00,24.4,2019-10-14 05:17:00,55,2019-10-14 11:26:00,0.0,2019-10-14 00:00:00,0.0,2019-10-14 00:00:00,80.0,21.7,2019-10-14 20:37:00,28.5,2019-10-14 12:11:00,1016.0,21.60,8.7,0.0
2019-10-15,1014.6,25.8,57,16.7,60.0,9.2,1012.2,1016.8,2019-10-15 17:17:00,24.4,2019-10-15 23:53:00,48,2019-10-15 09:04:00,0.0,2019-10-15 00:00:00,0.0,2019-10-15 00:00:00,50.0,24.9,2019-10-15 08:19:00,28.3,2019-10-15 11:58:00,1016.6,20.09,8.8,0.0
2019-10-16,1014.2,25.5,61,17.6,70.0,9.1,1012.6,1016.0,2019-10-16 13:34:00,23.5,2019-10-16 04:40:00,55,2019-10-16 14:02:00,0.0,2019-10-16 00:00:00,0.0,2019-10-16 00:00:00,60.0,22.1,2019-10-16 09:35:00,27.7,2019-10-16 14:43:00,1016.2,22.39,9.7,0.0
2019-10-17,1013.2,26.1,61,18.1,70.0,6.5,1011.6,1015.0,2019-10-17 14:44:00,24.4,2019-10-17 01:45:00,51,2019-10-17 09:19:00,0.0,2019-10-17 00:00:00,0.0,2019-10-17 00:00:00,90.0,17.9,2019-10-17 09:33:00,28.6,2019-10-17 11:13:00,1015.3,22.33,10.0,0.0
2019-10-18,1013.3,25.5,61,17.4,70.0,8.9,1011.7,1014.7,2019-10-18 14:44:00,24.4,2019-10-18 04:49:00,48,2019-10-18 11:35:00,0.0,2019-10-18 00:00:00,0.0,2019-10-18 00:00:00,70.0,17.7,2019-10-18 21:43:00,28.2,2019-10-18 11:51:00,1015.3,19.75,9.0,0.0
2019-10-19,1013.5,25.7,63,18.1,70.0,5.3,1012.4,1014.9,2019-10-19 15:29:00,22.0,2019-10-19 05:43:00,49,2019-10-19 09:41:00,0.0,2019-10-19 00:00:00,0.0,2019-10-19 00:00:00,50.0,15.8,2019-10-19 09:14:00,28.9,2019-10-19 10:54:00,1015.5,14.08,8.9,0.0
2019-10-20,1012.6,25.5,62,17.7,70.0,7.8,1011.3,1014.3,2019-10-20 14:44:00,24.2,2019-10-20 05:06:00,50,2019-10-20 11:37:00,0.0,2019-10-20 00:00:00,0.0,2019-10-20 00:00:00,70.0,16.9,2019-10-20 09:37:00,28.1,2019-10-20 11:48:00,1014.6,21.44,9.7,0.0
2019-10-21,1010.8,25.3,63,17.9,80.0,5.9,1009.2,1012.7,2019-10-21 15:37:00,23.3,2019-10-21 02:50:00,52,2019-10-21 01:18:00,0.0,2019-10-21 00:00:00,0.0,2019-10-21 00:00:00,80.0,15.9,2019-10-21 09:07:00,28.4,2019-10-21 12:45:00,1012.8,17.94,9.2,0.0
2019-10-22,1009.3,25.4,62,17.8,70.0,8.3,1008.0,1010.7,2019-10-22 15:21:00,24.0,2019-10-22 02:33:00,54,2019-10-22 10:58:00,0.0,2019-10-22 00:00:00,0.0,2019-10-22 00:00:00,80.0,15.9,2019-10-22 09:34:00,28.1,2019-10-22 10:58:00,1011.3,20.52,9.4,0.0
2019-10-23,1010.0,26.1,62,18.4,70.0,6.9,1007.9,1012.1,2019-10-23 03:21:00,24.4,2019-10-23 03:06:00,51,2019-10-23 11:53:00,0.0,2019-10-23 00:00:00,0.0,2019-10-23 00:00:00,70.0,16.3,2019-10-23 22:16:00,29.3,2019-10-23 12:59:00,1012.0,18.48,8.8,0.0
2019-10-24,1012.3,25.7,66,18.8,70.0,8.9,1010.2,1013.9,2019-10-24 03:58:00,24.4,2019-10-24 19:38:00,52,2019-10-25 00:00:00,0.0,2019-10-24 00:00:00,0.0,2019-10-24 00:00:00,80.0,17.8,2019-10-24 22:05:00,27.7,2019-10-24 10:30:00,1014.3,14.48,9.6,0.0
2019-10-25,1014.1,25.4,63,18.0,70.0,10.0,1012.8,1015.9,2019-10-25 04:01:00,24.1,2019-10-25 18:26:00,52,2019-10-25 00:01:00,0.0,2019-10-25 00:00:00,0.0,2019-10-25 00:00:00,70.0,20.7,2019-10-25 21:23:00,28.1,2019-10-25 12:46:00,1016.1,18.58,8.6,0.0
2019-10-26,1014.1,25.8,61,17.8,70.0,8.2,1012.6,1015.7,2019-10-26 15:12:00,24.2,2019-10-26 05:22:00,50,2019-10-26 12:41:00,0.0,2019-10-26 00:00:00,0.0,2019-10-26 00:00:00,60.0,17.9,2019-10-26 09:33:00,28.9,2019-10-26 12:45:00,1016.1,20.95,9.5,0.0
2019-10-27,1012.4,25.9,64,18.6,70.0,7.5,1010.2,1014.4,2019-10-27 14:31:00,24.3,2019-10-27 04:19:00,53,2019-10-27 11:09:00,0.0,2019-10-27 00:00:00,0.0,2019-10-27 00:00:00,90.0,14.7,2019-10-27 00:01:00,28.6,2019-10-27 13:39:00,1014.4,19.69,9.2,0.0
2019-10-28,1011.5,26.3,65,19.2,60.0,3.5,1010.0,1012.7,2019-10-28 14:39:00,22.2,2019-10-28 06:11:00,54,2019-10-28 12:48:00,0.0,2019-10-28 00:00:00,0.0,2019-10-28 00:00:00,80.0,14.7,2019-10-28 07:57:00,29.3,2019-10-28 12:45:00,1013.5,19.02,9.0,0.0
2019-10-29,1011.7,26.4,64,19.2,60.0,4.4,1010.3,1013.7,2019-10-29 15:43:00,24.5,2019-10-29 02:20:00,57,2019-10-29 12:00:00,0.0,2019-10-29 00:00:00,0.0,2019-10-29 00:00:00,100.0,14.1,2019-10-29 22:11:00,29.1,2019-10-29 12:42:00,1013.7,11.24,8.8,0.0
2019-10-30,1013.2,26.3,66,19.5,60.0,3.5,1011.2,1014.9,2019-10-30 04:21:00,24.2,2019-10-30 22:50:00,57,2019-10-30 11:39:00,0.0,2019-10-30 00:00:00,0.0,2019-10-30 00:00:00,70.0,17.7,2019-10-30 22:08:00,28.7,2019-10-30 11:29:00,1015.2,14.34,8.8,0.0
2019-10-31,1012.9,26.5,70,20.6,70.0,4.9,1011.0,1014.3,2019-10-31 01:41:00,24.5,2019-10-31 00:27:00,57,2019-10-31 09:53:00,0.0,2019-10-31 00:00:00,0.0,2019-10-31 00:00:00,70.0,22.9,2019-10-31 21:07:00,29.6,2019-10-31 10:51:00,1014.9,16.00,8.4,0.0
2019-11-01,1012.2,26.6,69,20.6,70.0,4.6,1010.9,1014.4,2019-11-01 23:54:00,25.3,2019-11-01 05:57:00,61,2019-11-01 14:03:00,0.0,2019-11-01 00:00:00,0.0,2019-11-01 00:00:00,50.0,18.5,2019-11-01 08:47:00,28.8,2019-11-01 12:06:00,1014.2,12.71,8.5,0.0
2019-11-02,1010.9,26.7,63,19.2,60.0,5.3,1009.4,1012.4,2019-11-02 16:11:00,25.0,2019-11-02 03:21:00,48,2019-11-02 11:58:00,0.0,2019-11-02 00:00:00,0.0,2019-11-02 00:00:00,40.0,19.7,2019-11-02 08:28:00,30.4,2019-11-02 12:44:00,1012.9,20.31,9.7,0.0
2019-11-03,1009.9,27.1,63,19.6,60.0,6.8,1008.6,1012.0,2019-11-03 17:12:00,25.5,2019-11-03 00:01:00,52,2019-11-03 10:11:00,0.0,2019-11-03 00:00:00,0.0,2019-11-03 00:00:00,60.0,20.7,2019-11-03 08:27:00,29.4,2019-11-03 10:21:00,1011.9,13.92,8.3,0.0
2019-11-04,1009.2,25.1,66,18.4,60.0,7.0,1007.2,1011.3,2019-11-04 18:04:00,22.7,2019-11-04 17:34:00,58,2019-11-04 23:26:00,0.0,2019-11-04 00:00:00,0.0,2019-11-04 00:00:00,50.0,24.7,2019-11-04 08:48:00,26.6,2019-11-04 08:17:00,1011.2,6.18,6.6,0.0
2019-11-05,1007.4,25.1,61,17.1,60.0,11.1,1005.4,1009.7,2019-11-05 03:39:00,24.1,2019-11-05 23:57:00,55,2019-11-05 10:24:00,0.0,2019-11-05 00:00:00,0.0,2019-11-05 00:00:00,60.0,27.3,2019-11-05 10:05:00,27.0,2019-11-05 11:30:00,1009.4,10.52,8.2,0.0
2019-11-06,1007.2,25.2,59,16.7,70.0,10.7,1005.6,1009.0,2019-11-06 01:57:00,23.9,2019-11-06 02:29:00,48,2019-11-06 10:17:00,0.0,2019-11-06 00:00:00,0.0,2019-11-06 00:00:00,70.0,24.7,2019-11-06 21:39:00,27.6,2019-11-06 13:01:00,1009.2,18.77,9.3,0.0
2019-11-07,1008.2,25.4,60,17.2,70.0,10.7,1006.2,1009.9,2019-11-07 02:22:00,24.1,2019-11-07 01:24:00,56,2019-11-07 12:30:00,0.0,2019-11-07 00:00:00,0.0,2019-11-07 00:00:00,60.0,23.3,2019-11-07 08:50:00,27.2,2019-11-07 12:50:00,1010.2,12.19,7.9,0.0
2019-11-08,1011.2,24.8,56,15.5,70.0,12.4,1008.3,1013.6,2019-11-08 02:21:00,23.5,2019-11-08 23:57:00,48,2019-11-08 21:02:00,0.0,2019-11-08 00:00:00,0.0,2019-11-08 00:00:00,60.0,23.9,2019-11-08 22:23:00,27.3,2019-11-08 12:54:00,1013.3,18.93,8.7,0.0
2019-11-09,1012.9,23.8,57,15.0,70.0,12.2,1011.1,1014.3,2019-11-09 15:58:00,22.5,2019-11-09 22:30:00,50,2019-11-09 12:17:00,0.0,2019-11-09 00:00:00,0.0,2019-11-09 00:00:00,60.0,24.4,2019-11-09 10:05:00,26.2,2019-11-09 11:45:00,1014.9,20.00,9.5,0.0
2019-11-10,1012.6,23.5,56,14.3,70.0,7.4,1010.9,1014.7,2019-11-10 15:49:00,21.9,2019-11-10 05:10:00,47,2019-11-10 12:29:00,0.0,2019-11-10 00:00:00,0.0,2019-11-10 00:00:00,70.0,18.3,2019-11-10 09:00:00,26.3,2019-11-10 12:28:00,1014.6,16.71,8.7,0.0
2019-11-11,1012.5,24.2,58,15.6,70.0,7.4,1010.9,1014.2,2019-11-11 04:05:00,21.8,2019-11-11 05:51:00,47,2019-11-11 13:51:00,0.0,2019-11-11 00:00:00,0.0,2019-11-11 00:00:00,90.0,16.1,2019-11-11 22:24:00,26.8,2019-11-11 13:06:00,1014.5,19.40,9.4,0.0
2019-11-12,1014.6,24.3,56,14.9,70.0,5.8,1012.9,1016.8,2019-11-12 14:36:00,22.5,2019-11-12 03:51:00,47,2019-11-12 11:21:00,0.0,2019-11-12 00:00:00,0.0,2019-11-12 00:00:00,80.0,15.0,2019-11-12 09:16:00,26.8,2019-11-12 13:13:00,1016.7,19.08,8.8,0.0
2019-11-13,1015.4,24.8,56,15.4,60.0,4.2,1013.6,1017.3,2019-11-13 15:06:00,21.6,2019-11-13 05:19:00,44,2019-11-13 10:28:00,0.0,2019-11-13 00:00:00,0.0,2019-11-13 00:00:00,80.0,14.3,2019-11-13 09:09:00,27.6,2019-11-13 13:49:00,1017.4,15.14,8.4,0.0
2019-11-14,1013.2,24.4,56,15.1,70.0,10.9,1010.9,1015.6,2019-11-14 17:32:00,22.6,2019-11-14 22:49:00,45,2019-11-14 10:38:00,0.0,2019-11-14 00:00:00,0.0,2019-11-14 00:00:00,60.0,25.3,2019-11-14 00:01:00,26.8,2019-11-14 11:16:00,1015.2,18.10,8.4,0.0
2019-11-15,1013.2,24.1,54,14.2,70.0,7.9,1011.3,1014.9,2019-11-15 03:52:00,22.6,2019-11-15 04:43:00,48,2019-11-15 12:36:00,0.0,2019-11-15 00:00:00,0.0,2019-11-15 00:00:00,70.0,19.7,2019-11-15 09:36:00,26.8,2019-11-15 13:03:00,1015.2,18.64,9.3,0.0
2019-11-16,1013.3,24.6,56,15.2,70.0,3.7,1012.1,1015.2,2019-11-16 14:58:00,22.7,2019-11-16 04:03:00,47,2019-11-16 05:50:00,0.0,2019-11-16 00:00:00,0.0,2019-11-16 00:00:00,70.0,12.0,2019-11-16 08:59:00,27.6,2019-11-16 12:34:00,1015.3,17.23,9.4,0.0
2019-11-17,1012.3,25.7,63,18.3,20.0,2.1,1010.4,1014.0,2019-11-17 14:21:00,22.3,2019-11-17 05:26:00,49,2019-11-17 13:11:00,0.0,2019-11-17 00:00:00,0.0,2019-11-17 00:00:00,60.0,8.7,2019-11-17 08:37:00,28.6,2019-11-17 13:11:00,1014.3,16.64,9.2,0.0
2019-11-18,1010.9,25.6,69,19.4,60.0,6.1,1009.0,1013.2,2019-11-18 18:28:00,22.5,2019-11-18 02:22:00,58,2019-11-18 23:09:00,0.0,2019-11-18 00:00:00,0.0,2019-11-18 00:00:00,60.0,26.3,2019-11-18 09:02:00,27.7,2019-11-18 14:09:00,1012.9,9.81,7.4,0.0
2019-11-19,1010.3,23.5,58,14.8,70.0,15.9,1007.6,1012.0,2019-11-19 03:51:00,22.5,2019-11-19 19:03:00,51,2019-11-19 22:31:00,0.0,2019-11-19 00:00:00,0.0,2019-11-19 00:00:00,70.0,31.5,2019-11-19 21:16:00,24.7,2019-11-19 10:00:00,1012.3,7.85,7.3,0.0
2019-11-20,1012.0,23.5,55,14.2,60.0,14.4,1010.3,1013.7,2019-11-20 04:29:00,22.5,2019-11-20 06:20:00,48,2019-11-20 11:00:00,0.0,2019-11-20 00:00:00,0.0,2019-11-20 00:00:00,50.0,31.4,2019-11-20 09:24:00,25.4,2019-11-20 10:55:00,1014.0,15.23,8.4,0.0
2019-11-21,1012.4,24.7,63,17.2,40.0,3.9,1010.6,1014.7,2019-11-21 03:03:00,22.3,2019-11-21 23:53:00,49,2019-11-21 08:45:00,0.0,2019-11-21 00:00:00,0.0,2019-11-21 00:00:00,60.0,25.1,2019-11-21 08:53:00,27.4,2019-11-21 12:00:00,1014.4,15.27,9.0,0.0
2019-11-22,1012.1,23.5,78,19.4,200.0,1.6,1010.6,1013.5,2019-11-22 03:59:00,20.1,2019-11-22 05:47:00,64,2019-11-22 11:27:00,0.0,2019-11-22 00:00:00,0.0,2019-11-22 00:00:00,150.0,4.7,2019-11-22 21:54:00,26.6,2019-11-22 14:12:00,1014.2,16.85,8.6,0.0
2019-11-23,1013.6,25.3,75,20.5,10.0,2.0,1011.8,1015.3,2019-11-23 02:08:00,22.9,2019-11-23 02:49:00,61,2019-11-23 12:12:00,0.0,2019-11-23 00:00:00,0.0,2019-11-23 00:00:00,310.0,7.8,2019-11-23 09:21:00,28.2,2019-11-23 11:52:00,1015.6,15.53,8.9,0.0
2019-11-24,1014.5,26.0,71,20.4,70.0,5.2,1012.9,1016.1,2019-11-24 03:08:00,24.3,2019-11-24 01:15:00,57,2019-11-24 11:52:00,0.0,2019-11-24 00:00:00,0.0,2019-11-24 00:00:00,60.0,16.8,2019-11-24 20:55:00,29.4,2019-11-24 11:52:00,1016.5,12.78,7.3,0.0
2019-11-25,1015.8,24.4,62,16.8,70.0,13.7,1014.2,1016.8,2019-11-25 16:54:00,23.8,2019-11-25 23:29:00,57,2019-11-25 20:45:00,0.0,2019-11-25 00:00:00,0.0,2019-11-25 00:00:00,50.0,26.2,2019-11-25 20:21:00,25.0,2019-11-25 16:40:00,1017.8,0.06,0.0,0.0
2019-11-26,1015.5,24.3,62,16.7,70.0,13.9,1014.0,1017.4,2019-11-26 17:04:00,23.1,2019-11-26 03:48:00,53,2019-11-26 12:09:00,0.0,2019-11-26 00:00:00,0.0,2019-11-26 00:00:00,70.0,28.6,2019-11-26 10:35:00,26.5,2019-11-26 12:33:00,1017.5,18.06,9.1,0.0
2019-11-27,1015.8,25.1,64,17.7,70.0,8.1,1013.4,1017.4,2019-11-27 15:52:00,23.9,2019-11-27 00:12:00,55,2019-11-27 11:56:00,0.0,2019-11-27 00:00:00,0.0,2019-11-27 00:00:00,50.0,23.5,2019-11-27 08:47:00,27.5,2019-11-27 12:54:00,1017.8,14.67,7.2,0.0
2019-11-28,1016.2,23.2,63,15.9,70.0,11.1,1014.5,1017.7,2019-11-28 14:02:00,21.1,2019-11-28 23:50:00,54,2019-11-28 11:18:00,0.0,2019-11-28 00:00:00,0.0,2019-11-28 00:00:00,60.0,25.4,2019-11-28 09:12:00,25.5,2019-11-28 11:15:00,1018.3,16.41,8.3,0.0
2019-11-29,1017.5,22.1,54,12.3,70.0,10.5,1016.0,1019.0,2019-11-29 02:09:00,20.8,2019-11-29 03:31:00,44,2019-11-29 15:23:00,0.0,2019-11-29 00:00:00,0.0,2019-11-29 00:00:00,50.0,22.8,2019-11-29 09:38:00,24.3,2019-11-29 13:53:00,1019.5,17.78,9.2,0.0
2019-11-30,1017.0,21.8,66,15.2,70.0,3.3,1015.4,1019.1,2019-11-30 14:38:00,19.0,2019-11-30 06:51:00,43,2019-11-30 03:27:00,0.0,2019-11-30 00:00:00,0.0,2019-11-30 00:00:00,60.0,15.2,2019-11-30 09:49:00,24.1,2019-11-30 08:52:00,1019.0,9.56,7.3,0.0
2019-12-01,1015.0,22.8,64,15.6,70.0,2.8,1013.0,1017.1,2019-12-01 14:33:00,19.9,2019-12-01 22:17:00,46,2019-12-01 16:29:00,0.0,2019-12-01 00:00:00,0.0,2019-12-01 00:00:00,40.0,12.2,2019-12-01 08:35:00,25.8,2019-12-01 14:42:00,1017.0,10.77,9.1,0.0
2019-12-02,1015.1,21.8,64,14.6,60.0,8.3,1013.5,1016.8,2019-12-02 13:34:00,18.8,2019-12-02 23:13:00,55,2019-12-02 10:31:00,0.0,2019-12-02 00:00:00,0.0,2019-12-02 00:00:00,70.0,26.2,2019-12-02 21:28:00,24.6,2019-12-02 10:38:00,1017.1,15.99,8.2,0.0
2019-12-03,1016.0,20.0,50,9.3,60.0,14.0,1014.4,1017.7,2019-12-03 15:41:00,18.4,2019-12-03 00:59:00,45,2019-12-03 08:09:00,0.0,2019-12-03 00:00:00,0.0,2019-12-03 00:00:00,50.0,29.1,2019-12-03 09:37:00,20.9,2019-12-03 11:05:00,1018.0,8.21,7.2,0.0
2019-12-04,1016.6,19.8,59,11.6,60.0,10.7,1014.4,1018.5,2019-12-04 03:21:00,17.1,2019-12-04 11:17:00,44,2019-12-04 00:13:00,2.0,2019-12-04 10:40:00,0.5,2019-12-04 10:44:00,50.0,29.3,2019-12-04 09:58:00,21.1,2019-12-04 23:41:00,1018.6,3.05,2.1,3.0
2019-12-05,1017.3,20.5,64,13.7,50.0,4.2,1015.4,1018.8,2019-12-05 14:04:00,19.4,2019-12-05 03:10:00,55,2019-12-05 12:02:00,1.5,2019-12-05 14:10:00,1.0,2019-12-05 14:52:00,50.0,22.9,2019-12-05 08:11:00,22.3,2019-12-05 12:00:00,1019.3,5.51,5.7,1.5
2019-12-06,1016.3,20.0,70,14.4,50.0,4.2,1013.3,1017.9,2019-12-06 03:32:00,18.5,2019-12-06 18:24:00,58,2019-12-06 10:15:00,2.0,2019-12-06 10:34:00,1.0,2019-12-06 11:00:00,50.0,22.6,2019-12-06 00:19:00,21.6,2019-12-06 10:15:00,1018.3,4.48,4.5,2.5
2019-12-07,1016.9,19.5,57,10.9,60.0,11.7,1014.0,1019.3,2019-12-07 03:08:00,18.5,2019-12-07 21:58:00,51,2019-12-07 14:39:00,0.0,2019-12-07 00:00:00,0.0,2019-12-07 00:00:00,50.0,25.7,2019-12-07 21:06:00,20.9,2019-12-07 11:30:00,1019.0,8.91,7.4,0.0
2019-12-08,1019.2,19.4,48,8.1,60.0,10.2,1017.1,1021.2,2019-12-08 03:41:00,17.8,2019-12-08 06:17:00,42,2019-12-08 23:55:00,0.0,2019-12-08 00:00:00,0.0,2019-12-08 00:00:00,80.0,21.0,2019-12-08 21:47:00,21.8,2019-12-08 12:24:00,1021.2,18.01,8.8,0.0
2019-12-09,1017.9,20.8,47,9.1,60.0,4.5,1016.1,1020.2,2019-12-09 15:45:00,18.2,2019-12-09 03:58:00,37,2019-12-09 10:33:00,0.0,2019-12-09 00:00:00,0.0,2019-12-09 00:00:00,50.0,16.6,2019-12-09 00:28:00,23.6,2019-12-09 14:17:00,1020.0,17.78,9.2,0.0
2019-12-10,1014.6,21.3,54,11.1,360.0,1.7,1012.1,1016.9,2019-12-10 15:24:00,15.3,2019-12-10 06:48:00,35,2019-12-10 13:39:00,0.0,2019-12-10 00:00:00,0.0,2019-12-10 00:00:00,60.0,8.4,2019-12-10 00:01:00,26.2,2019-12-10 15:07:00,1016.6,16.35,9.1,0.0
2019-12-11,1014.1,21.0,65,14.1,70.0,4.6,1012.8,1015.4,2019-12-11 04:32:00,14.6,2019-12-11 06:04:00,46,2019-12-11 11:27:00,0.0,2019-12-11 00:00:00,0.0,2019-12-11 00:00:00,50.0,19.6,2019-12-11 21:29:00,26.0,2019-12-11 11:21:00,1016.1,12.75,7.6,0.0
2019-12-12,1016.9,21.9,57,13.0,70.0,11.5,1014.7,1019.5,2019-12-12 03:15:00,20.7,2019-12-12 23:42:00,50,2019-12-12 12:32:00,0.0,2019-12-12 00:00:00,0.0,2019-12-12 00:00:00,50.0,23.0,2019-12-12 21:15:00,23.9,2019-12-12 13:05:00,1018.9,17.12,8.8,0.0
2019-12-13,1018.9,22.7,57,13.6,60.0,8.2,1016.9,1021.3,2019-12-13 02:53:00,20.6,2019-12-13 03:48:00,42,2019-12-13 14:36:00,0.0,2019-12-13 00:00:00,0.0,2019-12-13 00:00:00,60.0,20.7,2019-12-13 09:25:00,26.2,2019-12-13 14:36:00,1020.9,17.10,9.1,0.0
2019-12-14,1018.1,23.4,61,15.5,70.0,9.7,1016.2,1019.7,2019-12-14 14:46:00,21.7,2019-12-14 05:54:00,46,2019-12-14 10:14:00,0.0,2019-12-14 00:00:00,0.0,2019-12-14 00:00:00,60.0,18.8,2019-12-14 09:41:00,26.2,2019-12-14 12:27:00,1020.1,17.57,9.2,0.0
2019-12-15,1017.5,23.1,65,16.2,70.0,9.4,1016.0,1019.2,2019-12-15 14:55:00,21.9,2019-12-15 02:07:00,54,2019-12-15 12:47:00,0.0,2019-12-15 00:00:00,0.0,2019-12-15 00:00:00,80.0,18.9,2019-12-15 08:11:00,25.5,2019-12-15 12:28:00,1019.5,17.53,8.8,0.0
2019-12-16,1015.5,24.1,62,16.3,70.0,8.7,1013.0,1017.6,2019-12-16 15:10:00,21.5,2019-12-16 06:56:00,50,2019-12-16 13:01:00,0.0,2019-12-16 00:00:00,0.0,2019-12-16 00:00:00,50.0,16.7,2019-12-16 00:01:00,27.5,2019-12-16 13:40:00,1017.5,17.62,9.2,0.0
2019-12-17,1015.7,25.1,68,18.8,70.0,4.0,1014.0,1017.8,2019-12-17 15:12:00,22.4,2019-12-17 04:50:00,52,2019-12-17 14:02:00,0.0,2019-12-17 00:00:00,0.0,2019-12-17 00:00:00,70.0,12.7,2019-12-17 09:05:00,27.5,2019-12-17 14:17:00,1017.8,15.91,9.2,0.0
2019-12-18,1016.1,24.8,69,18.7,70.0,4.4,1014.5,1017.5,2019-12-18 14:36:00,22.9,2019-12-18 05:15:00,54,2019-12-18 12:04:00,0.0,2019-12-18 00:00:00,0.0,2019-12-18 00:00:00,80.0,14.3,2019-12-18 08:43:00,28.1,2019-12-18 12:10:00,1018.1,15.92,8.7,0.0
2019-12-19,1016.1,24.3,69,18.4,70.0,4.8,1014.5,1017.3,2019-12-19 13:30:00,21.6,2019-12-19 06:20:00,53,2019-12-19 11:06:00,0.0,2019-12-19 00:00:00,0.0,2019-12-19 00:00:00,70.0,16.7,2019-12-19 08:21:00,26.9,2019-12-19 10:58:00,1018.1,15.13,8.3,0.0
2019-12-20,1014.9,23.4,64,16.2,70.0,9.8,1012.8,1016.4,2019-12-20 17:06:00,22.2,2019-12-20 04:06:00,54,2019-12-20 12:44:00,0.0,2019-12-20 00:00:00,0.0,2019-12-20 00:00:00,50.0,25.0,2019-12-20 22:03:00,25.8,2019-12-20 12:43:00,1016.9,14.18,8.8,0.0
2019-12-21,1014.3,24.0,69,17.9,60.0,3.0,1012.0,1016.3,2019-12-21 15:09:00,21.7,2019-12-21 23:23:00,54,2019-12-21 10:52:00,0.0,2019-12-21 00:00:00,0.0,2019-12-21 00:00:00,50.0,11.5,2019-12-21 07:25:00,27.5,2019-12-21 11:01:00,1016.3,14.24,8.1,0.0
2019-12-22,1012.5,23.2,75,18.5,10.0,2.1,1010.0,1013.9,2019-12-22 14:47:00,18.8,2019-12-22 06:37:00,60,2019-12-22 08:51:00,0.0,2019-12-22 00:00:00,0.0,2019-12-22 00:00:00,80.0,10.0,2019-12-22 08:35:00,26.8,2019-12-22 14:36:00,1014.5,16.61,9.0,0.0
2019-12-23,1013.7,23.7,67,17.2,70.0,7.2,1011.6,1015.6,2019-12-23 01:47:00,22.4,2019-12-23 06:41:00,56,2019-12-23 13:34:00,0.0,2019-12-23 00:00:00,0.0,2019-12-23 00:00:00,50.0,16.9,2019-12-23 23:40:00,26.2,2019-12-23 12:11:00,1015.7,17.35,8.8,0.0
2019-12-24,1015.0,23.1,70,17.4,50.0,2.9,1013.2,1017.1,2019-12-24 15:58:00,19.2,2019-12-24 03:57:00,60,2019-12-24 11:45:00,0.0,2019-12-24 00:00:00,0.0,2019-12-24 00:00:00,80.0,14.9,2019-12-24 08:51:00,25.7,2019-12-24 11:43:00,1017.1,16.08,8.7,0.0
2019-12-25,1013.1,24.0,68,17.9,80.0,7.5,1011.2,1015.3,2019-12-25 15:27:00,22.3,2019-12-25 03:54:00,56,2019-12-25 13:38:00,0.0,2019-12-25 00:00:00,0.0,2019-12-25 00:00:00,70.0,18.3,2019-12-25 08:51:00,26.9,2019-12-25 13:54:00,1015.1,15.54,9.0,0.0
2019-12-26,1012.2,24.1,68,18.0,60.0,4.9,1010.4,1014.0,2019-12-26 14:55:00,22.1,2019-12-26 03:39:00,59,2019-12-26 10:40:00,0.0,2019-12-26 00:00:00,0.0,2019-12-26 00:00:00,50.0,21.1,2019-12-26 09:43:00,26.9,2019-12-26 10:46:00,1014.2,8.22,7.2,0.0
2019-12-27,1014.9,20.7,61,13.0,70.0,14.3,1011.8,1017.6,2019-12-27 02:48:00,19.9,2019-12-27 17:06:00,55,2019-12-27 21:50:00,0.0,2019-12-27 00:00:00,0.0,2019-12-27 00:00:00,60.0,26.6,2019-12-27 20:54:00,23.4,2019-12-27 00:02:00,1016.9,4.77,5.1,0.0
2019-12-28,1015.4,21.1,62,13.7,70.0,14.5,1013.2,1017.0,2019-12-28 14:35:00,18.3,2019-12-28 21:24:00,55,2019-12-28 10:24:00,1.0,2019-12-28 21:15:00,0.5,2019-12-28 21:11:00,60.0,26.2,2019-12-28 08:54:00,23.3,2019-12-28 12:34:00,1017.4,9.97,6.4,1.5
2019-12-29,1015.5,22.6,75,18.1,70.0,5.7,1014.1,1016.9,2019-12-29 14:59:00,19.8,2019-12-29 02:38:00,67,2019-12-29 01:18:00,2.0,2019-12-29 03:28:00,1.0,2019-12-29 02:23:00,50.0,21.2,2019-12-29 08:57:00,24.5,2019-12-29 10:26:00,1017.5,8.43,8.2,6.5
2019-12-30,1016.7,23.4,71,17.9,70.0,8.9,1014.6,1018.5,2019-12-30 14:52:00,22.3,2019-12-30 02:59:00,60,2019-12-30 22:37:00,0.0,2019-12-30 00:00:00,0.0,2019-12-30 00:00:00,70.0,21.0,2019-12-30 23:27:00,25.2,2019-12-30 14:06:00,1018.7,10.78,8.4,0.0
2019-12-31,1019.9,22.1,61,14.2,70.0,13.8,1017.5,1021.7,2019-12-31 02:45:00,19.9,2019-12-31 23:49:00,54,2019-12-31 03:54:00,0.0,2019-12-31 00:00:00,0.0,2019-12-31 00:00:00,70.0,28.3,2019-12-31 21:40:00,23.9,2019-12-31 04:25:00,1021.9,12.92,8.1,0.0
