日期,平均地溫100cm(℃),平均地溫10cm(℃),平均地溫20cm(℃),平均地溫50cm(℃),平均地溫5cm(℃),平均氣溫(℃),平均相對溼度( %),平均露點溫度(℃),平均風向(°),平均風速(ms),最低氣壓時間,最低氣溫(℃),最低氣溫時間,最低相對溼度( %),最低相對溼度時間,最大六十分鐘降水量起始時間,最大十分鐘降水量起始時間,最大陣風風向(°),最大陣風風速(ms),最高氣壓時間,最高氣溫(℃),最高氣溫時間,累積日射量(MJm2),累積日照時數(hr),累積蒸發量(mm),累計雨量(mm)
2012-01-01,,,,,,16.7,80,,360.0,2.6,,13.2,2012-01-01 00:00:00,,,,,,,,22.9,2012-01-01 00:00:00,,7.1,1.4,0.0
2012-01-02,,,,,,15.3,84,,360.0,1.8,,12.8,2012-01-02 00:00:00,,,,,,,,19.5,2012-01-02 00:00:00,,0.1,0.4,0.0
2012-01-03,,,,,,16.1,83,,360.0,1.8,,10.8,2012-01-03 00:00:00,,,,,,,,23.3,2012-01-03 00:00:00,,8.4,2.2,0.0
2012-01-04,,,,,,13.6,78,,360.0,3.7,,10.5,2012-01-04 00:00:00,,,,,,,,17.8,2012-01-04 00:00:00,,5.2,4.3,0.0
2012-01-05,,,,,,12.4,90,,22.5,2.3,,10.9,2012-01-05 00:00:00,,,,,,,,15.2,2012-01-05 00:00:00,,0.0,0.6,1.5
2012-01-06,28.1,30.4,30.1,28.9,30.5,15.7,91,23.6,360.0,3.0,,12.8,2012-01-06 05:00:00,65,2012-01-06 15:00:00,,,315.0,7.6,,19.0,2012-01-06 13:00:00,24.00,1.4,0.7,0.5
2012-01-07,28.1,30.4,30.1,28.9,30.5,16.6,89,23.6,360.0,2.4,,14.8,2012-01-07 00:00:00,65,2012-01-06 15:00:00,,,315.0,7.6,,20.5,2012-01-07 00:00:00,24.00,1.6,0.8,0.0
2012-01-08,28.1,30.4,30.1,28.9,30.5,18.0,84,23.6,360.0,2.9,,13.6,2012-01-08 00:00:00,65,2012-01-06 15:00:00,,,315.0,7.6,,23.6,2012-01-08 00:00:00,24.00,8.1,2.5,0.0
2012-01-09,28.1,30.4,30.1,28.9,30.5,18.0,84,23.6,360.0,2.6,,14.2,2012-01-09 00:00:00,65,2012-01-06 15:00:00,,,315.0,7.6,,24.1,2012-01-09 00:00:00,24.00,7.9,2.1,0.0
2012-01-10,28.1,30.4,30.1,28.9,30.5,17.8,82,23.6,360.0,2.5,,14.2,2012-01-10 00:00:00,65,2012-01-06 15:00:00,,,315.0,7.6,,24.8,2012-01-10 00:00:00,24.00,5.7,2.0,0.0
2012-01-11,28.1,30.4,30.1,28.9,30.5,17.0,76,23.6,360.0,3.3,,14.6,2012-01-11 00:00:00,65,2012-01-06 15:00:00,,,315.0,7.6,,21.0,2012-01-11 00:00:00,24.00,0.8,2.3,0.0
2012-01-12,28.1,30.4,30.1,28.9,30.5,16.9,79,23.6,360.0,1.6,,14.0,2012-01-12 00:00:00,65,2012-01-06 15:00:00,,,315.0,7.6,,21.1,2012-01-12 00:00:00,24.00,0.2,1.5,0.0
2012-01-13,28.1,30.4,30.1,28.9,30.5,17.7,90,23.6,22.5,2.2,,16.0,2012-01-13 00:00:00,65,2012-01-06 15:00:00,,,315.0,7.6,,20.1,2012-01-13 00:00:00,24.00,0.0,0.3,0.0
2012-01-14,28.1,30.4,30.1,28.9,30.5,19.4,90,23.6,360.0,1.4,,16.9,2012-01-14 00:00:00,65,2012-01-06 15:00:00,,,315.0,7.6,,24.4,2012-01-14 00:00:00,24.00,1.2,0.9,0.0
2012-01-15,28.1,30.4,30.1,28.9,30.5,20.9,86,23.6,292.5,1.6,,14.4,2012-01-15 00:00:00,65,2012-01-06 15:00:00,,,315.0,7.6,,27.3,2012-01-15 00:00:00,24.00,4.3,1.2,0.0
2012-01-16,28.1,30.4,30.1,28.9,30.5,16.5,87,23.6,360.0,3.8,,14.2,2012-01-16 00:00:00,65,2012-01-06 15:00:00,,,315.0,7.6,,19.3,2012-01-16 00:00:00,24.00,0.0,0.2,1.5
2012-01-17,28.1,30.4,30.1,28.9,30.5,16.0,87,23.6,360.0,2.3,,13.3,2012-01-17 00:00:00,65,2012-01-06 15:00:00,,,315.0,7.6,,21.2,2012-01-17 00:00:00,24.00,4.5,0.1,0.0
2012-01-18,28.1,30.4,30.1,28.9,30.5,18.4,84,23.6,22.5,1.3,,14.7,2012-01-18 00:00:00,65,2012-01-06 15:00:00,,,315.0,7.6,,25.3,2012-01-18 00:00:00,24.00,3.6,0.4,0.5
2012-01-19,28.1,30.4,30.1,28.9,30.5,18.4,85,23.6,360.0,2.5,,13.4,2012-01-19 00:00:00,65,2012-01-06 15:00:00,,,315.0,7.6,,26.6,2012-01-19 00:00:00,24.00,8.0,1.4,0.0
2012-01-20,28.1,30.4,30.1,28.9,30.5,17.5,90,23.6,360.0,1.7,,15.1,2012-01-20 00:00:00,65,2012-01-06 15:00:00,,,315.0,7.6,,22.4,2012-01-20 00:00:00,24.00,5.0,2.2,0.0
2012-01-21,28.1,30.4,30.1,28.9,30.5,17.8,87,23.6,360.0,1.9,,12.2,2012-01-21 00:00:00,65,2012-01-06 15:00:00,,,315.0,7.6,,23.4,2012-01-21 00:00:00,24.00,4.5,0.8,0.0
2012-01-22,28.1,30.4,30.1,28.9,30.5,15.9,86,23.6,360.0,3.5,,12.2,2012-01-22 00:00:00,65,2012-01-06 15:00:00,,,315.0,7.6,,19.9,2012-01-22 00:00:00,24.00,2.6,0.9,0.0
2012-01-23,28.1,30.4,30.1,28.9,30.5,13.4,88,23.6,360.0,3.1,,11.2,2012-01-23 00:00:00,65,2012-01-06 15:00:00,,,315.0,7.6,,15.9,2012-01-23 00:00:00,24.00,0.0,0.8,1.0
2012-01-24,28.1,30.4,30.1,28.9,30.5,16.0,84,23.6,360.0,2.6,,12.3,2012-01-24 00:00:00,65,2012-01-06 15:00:00,,,315.0,7.6,,22.2,2012-01-24 00:00:00,24.00,7.9,0.7,0.5
2012-01-25,28.1,30.4,30.1,28.9,30.5,13.9,85,23.6,360.0,3.2,,12.0,2012-01-25 00:00:00,65,2012-01-06 15:00:00,,,315.0,7.6,,18.0,2012-01-25 00:00:00,24.00,2.3,0.4,1.5
2012-01-26,28.1,30.4,30.1,28.9,30.5,14.9,85,23.6,337.5,2.0,,10.6,2012-01-26 00:00:00,65,2012-01-06 15:00:00,,,315.0,7.6,,21.2,2012-01-26 00:00:00,24.00,5.9,1.1,0.0
2012-01-27,28.1,30.4,30.1,28.9,30.5,16.7,86,23.6,360.0,2.4,,11.1,2012-01-27 00:00:00,65,2012-01-06 15:00:00,,,315.0,7.6,,23.6,2012-01-27 00:00:00,24.00,7.3,1.2,0.0
2012-01-28,28.1,30.4,30.1,28.9,30.5,17.4,85,23.6,360.0,2.4,,12.9,2012-01-28 00:00:00,65,2012-01-06 15:00:00,,,315.0,7.6,,25.3,2012-01-28 00:00:00,24.00,7.4,0.9,0.0
2012-01-29,28.1,30.4,30.1,28.9,30.5,17.3,85,23.6,360.0,3.4,,14.6,2012-01-29 00:00:00,65,2012-01-06 15:00:00,,,315.0,7.6,,22.8,2012-01-29 00:00:00,24.00,5.9,0.9,0.0
2012-01-30,28.1,30.4,30.1,28.9,30.5,16.9,82,23.6,337.5,3.4,,12.1,2012-01-30 00:00:00,65,2012-01-06 15:00:00,,,315.0,7.6,,22.8,2012-01-30 00:00:00,24.00,7.4,1.4,0.0
2012-01-31,28.1,30.4,30.1,28.9,30.5,16.2,78,23.6,360.0,3.7,,12.1,2012-01-31 00:00:00,65,2012-01-06 15:00:00,,,315.0,7.6,,22.4,2012-01-31 00:00:00,24.00,7.6,1.6,0.0
2012-02-01,28.1,30.4,30.1,28.9,30.5,15.3,83,23.6,337.5,2.3,,10.2,2012-02-01 00:00:00,65,2012-01-06 15:00:00,,,315.0,7.6,,22.4,2012-02-01 00:00:00,24.00,8.9,1.5,0.0
2012-02-02,28.1,30.4,30.1,28.9,30.5,16.5,81,23.6,337.5,2.8,,12.9,2012-02-02 00:00:00,65,2012-01-06 15:00:00,,,315.0,7.6,,23.9,2012-02-02 00:00:00,24.00,7.1,1.6,0.0
2012-02-03,28.1,30.4,30.1,28.9,30.5,14.8,82,23.6,360.0,2.8,,12.0,2012-02-03 00:00:00,65,2012-01-06 15:00:00,,,315.0,7.6,,18.1,2012-02-03 00:00:00,24.00,1.6,1.9,0.0
2012-02-04,28.1,30.4,30.1,28.9,30.5,17.5,82,23.6,22.5,2.4,,11.8,2012-02-04 00:00:00,65,2012-01-06 15:00:00,,,315.0,7.6,,26.1,2012-02-04 00:00:00,24.00,8.8,1.8,0.0
2012-02-05,28.1,30.4,30.1,28.9,30.5,19.9,79,23.6,360.0,2.1,,15.8,2012-02-05 00:00:00,65,2012-01-06 15:00:00,,,315.0,7.6,,26.8,2012-02-05 00:00:00,24.00,7.8,1.7,0.0
2012-02-06,28.1,30.4,30.1,28.9,30.5,22.7,79,23.6,180.0,3.2,,11.7,2012-02-06 00:00:00,65,2012-01-06 15:00:00,,,315.0,7.6,,30.0,2012-02-06 00:00:00,24.00,5.6,10.6,1.0
2012-02-07,28.1,30.4,30.1,28.9,30.5,17.1,90,23.6,360.0,3.1,,10.6,2012-02-07 00:00:00,65,2012-01-06 15:00:00,,,315.0,7.6,,23.5,2012-02-07 00:00:00,24.00,1.6,0.1,1.0
2012-02-08,28.1,30.4,30.1,28.9,30.5,10.9,95,23.6,360.0,3.3,,10.4,2012-02-08 00:00:00,65,2012-01-06 15:00:00,,,315.0,7.6,,12.1,2012-02-08 00:00:00,24.00,0.0,0.0,4.5
2012-02-09,28.1,30.4,30.1,28.9,30.5,13.6,87,23.6,360.0,1.9,,10.0,2012-02-09 00:00:00,65,2012-01-06 15:00:00,,,315.0,7.6,,19.5,2012-02-09 00:00:00,24.00,5.0,0.0,0.5
2012-02-10,28.1,30.4,30.1,28.9,30.5,15.7,88,23.6,360.0,3.2,,11.4,2012-02-10 00:00:00,65,2012-01-06 15:00:00,,,315.0,7.6,,22.7,2012-02-10 00:00:00,24.00,6.1,0.2,0.0
2012-02-11,28.1,30.4,30.1,28.9,30.5,15.9,89,23.6,360.0,3.2,,13.8,2012-02-11 00:00:00,65,2012-01-06 15:00:00,,,315.0,7.6,,20.3,2012-02-11 00:00:00,24.00,4.6,0.9,0.0
2012-02-12,28.1,30.4,30.1,28.9,30.5,16.4,90,23.6,360.0,2.3,,14.7,2012-02-12 00:00:00,65,2012-01-06 15:00:00,,,315.0,7.6,,21.3,2012-02-12 00:00:00,24.00,3.5,0.8,0.0
2012-02-13,28.1,30.4,30.1,28.9,30.5,19.7,81,23.6,360.0,2.4,,14.5,2012-02-13 00:00:00,65,2012-01-06 15:00:00,,,315.0,7.6,,26.8,2012-02-13 00:00:00,24.00,7.7,0.9,0.0
2012-02-14,28.1,30.4,30.1,28.9,30.5,21.9,80,23.6,360.0,1.4,,17.2,2012-02-14 00:00:00,65,2012-01-06 15:00:00,,,315.0,7.6,,29.1,2012-02-14 00:00:00,24.00,9.2,0.9,0.0
2012-02-15,28.1,30.4,30.1,28.9,30.5,20.4,84,23.6,360.0,2.1,,14.7,2012-02-15 00:00:00,65,2012-01-06 15:00:00,,,315.0,7.6,,27.0,2012-02-15 00:00:00,24.00,5.7,1.4,0.0
2012-02-16,28.1,30.4,30.1,28.9,30.5,17.0,85,23.6,360.0,3.4,,12.4,2012-02-16 00:00:00,65,2012-01-06 15:00:00,,,315.0,7.6,,22.3,2012-02-16 00:00:00,24.00,1.5,1.9,0.0
2012-02-17,28.1,30.4,30.1,28.9,30.5,14.6,84,23.6,360.0,4.0,,12.4,2012-02-17 00:00:00,65,2012-01-06 15:00:00,,,315.0,7.6,,17.7,2012-02-17 00:00:00,24.00,0.6,1.9,0.0
2012-02-18,28.1,30.4,30.1,28.9,30.5,14.4,75,23.6,22.5,3.8,,11.8,2012-02-18 00:00:00,65,2012-01-06 15:00:00,,,315.0,7.6,,20.4,2012-02-18 00:00:00,24.00,6.3,1.7,0.0
2012-02-19,28.1,30.4,30.1,28.9,30.5,14.3,77,23.6,360.0,2.9,,11.6,2012-02-19 00:00:00,65,2012-01-06 15:00:00,,,315.0,7.6,,18.1,2012-02-19 00:00:00,24.00,1.9,1.9,0.0
2012-02-20,28.1,30.4,30.1,28.9,30.5,15.8,82,23.6,360.0,1.5,,12.4,2012-02-20 00:00:00,65,2012-01-06 15:00:00,,,315.0,7.6,,19.8,2012-02-20 00:00:00,24.00,0.0,1.7,0.0
2012-02-21,28.1,30.4,30.1,28.9,30.5,15.9,98,23.6,22.5,1.3,,14.4,2012-02-21 00:00:00,65,2012-01-06 15:00:00,,,315.0,7.6,,21.9,2012-02-21 00:00:00,24.00,0.0,0.0,2.5
2012-02-22,28.1,30.4,30.1,28.9,30.5,23.3,86,23.6,180.0,1.1,,20.2,2012-02-22 00:00:00,65,2012-01-06 15:00:00,,,315.0,7.6,,26.4,2012-02-22 00:00:00,24.00,0.0,0.0,0.5
2012-02-23,28.1,30.4,30.1,28.9,30.5,24.0,88,23.6,292.5,1.2,,18.0,2012-02-23 00:00:00,65,2012-01-06 15:00:00,,,315.0,7.6,,29.0,2012-02-23 00:00:00,24.00,4.1,1.0,0.0
2012-02-24,28.1,30.4,30.1,28.9,30.5,20.5,92,23.6,90.0,2.4,,14.4,2012-02-24 00:00:00,65,2012-01-06 15:00:00,,,315.0,7.6,,24.8,2012-02-24 00:00:00,24.00,2.9,1.0,11.0
2012-02-25,28.1,30.4,30.1,28.9,30.5,18.6,90,23.6,360.0,2.7,,12.1,2012-02-25 00:00:00,65,2012-01-06 15:00:00,,,315.0,7.6,,25.3,2012-02-25 00:00:00,24.00,4.1,0.0,0.0
2012-02-26,28.1,30.4,30.1,28.9,30.5,14.4,88,23.6,360.0,3.5,,12.0,2012-02-26 00:00:00,65,2012-01-06 15:00:00,,,315.0,7.6,,18.2,2012-02-26 00:00:00,24.00,0.8,0.0,0.5
2012-02-27,28.1,30.4,30.1,28.9,30.5,13.8,90,23.6,360.0,2.7,,12.0,2012-02-27 00:00:00,65,2012-01-06 15:00:00,,,315.0,7.6,,16.6,2012-02-27 00:00:00,24.00,0.8,0.0,0.0
2012-02-28,28.1,30.4,30.1,28.9,30.5,14.5,94,23.6,360.0,3.2,,12.3,2012-02-28 00:00:00,65,2012-01-06 15:00:00,,,315.0,7.6,,18.7,2012-02-28 00:00:00,24.00,1.1,0.0,4.5
2012-02-29,28.1,30.4,30.1,28.9,30.5,17.0,88,23.6,360.0,1.8,,12.4,2012-02-29 00:00:00,65,2012-01-06 15:00:00,,,315.0,7.6,,23.6,2012-02-29 00:00:00,24.00,6.8,0.0,0.0
2012-03-01,28.1,30.4,30.1,28.9,30.5,20.0,87,23.6,337.5,1.6,,14.4,2012-03-01 00:00:00,65,2012-01-06 15:00:00,,,315.0,7.6,,28.3,2012-03-01 00:00:00,24.00,7.2,0.0,0.0
2012-03-02,28.1,30.4,30.1,28.9,30.5,21.6,86,23.6,360.0,2.0,,16.4,2012-03-02 00:00:00,65,2012-01-06 15:00:00,,,315.0,7.6,,28.9,2012-03-02 00:00:00,24.00,6.9,1.5,0.0
2012-03-03,28.1,30.4,30.1,28.9,30.5,19.9,86,23.6,360.0,2.3,,16.4,2012-03-03 00:00:00,65,2012-01-06 15:00:00,,,315.0,7.6,,27.1,2012-03-03 00:00:00,24.00,5.3,3.1,0.0
2012-03-04,28.1,30.4,30.1,28.9,30.5,21.4,85,23.6,360.0,1.4,,15.9,2012-03-04 00:00:00,65,2012-01-06 15:00:00,,,315.0,7.6,,28.5,2012-03-04 00:00:00,24.00,7.2,2.1,0.0
2012-03-05,28.1,30.4,30.1,28.9,30.5,24.2,77,23.6,202.5,2.9,,16.8,2012-03-05 00:00:00,65,2012-01-06 15:00:00,,,315.0,7.6,,32.0,2012-03-05 00:00:00,24.00,10.8,3.4,0.0
2012-03-06,28.1,30.4,30.1,28.9,30.5,24.1,79,23.6,360.0,1.9,,18.9,2012-03-06 00:00:00,65,2012-01-06 15:00:00,,,315.0,7.6,,32.6,2012-03-06 00:00:00,24.00,9.5,2.8,0.0
2012-03-07,28.1,30.4,30.1,28.9,30.5,21.4,79,23.6,360.0,2.9,,16.6,2012-03-07 00:00:00,65,2012-01-06 15:00:00,,,315.0,7.6,,27.0,2012-03-07 00:00:00,24.00,9.3,3.9,0.0
2012-03-08,28.1,30.4,30.1,28.9,30.5,20.1,79,23.6,22.5,2.2,,15.5,2012-03-08 00:00:00,65,2012-01-06 15:00:00,,,315.0,7.6,,26.9,2012-03-08 00:00:00,24.00,8.0,2.9,0.0
2012-03-09,28.1,30.4,30.1,28.9,30.5,16.2,84,23.6,22.5,3.4,,13.9,2012-03-09 00:00:00,65,2012-01-06 15:00:00,,,315.0,7.6,,18.2,2012-03-09 00:00:00,24.00,0.4,5.3,0.0
2012-03-10,28.1,30.4,30.1,28.9,30.5,15.0,79,23.6,360.0,3.4,,12.5,2012-03-10 00:00:00,65,2012-01-06 15:00:00,,,315.0,7.6,,20.8,2012-03-10 00:00:00,24.00,2.2,2.4,0.0
2012-03-11,28.1,30.4,30.1,28.9,30.5,14.5,83,23.6,360.0,2.9,,12.8,2012-03-11 00:00:00,65,2012-01-06 15:00:00,,,315.0,7.6,,17.8,2012-03-11 00:00:00,24.00,0.2,1.4,0.5
2012-03-12,28.1,30.4,30.1,28.9,30.5,14.3,93,23.6,360.0,2.0,,12.5,2012-03-12 00:00:00,65,2012-01-06 15:00:00,,,315.0,7.6,,16.5,2012-03-12 00:00:00,24.00,0.0,0.0,5.5
2012-03-13,28.1,30.4,30.1,28.9,30.5,16.5,83,23.6,360.0,2.9,,13.4,2012-03-13 00:00:00,65,2012-01-06 15:00:00,,,315.0,7.6,,22.7,2012-03-13 00:00:00,24.00,6.3,2.3,0.0
2012-03-14,28.1,30.4,30.1,28.9,30.5,18.0,83,23.6,360.0,2.6,,14.1,2012-03-14 00:00:00,65,2012-01-06 15:00:00,,,315.0,7.6,,22.9,2012-03-14 00:00:00,24.00,5.2,2.9,0.0
2012-03-15,28.1,30.4,30.1,28.9,30.5,18.8,85,23.6,360.0,2.0,,14.9,2012-03-15 00:00:00,65,2012-01-06 15:00:00,,,315.0,7.6,,26.2,2012-03-15 00:00:00,24.00,7.3,2.5,0.0
2012-03-16,28.1,30.4,30.1,28.9,30.5,23.7,78,23.6,225.0,1.5,,15.7,2012-03-16 00:00:00,65,2012-01-06 15:00:00,,,315.0,7.6,,31.0,2012-03-16 00:00:00,24.00,8.1,2.8,0.0
2012-03-17,28.1,30.4,30.1,28.9,30.5,25.8,79,23.6,225.0,2.7,,21.3,2012-03-17 00:00:00,65,2012-01-06 15:00:00,,,315.0,7.6,,31.8,2012-03-17 00:00:00,24.00,8.8,4.1,0.0
2012-03-18,28.1,30.4,30.1,28.9,30.5,25.5,81,23.6,360.0,1.8,,20.8,2012-03-18 00:00:00,65,2012-01-06 15:00:00,,,315.0,7.6,,31.8,2012-03-18 00:00:00,24.00,6.5,3.5,0.0
2012-03-19,28.1,30.4,30.1,28.9,30.5,23.4,81,23.6,360.0,2.5,,20.5,2012-03-19 00:00:00,65,2012-01-06 15:00:00,,,315.0,7.6,,29.8,2012-03-19 00:00:00,24.00,4.3,3.7,0.0
2012-03-20,28.1,30.4,30.1,28.9,30.5,22.4,79,23.6,360.0,1.9,,18.5,2012-03-20 00:00:00,65,2012-01-06 15:00:00,,,315.0,7.6,,29.0,2012-03-20 00:00:00,24.00,6.4,3.6,0.0
2012-03-21,28.1,30.4,30.1,28.9,30.5,19.8,79,23.6,360.0,2.4,,16.9,2012-03-21 00:00:00,65,2012-01-06 15:00:00,,,315.0,7.6,,25.2,2012-03-21 00:00:00,24.00,2.5,2.1,0.0
2012-03-22,28.1,30.4,30.1,28.9,30.5,22.1,79,23.6,360.0,1.9,,16.5,2012-03-22 00:00:00,65,2012-01-06 15:00:00,,,315.0,7.6,,28.5,2012-03-22 00:00:00,24.00,9.0,3.0,0.0
2012-03-23,28.1,30.4,30.1,28.9,30.5,25.0,74,23.6,360.0,2.4,,17.6,2012-03-23 00:00:00,65,2012-01-06 15:00:00,,,315.0,7.6,,32.9,2012-03-23 00:00:00,24.00,9.1,4.8,0.0
2012-03-24,28.1,30.4,30.1,28.9,30.5,14.7,72,23.6,360.0,3.8,,13.0,2012-03-24 00:00:00,65,2012-01-06 15:00:00,,,315.0,7.6,,19.0,2012-03-24 00:00:00,24.00,0.0,1.5,0.0
2012-03-25,28.1,30.4,30.1,28.9,30.5,18.5,69,23.6,360.0,1.3,,12.9,2012-03-25 00:00:00,65,2012-01-06 15:00:00,,,315.0,7.6,,25.5,2012-03-25 00:00:00,24.00,7.7,2.7,0.0
2012-03-26,28.1,30.4,30.1,28.9,30.5,19.6,69,23.6,180.0,1.5,,12.7,2012-03-26 00:00:00,65,2012-01-06 15:00:00,,,315.0,7.6,,26.9,2012-03-26 00:00:00,24.00,9.8,3.9,0.0
2012-03-27,28.1,30.4,30.1,28.9,30.5,21.2,62,23.6,112.5,2.0,,16.4,2012-03-27 00:00:00,65,2012-01-06 15:00:00,,,315.0,7.6,,28.0,2012-03-27 00:00:00,24.00,9.4,3.7,0.0
2012-03-28,28.1,30.4,30.1,28.9,30.5,21.7,68,23.6,112.5,1.6,,17.1,2012-03-28 00:00:00,65,2012-01-06 15:00:00,,,315.0,7.6,,27.8,2012-03-28 00:00:00,24.00,7.0,3.7,0.0
2012-03-29,28.1,30.4,30.1,28.9,30.5,21.9,70,23.6,360.0,2.2,,16.1,2012-03-29 00:00:00,65,2012-01-06 15:00:00,,,315.0,7.6,,27.1,2012-03-29 00:00:00,24.00,7.6,3.6,0.0
2012-03-30,28.1,30.4,30.1,28.9,30.5,22.9,68,23.6,315.0,1.3,,15.6,2012-03-30 00:00:00,65,2012-01-06 15:00:00,,,315.0,7.6,,29.6,2012-03-30 00:00:00,24.00,9.4,4.2,0.0
2012-03-31,28.1,30.4,30.1,28.9,30.5,21.9,68,23.6,360.0,2.9,,17.8,2012-03-31 00:00:00,65,2012-01-06 15:00:00,,,315.0,7.6,,26.5,2012-03-31 00:00:00,24.00,8.1,5.5,0.0
2012-04-01,28.1,30.4,30.1,28.9,30.5,22.1,68,23.6,225.0,1.6,,16.9,2012-04-01 00:00:00,65,2012-01-06 15:00:00,,,315.0,7.6,,27.4,2012-04-01 00:00:00,24.00,5.8,3.2,0.0
2012-04-02,28.1,30.4,30.1,28.9,30.5,23.8,76,23.6,157.5,1.0,,19.5,2012-04-02 00:00:00,65,2012-01-06 15:00:00,,,315.0,7.6,,29.1,2012-04-02 00:00:00,24.00,4.6,2.9,0.0
2012-04-03,28.1,30.4,30.1,28.9,30.5,25.1,76,23.6,360.0,2.0,,21.2,2012-04-03 00:00:00,65,2012-01-06 15:00:00,,,315.0,7.6,,29.9,2012-04-03 00:00:00,24.00,5.0,3.6,0.0
2012-04-04,28.1,30.4,30.1,28.9,30.5,23.0,74,23.6,360.0,1.3,,19.5,2012-04-04 00:00:00,65,2012-01-06 15:00:00,,,315.0,7.6,,28.3,2012-04-04 00:00:00,24.00,2.7,2.8,0.0
2012-04-05,28.1,30.4,30.1,28.9,30.5,23.5,78,23.6,360.0,3.1,,19.0,2012-04-05 00:00:00,65,2012-01-06 15:00:00,,,315.0,7.6,,28.6,2012-04-05 00:00:00,24.00,4.0,3.3,0.0
2012-04-06,28.1,30.4,30.1,28.9,30.5,21.6,86,23.6,360.0,1.1,,19.6,2012-04-06 00:00:00,65,2012-01-06 15:00:00,,,315.0,7.6,,24.3,2012-04-06 00:00:00,24.00,0.0,0.7,0.0
2012-04-07,28.1,30.4,30.1,28.9,30.5,22.2,84,23.6,157.5,1.2,,19.8,2012-04-07 00:00:00,65,2012-01-06 15:00:00,,,315.0,7.6,,25.0,2012-04-07 00:00:00,24.00,0.0,0.7,0.0
2012-04-08,28.1,30.4,30.1,28.9,30.5,23.3,78,23.6,360.0,1.5,,18.6,2012-04-08 00:00:00,65,2012-01-06 15:00:00,,,315.0,7.6,,28.0,2012-04-08 00:00:00,24.00,2.6,2.6,0.0
2012-04-09,28.1,30.4,30.1,28.9,30.5,24.2,77,23.6,360.0,1.2,,20.5,2012-04-09 00:00:00,65,2012-01-06 15:00:00,,,315.0,7.6,,29.5,2012-04-09 00:00:00,24.00,2.8,2.8,0.0
2012-04-10,28.1,30.4,30.1,28.9,30.5,25.9,75,23.6,225.0,2.0,,20.1,2012-04-10 00:00:00,65,2012-01-06 15:00:00,,,315.0,7.6,,32.2,2012-04-10 00:00:00,24.00,10.0,4.8,0.0
2012-04-11,28.1,30.4,30.1,28.9,30.5,26.7,76,23.6,157.5,2.0,,21.7,2012-04-11 00:00:00,65,2012-01-06 15:00:00,,,315.0,7.6,,33.1,2012-04-11 00:00:00,24.00,9.7,4.9,0.0
2012-04-12,28.1,30.4,30.1,28.9,30.5,26.6,79,23.6,225.0,1.8,,22.3,2012-04-12 00:00:00,65,2012-01-06 15:00:00,,,315.0,7.6,,31.6,2012-04-12 00:00:00,24.00,6.7,3.8,0.0
2012-04-13,28.1,30.4,30.1,28.9,30.5,26.5,76,23.6,157.5,1.6,,21.0,2012-04-13 00:00:00,65,2012-01-06 15:00:00,,,315.0,7.6,,33.6,2012-04-13 00:00:00,24.00,10.0,4.7,0.0
2012-04-14,28.1,30.4,30.1,28.9,30.5,26.2,74,23.6,315.0,1.5,,21.2,2012-04-14 00:00:00,65,2012-01-06 15:00:00,,,315.0,7.6,,33.4,2012-04-14 00:00:00,24.00,10.0,4.9,0.0
2012-04-15,28.1,30.4,30.1,28.9,30.5,26.4,75,23.6,157.5,1.5,,21.8,2012-04-15 00:00:00,65,2012-01-06 15:00:00,,,315.0,7.6,,32.4,2012-04-15 00:00:00,24.00,8.6,4.3,0.0
2012-04-16,28.1,30.4,30.1,28.9,30.5,25.4,79,23.6,360.0,1.7,,21.8,2012-04-16 00:00:00,65,2012-01-06 15:00:00,,,315.0,7.6,,30.2,2012-04-16 00:00:00,24.00,4.4,3.1,0.0
2012-04-17,28.1,30.4,30.1,28.9,30.5,22.1,89,23.6,360.0,1.2,,21.1,2012-04-17 00:00:00,65,2012-01-06 15:00:00,,,315.0,7.6,,24.8,2012-04-17 00:00:00,24.00,0.0,0.4,3.1
2012-04-18,28.1,30.4,30.1,28.9,30.5,24.9,82,23.6,337.5,1.5,,21.0,2012-04-18 00:00:00,65,2012-01-06 15:00:00,,,315.0,7.6,,30.4,2012-04-18 00:00:00,24.00,4.0,2.3,1.5
2012-04-19,28.1,30.4,30.1,28.9,30.5,25.1,85,23.6,315.0,1.2,,21.7,2012-04-19 00:00:00,65,2012-01-06 15:00:00,,,315.0,7.6,,30.8,2012-04-19 00:00:00,24.00,2.4,1.9,0.0
2012-04-20,28.1,30.4,30.1,28.9,30.5,25.9,79,23.6,157.5,1.7,,21.3,2012-04-20 00:00:00,65,2012-01-06 15:00:00,,,315.0,7.6,,30.8,2012-04-20 00:00:00,24.00,2.2,3.1,0.5
2012-04-21,28.1,30.4,30.1,28.9,30.5,26.0,82,23.6,135.0,1.9,,22.7,2012-04-21 00:00:00,65,2012-01-06 15:00:00,,,315.0,7.6,,30.3,2012-04-21 00:00:00,24.00,2.6,1.6,4.5
2012-04-22,28.1,30.4,30.1,28.9,30.5,25.4,83,23.6,135.0,1.2,,22.4,2012-04-22 00:00:00,65,2012-01-06 15:00:00,,,315.0,7.6,,29.0,2012-04-22 00:00:00,24.00,0.2,1.6,0.5
2012-04-23,28.1,30.4,30.1,28.9,30.5,27.3,73,23.6,112.5,1.8,,22.1,2012-04-23 00:00:00,65,2012-01-06 15:00:00,,,315.0,7.6,,32.7,2012-04-23 00:00:00,24.00,8.3,4.7,0.0
2012-04-24,28.1,30.4,30.1,28.9,30.5,28.4,71,23.6,157.5,3.6,,22.6,2012-04-24 00:00:00,65,2012-01-06 15:00:00,,,315.0,7.6,,33.7,2012-04-24 00:00:00,24.00,8.9,7.2,0.0
2012-04-25,28.1,30.4,30.1,28.9,30.5,27.7,78,23.6,157.5,2.7,,25.0,2012-04-25 00:00:00,65,2012-01-06 15:00:00,,,315.0,7.6,,33.2,2012-04-25 00:00:00,24.00,6.3,3.2,5.5
2012-04-26,28.1,30.4,30.1,28.9,30.5,25.6,75,23.6,360.0,1.9,,22.1,2012-04-26 00:00:00,65,2012-01-06 15:00:00,,,315.0,7.6,,31.0,2012-04-26 00:00:00,24.00,1.8,4.0,10.0
2012-04-27,28.1,30.4,30.1,28.9,30.5,24.5,84,23.6,360.0,2.1,,21.1,2012-04-27 00:00:00,65,2012-01-06 15:00:00,,,315.0,7.6,,29.4,2012-04-27 00:00:00,24.00,2.5,1.4,5.0
2012-04-28,28.1,30.4,30.1,28.9,30.5,23.9,92,23.6,157.5,1.4,,21.0,2012-04-28 00:00:00,65,2012-01-06 15:00:00,,,315.0,7.6,,26.9,2012-04-28 00:00:00,24.00,0.2,0.8,15.5
2012-04-29,28.1,30.4,30.1,28.9,30.5,27.3,77,23.6,157.5,2.5,,22.0,2012-04-29 00:00:00,65,2012-01-06 15:00:00,,,315.0,7.6,,33.0,2012-04-29 00:00:00,24.00,6.9,4.3,0.0
2012-04-30,28.1,30.4,30.1,28.9,30.5,25.6,89,23.6,157.5,2.2,,23.0,2012-04-30 00:00:00,65,2012-01-06 15:00:00,,,315.0,7.6,,30.7,2012-04-30 00:00:00,24.00,2.5,4.1,75.0
2012-05-01,28.1,30.4,30.1,28.9,30.5,25.6,89,23.6,157.5,2.2,,23.0,2012-04-30 00:00:00,65,2012-01-06 15:00:00,,,315.0,7.6,,30.7,2012-04-30 00:00:00,24.00,2.5,4.1,75.0
2012-05-02,28.1,30.4,30.1,28.9,30.5,25.6,89,23.6,157.5,2.2,,23.0,2012-04-30 00:00:00,65,2012-01-06 15:00:00,,,315.0,7.6,,30.7,2012-04-30 00:00:00,24.00,2.5,4.1,75.0
2012-05-03,28.1,30.4,30.1,28.9,30.5,25.6,89,23.6,157.5,2.2,,23.0,2012-04-30 00:00:00,65,2012-01-06 15:00:00,,,315.0,7.6,,30.7,2012-04-30 00:00:00,24.00,2.5,4.1,75.0
2012-05-04,28.1,30.4,30.1,28.9,30.5,25.6,89,23.6,157.5,2.2,,23.0,2012-04-30 00:00:00,65,2012-01-06 15:00:00,,,315.0,7.6,,30.7,2012-04-30 00:00:00,24.00,2.5,4.1,75.0
2012-05-05,28.1,30.4,30.1,28.9,30.5,25.6,89,23.6,157.5,2.2,,23.0,2012-04-30 00:00:00,65,2012-01-06 15:00:00,,,315.0,7.6,,30.7,2012-04-30 00:00:00,24.00,2.5,4.1,75.0
2012-05-06,28.1,30.4,30.1,28.9,30.5,25.6,89,23.6,157.5,2.2,,23.0,2012-04-30 00:00:00,65,2012-01-06 15:00:00,,,315.0,7.6,,30.7,2012-04-30 00:00:00,24.00,2.5,4.1,75.0
2012-05-07,28.1,30.4,30.1,28.9,30.5,25.6,89,23.6,157.5,2.2,,23.0,2012-04-30 00:00:00,65,2012-01-06 15:00:00,,,315.0,7.6,,30.7,2012-04-30 00:00:00,24.00,2.5,4.1,75.0
2012-05-08,28.1,30.4,30.1,28.9,30.5,25.6,89,23.6,157.5,2.2,,23.0,2012-04-30 00:00:00,65,2012-01-06 15:00:00,,,315.0,7.6,,30.7,2012-04-30 00:00:00,24.00,2.5,4.1,75.0
2012-05-09,28.1,30.4,30.1,28.9,30.5,25.6,89,23.6,157.5,2.2,,23.0,2012-04-30 00:00:00,65,2012-01-06 15:00:00,,,315.0,7.6,,30.7,2012-04-30 00:00:00,24.00,2.5,4.1,75.0
2012-05-10,28.1,30.4,30.1,28.9,30.5,25.6,89,23.6,157.5,2.2,,23.0,2012-04-30 00:00:00,65,2012-01-06 15:00:00,,,315.0,7.6,,30.7,2012-04-30 00:00:00,24.00,2.5,4.1,75.0
2012-05-11,28.1,30.4,30.1,28.9,30.5,25.6,89,23.6,157.5,2.2,,23.0,2012-04-30 00:00:00,65,2012-01-06 15:00:00,,,315.0,7.6,,30.7,2012-04-30 00:00:00,24.00,2.5,4.1,75.0
2012-05-12,28.1,30.4,30.1,28.9,30.5,25.6,89,23.6,157.5,2.2,,23.0,2012-04-30 00:00:00,65,2012-01-06 15:00:00,,,315.0,7.6,,30.7,2012-04-30 00:00:00,24.00,2.5,4.1,75.0
2012-05-13,28.1,30.4,30.1,28.9,30.5,25.6,89,23.6,157.5,2.2,,23.0,2012-04-30 00:00:00,65,2012-01-06 15:00:00,,,315.0,7.6,,30.7,2012-04-30 00:00:00,24.00,2.5,4.1,75.0
2012-05-14,28.1,30.4,30.1,28.9,30.5,25.6,89,23.6,157.5,2.2,,23.0,2012-04-30 00:00:00,65,2012-01-06 15:00:00,,,315.0,7.6,,30.7,2012-04-30 00:00:00,24.00,2.5,4.1,75.0
2012-05-15,28.1,30.4,30.1,28.9,30.5,25.6,89,23.6,157.5,2.2,,23.0,2012-04-30 00:00:00,65,2012-01-06 15:00:00,,,315.0,7.6,,30.7,2012-04-30 00:00:00,24.00,2.5,4.1,75.0
2012-05-16,28.1,30.4,30.1,28.9,30.5,25.6,89,23.6,157.5,2.2,,23.0,2012-04-30 00:00:00,65,2012-01-06 15:00:00,,,315.0,7.6,,30.7,2012-04-30 00:00:00,24.00,2.5,4.1,75.0
2012-05-17,28.1,30.4,30.1,28.9,30.5,25.6,89,23.6,157.5,2.2,,23.0,2012-04-30 00:00:00,65,2012-01-06 15:00:00,,,315.0,7.6,,30.7,2012-04-30 00:00:00,24.00,2.5,4.1,75.0
2012-05-18,28.1,30.4,30.1,28.9,30.5,25.6,89,23.6,157.5,2.2,,23.0,2012-04-30 00:00:00,65,2012-01-06 15:00:00,,,315.0,7.6,,30.7,2012-04-30 00:00:00,24.00,2.5,4.1,75.0
2012-05-19,28.1,30.4,30.1,28.9,30.5,25.6,89,23.6,157.5,2.2,,23.0,2012-04-30 00:00:00,65,2012-01-06 15:00:00,,,315.0,7.6,,30.7,2012-04-30 00:00:00,24.00,2.5,4.1,75.0
2012-05-20,28.1,30.4,30.1,28.9,30.5,25.6,89,23.6,157.5,2.2,,23.0,2012-04-30 00:00:00,65,2012-01-06 15:00:00,,,315.0,7.6,,30.7,2012-04-30 00:00:00,24.00,2.5,4.1,75.0
2012-05-21,28.1,30.4,30.1,28.9,30.5,25.6,89,23.6,157.5,2.2,,23.0,2012-04-30 00:00:00,65,2012-01-06 15:00:00,,,315.0,7.6,,30.7,2012-04-30 00:00:00,24.00,2.5,4.1,75.0
2012-05-22,28.1,30.4,30.1,28.9,30.5,25.6,89,23.6,157.5,2.2,,23.0,2012-04-30 00:00:00,65,2012-01-06 15:00:00,,,315.0,7.6,,30.7,2012-04-30 00:00:00,24.00,2.5,4.1,75.0
2012-05-23,28.1,30.4,30.1,28.9,30.5,25.6,89,23.6,157.5,2.2,,23.0,2012-04-30 00:00:00,65,2012-01-06 15:00:00,,,315.0,7.6,,30.7,2012-04-30 00:00:00,24.00,2.5,4.1,75.0
2012-05-24,28.1,30.4,30.1,28.9,30.5,25.6,89,23.6,157.5,2.2,,23.0,2012-04-30 00:00:00,65,2012-01-06 15:00:00,,,315.0,7.6,,30.7,2012-04-30 00:00:00,24.00,2.5,4.1,75.0
2012-05-25,28.1,30.4,30.1,28.9,30.5,25.6,89,23.6,157.5,2.2,,23.0,2012-04-30 00:00:00,65,2012-01-06 15:00:00,,,315.0,7.6,,30.7,2012-04-30 00:00:00,24.00,2.5,4.1,75.0
2012-05-26,28.1,30.4,30.1,28.9,30.5,25.6,89,23.6,157.5,2.2,,23.0,2012-04-30 00:00:00,65,2012-01-06 15:00:00,,,315.0,7.6,,30.7,2012-04-30 00:00:00,24.00,2.5,4.1,75.0
2012-05-27,28.1,30.4,30.1,28.9,30.5,25.6,89,23.6,157.5,2.2,,23.0,2012-04-30 00:00:00,65,2012-01-06 15:00:00,,,315.0,7.6,,30.7,2012-04-30 00:00:00,24.00,2.5,4.1,75.0
2012-05-28,28.1,30.4,30.1,28.9,30.5,25.6,89,23.6,157.5,2.2,,23.0,2012-04-30 00:00:00,65,2012-01-06 15:00:00,,,315.0,7.6,,30.7,2012-04-30 00:00:00,24.00,2.5,4.1,75.0
2012-05-29,28.1,30.4,30.1,28.9,30.5,25.6,89,23.6,157.5,2.2,,23.0,2012-04-30 00:00:00,65,2012-01-06 15:00:00,,,315.0,7.6,,30.7,2012-04-30 00:00:00,24.00,2.5,4.1,75.0
2012-05-30,28.1,30.4,30.1,28.9,30.5,25.6,89,23.6,157.5,2.2,,23.0,2012-04-30 00:00:00,65,2012-01-06 15:00:00,,,315.0,7.6,,30.7,2012-04-30 00:00:00,24.00,2.5,4.1,75.0
2012-05-31,28.1,30.4,30.1,28.9,30.5,25.6,89,23.6,157.5,2.2,,23.0,2012-04-30 00:00:00,65,2012-01-06 15:00:00,,,315.0,7.6,,30.7,2012-04-30 00:00:00,24.00,2.5,4.1,75.0
2012-06-01,28.1,30.4,30.1,28.9,30.5,27.3,81,23.6,360.0,1.7,,23.9,2012-06-01 05:00:00,65,2012-06-01 15:00:00,,,315.0,7.6,,32.4,2012-06-01 13:00:00,24.00,7.3,3.3,0.0
2012-06-02,28.1,30.4,30.1,28.9,30.5,27.3,81,23.6,360.0,1.7,,23.9,2012-06-01 05:00:00,65,2012-06-01 15:00:00,,,315.0,7.6,,32.4,2012-06-01 13:00:00,24.00,7.3,3.3,0.0
2012-06-03,28.1,30.4,30.1,28.9,30.5,27.3,81,23.6,360.0,1.7,,23.9,2012-06-01 05:00:00,65,2012-06-01 15:00:00,,,315.0,7.6,,32.4,2012-06-01 13:00:00,24.00,7.3,3.3,0.0
2012-06-04,28.1,30.4,30.1,28.9,30.5,27.3,81,23.6,360.0,1.7,,23.9,2012-06-01 05:00:00,65,2012-06-01 15:00:00,,,315.0,7.6,,32.4,2012-06-01 13:00:00,24.00,7.3,3.3,0.0
2012-06-05,28.1,30.4,30.1,28.9,30.5,27.3,81,23.6,360.0,1.7,,23.9,2012-06-01 05:00:00,65,2012-06-01 15:00:00,,,315.0,7.6,,32.4,2012-06-01 13:00:00,24.00,7.3,3.3,0.0
2012-06-06,28.1,30.4,30.1,28.9,30.5,27.3,81,23.6,360.0,1.7,,23.9,2012-06-01 05:00:00,65,2012-06-01 15:00:00,,,315.0,7.6,,32.4,2012-06-01 13:00:00,24.00,7.3,3.3,0.0
2012-06-07,28.1,30.4,30.1,28.9,30.5,27.3,81,23.6,360.0,1.7,,23.9,2012-06-01 05:00:00,65,2012-06-01 15:00:00,,,315.0,7.6,,32.4,2012-06-01 13:00:00,24.00,7.3,3.3,0.0
2012-06-08,28.1,30.4,30.1,28.9,30.5,27.3,81,23.6,360.0,1.7,,23.9,2012-06-01 05:00:00,65,2012-06-01 15:00:00,,,315.0,7.6,,32.4,2012-06-01 13:00:00,24.00,7.3,3.3,0.0
2012-06-09,28.1,30.4,30.1,28.9,30.5,27.3,81,23.6,360.0,1.7,,23.9,2012-06-01 05:00:00,65,2012-06-01 15:00:00,,,315.0,7.6,,32.4,2012-06-01 13:00:00,24.00,7.3,3.3,0.0
2012-06-10,28.1,30.4,30.1,28.9,30.5,27.3,81,23.6,360.0,1.7,,23.9,2012-06-01 05:00:00,65,2012-06-01 15:00:00,,,315.0,7.6,,32.4,2012-06-01 13:00:00,24.00,7.3,3.3,0.0
2012-06-11,28.1,30.4,30.1,28.9,30.5,27.3,81,23.6,360.0,1.7,,23.9,2012-06-01 05:00:00,65,2012-06-01 15:00:00,,,315.0,7.6,,32.4,2012-06-01 13:00:00,24.00,7.3,3.3,0.0
2012-06-12,28.1,30.4,30.1,28.9,30.5,27.3,81,23.6,360.0,1.7,,23.9,2012-06-01 05:00:00,65,2012-06-01 15:00:00,,,315.0,7.6,,32.4,2012-06-01 13:00:00,24.00,7.3,3.3,0.0
2012-06-13,28.1,30.4,30.1,28.9,30.5,27.3,81,23.6,360.0,1.7,,23.9,2012-06-01 05:00:00,65,2012-06-01 15:00:00,,,315.0,7.6,,32.4,2012-06-01 13:00:00,24.00,7.3,3.3,0.0
2012-06-14,28.1,30.4,30.1,28.9,30.5,27.3,81,23.6,360.0,1.7,,23.9,2012-06-01 05:00:00,65,2012-06-01 15:00:00,,,315.0,7.6,,32.4,2012-06-01 13:00:00,24.00,7.3,3.3,0.0
2012-06-15,28.1,30.4,30.1,28.9,30.5,27.3,81,23.6,360.0,1.7,,23.9,2012-06-01 05:00:00,65,2012-06-01 15:00:00,,,315.0,7.6,,32.4,2012-06-01 13:00:00,24.00,7.3,3.3,0.0
2012-06-16,28.1,30.4,30.1,28.9,30.5,27.3,81,23.6,360.0,1.7,,23.9,2012-06-01 05:00:00,65,2012-06-01 15:00:00,,,315.0,7.6,,32.4,2012-06-01 13:00:00,24.00,7.3,3.3,0.0
2012-06-17,28.1,30.4,30.1,28.9,30.5,27.3,81,23.6,360.0,1.7,,23.9,2012-06-01 05:00:00,65,2012-06-01 15:00:00,,,315.0,7.6,,32.4,2012-06-01 13:00:00,24.00,7.3,3.3,0.0
2012-06-18,28.1,30.4,30.1,28.9,30.5,27.3,81,23.6,360.0,1.7,,23.9,2012-06-01 05:00:00,65,2012-06-01 15:00:00,,,315.0,7.6,,32.4,2012-06-01 13:00:00,24.00,7.3,3.3,0.0
2012-06-19,28.1,30.4,30.1,28.9,30.5,27.3,81,23.6,360.0,1.7,,23.9,2012-06-01 05:00:00,65,2012-06-01 15:00:00,,,315.0,7.6,,32.4,2012-06-01 13:00:00,24.00,7.3,3.3,0.0
2012-06-20,28.1,30.4,30.1,28.9,30.5,27.3,81,23.6,360.0,1.7,,23.9,2012-06-01 05:00:00,65,2012-06-01 15:00:00,,,315.0,7.6,,32.4,2012-06-01 13:00:00,24.00,7.3,3.3,0.0
2012-06-21,28.1,30.4,30.1,28.9,30.5,27.3,81,23.6,360.0,1.7,,23.9,2012-06-01 05:00:00,65,2012-06-01 15:00:00,,,315.0,7.6,,32.4,2012-06-01 13:00:00,24.00,7.3,3.3,0.0
2012-06-22,28.1,30.4,30.1,28.9,30.5,27.3,81,23.6,360.0,1.7,,23.9,2012-06-01 05:00:00,65,2012-06-01 15:00:00,,,315.0,7.6,,32.4,2012-06-01 13:00:00,24.00,7.3,3.3,0.0
2012-06-23,28.1,30.4,30.1,28.9,30.5,27.3,81,23.6,360.0,1.7,,23.9,2012-06-01 05:00:00,65,2012-06-01 15:00:00,,,315.0,7.6,,32.4,2012-06-01 13:00:00,24.00,7.3,3.3,0.0
2012-06-24,28.1,30.4,30.1,28.9,30.5,27.3,81,23.6,360.0,1.7,,23.9,2012-06-01 05:00:00,65,2012-06-01 15:00:00,,,315.0,7.6,,32.4,2012-06-01 13:00:00,24.00,7.3,3.3,0.0
2012-06-25,28.1,30.4,30.1,28.9,30.5,27.3,81,23.6,360.0,1.7,,23.9,2012-06-01 05:00:00,65,2012-06-01 15:00:00,,,315.0,7.6,,32.4,2012-06-01 13:00:00,24.00,7.3,3.3,0.0
2012-06-26,28.1,30.4,30.1,28.9,30.5,27.3,81,23.6,360.0,1.7,,23.9,2012-06-01 05:00:00,65,2012-06-01 15:00:00,,,315.0,7.6,,32.4,2012-06-01 13:00:00,24.00,7.3,3.3,0.0
2012-06-27,28.1,30.4,30.1,28.9,30.5,27.3,81,23.6,360.0,1.7,,23.9,2012-06-01 05:00:00,65,2012-06-01 15:00:00,,,315.0,7.6,,32.4,2012-06-01 13:00:00,24.00,7.3,3.3,0.0
2012-06-28,28.1,30.4,30.1,28.9,30.5,27.3,81,23.6,360.0,1.7,,23.9,2012-06-01 05:00:00,65,2012-06-01 15:00:00,,,315.0,7.6,,32.4,2012-06-01 13:00:00,24.00,7.3,3.3,0.0
2012-06-29,28.1,30.4,30.1,28.9,30.5,27.3,81,23.6,360.0,1.7,,23.9,2012-06-01 05:00:00,65,2012-06-01 15:00:00,,,315.0,7.6,,32.4,2012-06-01 13:00:00,24.00,7.3,3.3,0.0
2012-06-30,28.5,30.7,30.4,29.4,30.9,29.1,77,24.2,22.5,1.4,,24.2,2012-06-30 04:00:00,54,2012-06-30 17:00:00,,,180.0,7.5,,35.1,2012-06-30 16:00:00,22.60,8.6,4.2,0.0
2012-07-01,28.5,30.7,30.4,29.4,30.9,29.1,77,24.2,22.5,1.4,,24.2,2012-06-30 04:00:00,54,2012-06-30 17:00:00,,,180.0,7.5,,35.1,2012-06-30 16:00:00,22.60,8.6,4.2,0.0
2012-07-02,28.5,30.7,30.4,29.4,30.9,29.1,77,24.2,22.5,1.4,,24.2,2012-06-30 04:00:00,54,2012-06-30 17:00:00,,,180.0,7.5,,35.1,2012-06-30 16:00:00,22.60,8.6,4.2,0.0
2012-07-03,28.5,30.7,30.4,29.4,30.9,29.1,77,24.2,22.5,1.4,,24.2,2012-06-30 04:00:00,54,2012-06-30 17:00:00,,,180.0,7.5,,35.1,2012-06-30 16:00:00,22.60,8.6,4.2,0.0
2012-07-04,28.5,30.7,30.4,29.4,30.9,29.1,77,24.2,22.5,1.4,,24.2,2012-06-30 04:00:00,54,2012-06-30 17:00:00,,,180.0,7.5,,35.1,2012-06-30 16:00:00,22.60,8.6,4.2,0.0
2012-07-05,28.5,30.7,30.4,29.4,30.9,29.1,77,24.2,22.5,1.4,,24.2,2012-06-30 04:00:00,54,2012-06-30 17:00:00,,,180.0,7.5,,35.1,2012-06-30 16:00:00,22.60,8.6,4.2,0.0
2012-07-06,28.5,30.7,30.4,29.4,30.9,29.1,77,24.2,22.5,1.4,,24.2,2012-06-30 04:00:00,54,2012-06-30 17:00:00,,,180.0,7.5,,35.1,2012-06-30 16:00:00,22.60,8.6,4.2,0.0
2012-07-07,28.5,30.7,30.4,29.4,30.9,29.1,77,24.2,22.5,1.4,,24.2,2012-06-30 04:00:00,54,2012-06-30 17:00:00,,,180.0,7.5,,35.1,2012-06-30 16:00:00,22.60,8.6,4.2,0.0
2012-07-08,28.5,30.7,30.4,29.4,30.9,29.1,77,24.2,22.5,1.4,,24.2,2012-06-30 04:00:00,54,2012-06-30 17:00:00,,,180.0,7.5,,35.1,2012-06-30 16:00:00,22.60,8.6,4.2,0.0
2012-07-09,28.5,30.7,30.4,29.4,30.9,29.1,77,24.2,22.5,1.4,,24.2,2012-06-30 04:00:00,54,2012-06-30 17:00:00,,,180.0,7.5,,35.1,2012-06-30 16:00:00,22.60,8.6,4.2,0.0
2012-07-10,28.5,30.7,30.4,29.4,30.9,29.1,77,24.2,22.5,1.4,,24.2,2012-06-30 04:00:00,54,2012-06-30 17:00:00,,,180.0,7.5,,35.1,2012-06-30 16:00:00,22.60,8.6,4.2,0.0
2012-07-11,28.5,30.7,30.4,29.4,30.9,29.1,77,24.2,22.5,1.4,,24.2,2012-06-30 04:00:00,54,2012-06-30 17:00:00,,,180.0,7.5,,35.1,2012-06-30 16:00:00,22.60,8.6,4.2,0.0
2012-07-12,28.5,30.7,30.4,29.4,30.9,29.1,77,24.2,22.5,1.4,,24.2,2012-06-30 04:00:00,54,2012-06-30 17:00:00,,,180.0,7.5,,35.1,2012-06-30 16:00:00,22.60,8.6,4.2,0.0
2012-07-13,28.5,30.7,30.4,29.4,30.9,29.1,77,24.2,22.5,1.4,,24.2,2012-06-30 04:00:00,54,2012-06-30 17:00:00,,,180.0,7.5,,35.1,2012-06-30 16:00:00,22.60,8.6,4.2,0.0
2012-07-14,28.5,30.7,30.4,29.4,30.9,29.1,77,24.2,22.5,1.4,,24.2,2012-06-30 04:00:00,54,2012-06-30 17:00:00,,,180.0,7.5,,35.1,2012-06-30 16:00:00,22.60,8.6,4.2,0.0
2012-07-15,28.5,30.7,30.4,29.4,30.9,29.1,77,24.2,22.5,1.4,,24.2,2012-06-30 04:00:00,54,2012-06-30 17:00:00,,,180.0,7.5,,35.1,2012-06-30 16:00:00,22.60,8.6,4.2,0.0
2012-07-16,28.5,30.7,30.4,29.4,30.9,29.1,77,24.2,22.5,1.4,,24.2,2012-06-30 04:00:00,54,2012-06-30 17:00:00,,,180.0,7.5,,35.1,2012-06-30 16:00:00,22.60,8.6,4.2,0.0
2012-07-17,28.5,30.7,30.4,29.4,30.9,29.1,77,24.2,22.5,1.4,,24.2,2012-06-30 04:00:00,54,2012-06-30 17:00:00,,,180.0,7.5,,35.1,2012-06-30 16:00:00,22.60,8.6,4.2,0.0
2012-07-18,28.5,30.7,30.4,29.4,30.9,29.1,77,24.2,22.5,1.4,,24.2,2012-06-30 04:00:00,54,2012-06-30 17:00:00,,,180.0,7.5,,35.1,2012-06-30 16:00:00,22.60,8.6,4.2,0.0
2012-07-19,28.5,30.7,30.4,29.4,30.9,29.1,77,24.2,22.5,1.4,,24.2,2012-06-30 04:00:00,54,2012-06-30 17:00:00,,,180.0,7.5,,35.1,2012-06-30 16:00:00,22.60,8.6,4.2,0.0
2012-07-20,28.5,30.7,30.4,29.4,30.9,29.1,77,24.2,22.5,1.4,,24.2,2012-06-30 04:00:00,54,2012-06-30 17:00:00,,,180.0,7.5,,35.1,2012-06-30 16:00:00,22.60,8.6,4.2,0.0
2012-07-21,28.5,30.7,30.4,29.4,30.9,29.1,77,24.2,22.5,1.4,,24.2,2012-06-30 04:00:00,54,2012-06-30 17:00:00,,,180.0,7.5,,35.1,2012-06-30 16:00:00,22.60,8.6,4.2,0.0
2012-07-22,28.5,30.7,30.4,29.4,30.9,29.1,77,24.2,22.5,1.4,,24.2,2012-06-30 04:00:00,54,2012-06-30 17:00:00,,,180.0,7.5,,35.1,2012-06-30 16:00:00,22.60,8.6,4.2,0.0
2012-07-23,28.5,30.7,30.4,29.4,30.9,29.1,77,24.2,22.5,1.4,,24.2,2012-06-30 04:00:00,54,2012-06-30 17:00:00,,,180.0,7.5,,35.1,2012-06-30 16:00:00,22.60,8.6,4.2,0.0
2012-07-24,28.5,30.7,30.4,29.4,30.9,29.1,77,24.2,22.5,1.4,,24.2,2012-06-30 04:00:00,54,2012-06-30 17:00:00,,,180.0,7.5,,35.1,2012-06-30 16:00:00,22.60,8.6,4.2,0.0
2012-07-25,28.5,30.7,30.4,29.4,30.9,29.1,77,24.2,22.5,1.4,,24.2,2012-06-30 04:00:00,54,2012-06-30 17:00:00,,,180.0,7.5,,35.1,2012-06-30 16:00:00,22.60,8.6,4.2,0.0
2012-07-26,28.5,30.7,30.4,29.4,30.9,29.1,77,24.2,22.5,1.4,,24.2,2012-06-30 04:00:00,54,2012-06-30 17:00:00,,,180.0,7.5,,35.1,2012-06-30 16:00:00,22.60,8.6,4.2,0.0
2012-07-27,28.5,30.7,30.4,29.4,30.9,29.1,77,24.2,22.5,1.4,,24.2,2012-06-30 04:00:00,54,2012-06-30 17:00:00,,,180.0,7.5,,35.1,2012-06-30 16:00:00,22.60,8.6,4.2,0.0
2012-07-28,28.5,30.7,30.4,29.4,30.9,29.1,77,24.2,22.5,1.4,,24.2,2012-06-30 04:00:00,54,2012-06-30 17:00:00,,,180.0,7.5,,35.1,2012-06-30 16:00:00,22.60,8.6,4.2,0.0
2012-07-29,28.5,30.7,30.4,29.4,30.9,29.1,77,24.2,22.5,1.4,,24.2,2012-06-30 04:00:00,54,2012-06-30 17:00:00,,,180.0,7.5,,35.1,2012-06-30 16:00:00,22.60,8.6,4.2,0.0
2012-07-30,28.5,30.7,30.4,29.4,30.9,29.1,77,24.2,22.5,1.4,,24.2,2012-06-30 04:00:00,54,2012-06-30 17:00:00,,,180.0,7.5,,35.1,2012-06-30 16:00:00,22.60,8.6,4.2,0.0
2012-07-31,28.5,30.7,30.4,29.4,30.9,29.1,77,24.2,22.5,1.4,,24.2,2012-06-30 04:00:00,54,2012-06-30 17:00:00,,,180.0,7.5,,35.1,2012-06-30 16:00:00,22.60,8.6,4.2,0.0
2012-08-01,28.5,30.7,30.4,29.4,30.9,27.5,87,24.2,360.0,4.2,,25.1,2012-08-01 00:00:00,54,2012-06-30 17:00:00,,,180.0,7.5,,32.3,2012-08-01 00:00:00,22.60,2.4,2.3,6.0
2012-08-02,28.5,30.7,30.4,29.4,30.9,24.5,96,24.2,315.0,3.9,,23.9,2012-08-02 00:00:00,54,2012-06-30 17:00:00,,,180.0,7.5,,25.3,2012-08-02 00:00:00,22.60,0.0,10.9,124.5
2012-08-03,28.5,30.7,30.4,29.4,30.9,27.7,88,24.2,202.5,3.4,,24.3,2012-08-03 00:00:00,54,2012-06-30 17:00:00,,,180.0,7.5,,31.1,2012-08-03 00:00:00,22.60,1.4,1.9,1.0
2012-08-04,28.5,30.7,30.4,29.4,30.9,26.6,92,24.2,202.5,2.3,,24.7,2012-08-04 00:00:00,54,2012-06-30 17:00:00,,,180.0,7.5,,29.0,2012-08-04 00:00:00,22.60,0.2,10.7,53.0
2012-08-05,28.5,30.7,30.4,29.4,30.9,27.2,84,24.2,45.0,1.6,,24.2,2012-08-05 00:00:00,54,2012-06-30 17:00:00,,,180.0,7.5,,32.4,2012-08-05 00:00:00,22.60,5.5,2.7,0.0
2012-08-06,28.5,30.7,30.4,29.4,30.9,27.2,83,24.2,360.0,1.4,,24.4,2012-08-06 00:00:00,54,2012-06-30 17:00:00,,,180.0,7.5,,31.6,2012-08-06 00:00:00,22.60,4.8,3.4,0.0
2012-08-07,28.5,30.7,30.4,29.4,30.9,26.8,89,24.2,157.5,2.4,,24.4,2012-08-07 00:00:00,54,2012-06-30 17:00:00,,,180.0,7.5,,31.4,2012-08-07 00:00:00,22.60,2.1,4.6,58.5
2012-08-08,28.5,30.7,30.4,29.4,30.9,28.1,86,24.2,202.5,2.6,,25.0,2012-08-08 00:00:00,54,2012-06-30 17:00:00,,,180.0,7.5,,32.8,2012-08-08 00:00:00,22.60,6.3,6.5,4.5
2012-08-09,28.5,30.7,30.4,29.4,30.9,26.5,89,24.2,157.5,2.6,,24.0,2012-08-09 00:00:00,54,2012-06-30 17:00:00,,,180.0,7.5,,30.7,2012-08-09 00:00:00,22.60,1.1,5.2,30.0
2012-08-10,28.5,30.7,30.4,29.4,30.9,25.8,90,24.2,180.0,2.9,,23.1,2012-08-10 00:00:00,54,2012-06-30 17:00:00,,,180.0,7.5,,30.1,2012-08-10 00:00:00,22.60,1.1,8.2,40.0
2012-08-11,28.5,30.7,30.4,29.4,30.9,26.2,90,24.2,157.5,2.6,,23.4,2012-08-11 00:00:00,54,2012-06-30 17:00:00,,,180.0,7.5,,30.7,2012-08-11 00:00:00,22.60,1.2,6.6,28.5
2012-08-12,28.5,30.7,30.4,29.4,30.9,27.2,85,24.2,202.5,2.4,,24.9,2012-08-12 00:00:00,54,2012-06-30 17:00:00,,,180.0,7.5,,32.0,2012-08-12 00:00:00,22.60,5.4,5.6,28.0
2012-08-13,28.5,30.7,30.4,29.4,30.9,28.5,80,24.2,225.0,1.9,,24.7,2012-08-13 00:00:00,54,2012-06-30 17:00:00,,,180.0,7.5,,33.0,2012-08-13 00:00:00,22.60,9.6,4.2,0.0
2012-08-14,28.5,30.7,30.4,29.4,30.9,28.1,86,24.2,337.5,1.5,,24.8,2012-08-14 00:00:00,54,2012-06-30 17:00:00,,,180.0,7.5,,31.7,2012-08-14 00:00:00,22.60,4.2,3.3,0.0
2012-08-15,28.5,30.7,30.4,29.4,30.9,28.4,84,24.2,180.0,1.4,,25.5,2012-08-15 00:00:00,54,2012-06-30 17:00:00,,,180.0,7.5,,33.0,2012-08-15 00:00:00,22.60,3.2,2.7,0.0
2012-08-16,28.5,30.7,30.4,29.4,30.9,27.6,91,24.2,315.0,1.5,,25.8,2012-08-16 00:00:00,54,2012-06-30 17:00:00,,,180.0,7.5,,31.2,2012-08-16 00:00:00,22.60,1.6,1.0,1.5
2012-08-17,28.5,30.7,30.4,29.4,30.9,27.5,84,24.2,202.5,2.2,,24.7,2012-08-17 00:00:00,54,2012-06-30 17:00:00,,,180.0,7.5,,32.9,2012-08-17 00:00:00,22.60,6.1,2.1,8.0
2012-08-18,28.5,30.7,30.4,29.4,30.9,26.6,89,24.2,135.0,1.4,,24.0,2012-08-18 00:00:00,54,2012-06-30 17:00:00,,,180.0,7.5,,32.1,2012-08-18 00:00:00,22.60,3.6,2.9,15.5
2012-08-19,28.5,30.7,30.4,29.4,30.9,26.6,88,24.2,292.5,1.5,,24.0,2012-08-19 00:00:00,54,2012-06-30 17:00:00,,,180.0,7.5,,32.2,2012-08-19 00:00:00,22.60,5.4,3.9,12.5
2012-08-20,28.5,30.7,30.4,29.4,30.9,26.1,88,24.2,135.0,1.7,,23.0,2012-08-20 00:00:00,54,2012-06-30 17:00:00,,,180.0,7.5,,31.6,2012-08-20 00:00:00,22.60,5.8,5.7,16.5
2012-08-21,28.5,30.7,30.4,29.4,30.9,27.3,82,24.2,157.5,1.6,,23.7,2012-08-21 00:00:00,54,2012-06-30 17:00:00,,,180.0,7.5,,32.6,2012-08-21 00:00:00,22.60,7.3,3.6,0.0
2012-08-22,28.5,30.7,30.4,29.4,30.9,26.7,89,24.2,337.5,1.2,,24.3,2012-08-22 00:00:00,54,2012-06-30 17:00:00,,,180.0,7.5,,32.1,2012-08-22 00:00:00,22.60,4.5,6.7,34.5
2012-08-23,28.5,30.7,30.4,29.4,30.9,27.6,88,24.2,360.0,1.3,,24.1,2012-08-23 00:00:00,54,2012-06-30 17:00:00,,,180.0,7.5,,33.0,2012-08-23 00:00:00,22.60,3.9,1.9,0.5
2012-08-24,28.5,30.7,30.4,29.4,30.9,25.9,93,24.2,180.0,2.7,,24.6,2012-08-24 00:00:00,54,2012-06-30 17:00:00,,,180.0,7.5,,27.3,2012-08-24 00:00:00,22.60,0.0,0.4,11.5
2012-08-25,28.5,30.7,30.4,29.4,30.9,25.1,89,24.2,157.5,3.7,,23.3,2012-08-25 00:00:00,54,2012-06-30 17:00:00,,,180.0,7.5,,28.3,2012-08-25 00:00:00,22.60,0.3,4.0,21.0
2012-08-26,28.5,30.7,30.4,29.4,30.9,26.9,81,24.2,225.0,1.3,,22.3,2012-08-26 00:00:00,54,2012-06-30 17:00:00,,,180.0,7.5,,32.3,2012-08-26 00:00:00,22.60,5.3,2.7,0.0
2012-08-27,28.5,30.7,30.4,29.4,30.9,26.5,87,24.2,90.0,1.7,,24.0,2012-08-27 00:00:00,54,2012-06-30 17:00:00,,,180.0,7.5,,33.1,2012-08-27 00:00:00,22.60,2.3,0.9,16.0
2012-08-28,28.5,30.7,30.4,29.4,30.9,27.2,90,24.2,360.0,2.4,,25.0,2012-08-28 00:00:00,54,2012-06-30 17:00:00,,,180.0,7.5,,29.5,2012-08-28 00:00:00,22.60,0.0,1.9,4.5
2012-08-29,28.5,30.7,30.4,29.4,30.9,27.2,88,24.2,112.5,1.7,,24.9,2012-08-29 00:00:00,54,2012-06-30 17:00:00,,,180.0,7.5,,31.5,2012-08-29 00:00:00,22.60,2.5,3.4,4.5
2012-08-30,28.5,30.7,30.4,29.4,30.9,27.7,83,24.2,225.0,2.0,,24.7,2012-08-30 00:00:00,54,2012-06-30 17:00:00,,,180.0,7.5,,32.5,2012-08-30 00:00:00,22.60,6.9,3.2,8.0
2012-08-31,28.5,30.7,30.4,29.4,30.9,26.9,83,24.2,247.5,1.9,,24.6,2012-08-31 00:00:00,54,2012-06-30 17:00:00,,,180.0,7.5,,31.8,2012-08-31 00:00:00,22.60,3.7,0.7,0.0
2012-09-01,28.5,30.7,30.4,29.4,30.9,26.9,83,24.2,247.5,1.9,,24.6,2012-08-31 00:00:00,54,2012-06-30 17:00:00,,,180.0,7.5,,31.8,2012-08-31 00:00:00,22.60,3.7,0.7,0.0
2012-09-02,28.5,30.7,30.4,29.4,30.9,26.9,83,24.2,247.5,1.9,,24.6,2012-08-31 00:00:00,54,2012-06-30 17:00:00,,,180.0,7.5,,31.8,2012-08-31 00:00:00,22.60,3.7,0.7,0.0
2012-09-03,28.5,30.7,30.4,29.4,30.9,26.9,83,24.2,247.5,1.9,,24.6,2012-08-31 00:00:00,54,2012-06-30 17:00:00,,,180.0,7.5,,31.8,2012-08-31 00:00:00,22.60,3.7,0.7,0.0
2012-09-04,28.5,30.7,30.4,29.4,30.9,26.9,83,24.2,247.5,1.9,,24.6,2012-08-31 00:00:00,54,2012-06-30 17:00:00,,,180.0,7.5,,31.8,2012-08-31 00:00:00,22.60,3.7,0.7,0.0
2012-09-05,28.5,30.7,30.4,29.4,30.9,26.9,83,24.2,247.5,1.9,,24.6,2012-08-31 00:00:00,54,2012-06-30 17:00:00,,,180.0,7.5,,31.8,2012-08-31 00:00:00,22.60,3.7,0.7,0.0
2012-09-06,28.5,30.7,30.4,29.4,30.9,26.9,83,24.2,247.5,1.9,,24.6,2012-08-31 00:00:00,54,2012-06-30 17:00:00,,,180.0,7.5,,31.8,2012-08-31 00:00:00,22.60,3.7,0.7,0.0
2012-09-07,28.5,30.7,30.4,29.4,30.9,26.9,83,24.2,247.5,1.9,,24.6,2012-08-31 00:00:00,54,2012-06-30 17:00:00,,,180.0,7.5,,31.8,2012-08-31 00:00:00,22.60,3.7,0.7,0.0
2012-09-08,28.5,30.7,30.4,29.4,30.9,26.9,83,24.2,247.5,1.9,,24.6,2012-08-31 00:00:00,54,2012-06-30 17:00:00,,,180.0,7.5,,31.8,2012-08-31 00:00:00,22.60,3.7,0.7,0.0
2012-09-09,28.5,30.7,30.4,29.4,30.9,26.9,83,24.2,247.5,1.9,,24.6,2012-08-31 00:00:00,54,2012-06-30 17:00:00,,,180.0,7.5,,31.8,2012-08-31 00:00:00,22.60,3.7,0.7,0.0
2012-09-10,28.5,30.7,30.4,29.4,30.9,26.9,83,24.2,247.5,1.9,,24.6,2012-08-31 00:00:00,54,2012-06-30 17:00:00,,,180.0,7.5,,31.8,2012-08-31 00:00:00,22.60,3.7,0.7,0.0
2012-09-11,28.5,30.7,30.4,29.4,30.9,26.9,83,24.2,247.5,1.9,,24.6,2012-08-31 00:00:00,54,2012-06-30 17:00:00,,,180.0,7.5,,31.8,2012-08-31 00:00:00,22.60,3.7,0.7,0.0
2012-09-12,28.5,30.7,30.4,29.4,30.9,26.9,83,24.2,247.5,1.9,,24.6,2012-08-31 00:00:00,54,2012-06-30 17:00:00,,,180.0,7.5,,31.8,2012-08-31 00:00:00,22.60,3.7,0.7,0.0
2012-09-13,28.5,30.7,30.4,29.4,30.9,26.9,83,24.2,247.5,1.9,,24.6,2012-08-31 00:00:00,54,2012-06-30 17:00:00,,,180.0,7.5,,31.8,2012-08-31 00:00:00,22.60,3.7,0.7,0.0
2012-09-14,28.5,30.7,30.4,29.4,30.9,26.9,83,24.2,247.5,1.9,,24.6,2012-08-31 00:00:00,54,2012-06-30 17:00:00,,,180.0,7.5,,31.8,2012-08-31 00:00:00,22.60,3.7,0.7,0.0
2012-09-15,28.5,30.7,30.4,29.4,30.9,26.9,83,24.2,247.5,1.9,,24.6,2012-08-31 00:00:00,54,2012-06-30 17:00:00,,,180.0,7.5,,31.8,2012-08-31 00:00:00,22.60,3.7,0.7,0.0
2012-09-16,28.5,30.7,30.4,29.4,30.9,26.9,83,24.2,247.5,1.9,,24.6,2012-08-31 00:00:00,54,2012-06-30 17:00:00,,,180.0,7.5,,31.8,2012-08-31 00:00:00,22.60,3.7,0.7,0.0
2012-09-17,28.5,30.7,30.4,29.4,30.9,26.9,83,24.2,247.5,1.9,,24.6,2012-08-31 00:00:00,54,2012-06-30 17:00:00,,,180.0,7.5,,31.8,2012-08-31 00:00:00,22.60,3.7,0.7,0.0
2012-09-18,28.5,30.7,30.4,29.4,30.9,26.9,83,24.2,247.5,1.9,,24.6,2012-08-31 00:00:00,54,2012-06-30 17:00:00,,,180.0,7.5,,31.8,2012-08-31 00:00:00,22.60,3.7,0.7,0.0
2012-09-19,28.5,30.7,30.4,29.4,30.9,26.9,83,24.2,247.5,1.9,,24.6,2012-08-31 00:00:00,54,2012-06-30 17:00:00,,,180.0,7.5,,31.8,2012-08-31 00:00:00,22.60,3.7,0.7,0.0
2012-09-20,28.5,30.7,30.4,29.4,30.9,26.9,83,24.2,247.5,1.9,,24.6,2012-08-31 00:00:00,54,2012-06-30 17:00:00,,,180.0,7.5,,31.8,2012-08-31 00:00:00,22.60,3.7,0.7,0.0
2012-09-21,28.5,30.7,30.4,29.4,30.9,26.9,83,24.2,247.5,1.9,,24.6,2012-08-31 00:00:00,54,2012-06-30 17:00:00,,,180.0,7.5,,31.8,2012-08-31 00:00:00,22.60,3.7,0.7,0.0
2012-09-22,28.5,30.7,30.4,29.4,30.9,26.9,83,24.2,247.5,1.9,,24.6,2012-08-31 00:00:00,54,2012-06-30 17:00:00,,,180.0,7.5,,31.8,2012-08-31 00:00:00,22.60,3.7,0.7,0.0
2012-09-23,28.5,30.7,30.4,29.4,30.9,26.9,83,24.2,247.5,1.9,,24.6,2012-08-31 00:00:00,54,2012-06-30 17:00:00,,,180.0,7.5,,31.8,2012-08-31 00:00:00,22.60,3.7,0.7,0.0
2012-09-24,28.5,30.7,30.4,29.4,30.9,26.9,83,24.2,247.5,1.9,,24.6,2012-08-31 00:00:00,54,2012-06-30 17:00:00,,,180.0,7.5,,31.8,2012-08-31 00:00:00,22.60,3.7,0.7,0.0
2012-09-25,28.5,30.7,30.4,29.4,30.9,26.9,83,24.2,247.5,1.9,,24.6,2012-08-31 00:00:00,54,2012-06-30 17:00:00,,,180.0,7.5,,31.8,2012-08-31 00:00:00,22.60,3.7,0.7,0.0
2012-09-26,28.5,30.7,30.4,29.4,30.9,26.9,83,24.2,247.5,1.9,,24.6,2012-08-31 00:00:00,54,2012-06-30 17:00:00,,,180.0,7.5,,31.8,2012-08-31 00:00:00,22.60,3.7,0.7,0.0
2012-09-27,28.5,30.7,30.4,29.4,30.9,26.9,83,24.2,247.5,1.9,,24.6,2012-08-31 00:00:00,54,2012-06-30 17:00:00,,,180.0,7.5,,31.8,2012-08-31 00:00:00,22.60,3.7,0.7,0.0
2012-09-28,28.5,30.7,30.4,29.4,30.9,26.9,83,24.2,247.5,1.9,,24.6,2012-08-31 00:00:00,54,2012-06-30 17:00:00,,,180.0,7.5,,31.8,2012-08-31 00:00:00,22.60,3.7,0.7,0.0
2012-09-29,28.5,30.7,30.4,29.4,30.9,26.9,83,24.2,247.5,1.9,,24.6,2012-08-31 00:00:00,54,2012-06-30 17:00:00,,,180.0,7.5,,31.8,2012-08-31 00:00:00,22.60,3.7,0.7,0.0
2012-09-30,28.5,30.7,30.4,29.4,30.9,26.9,83,24.2,247.5,1.9,,24.6,2012-08-31 00:00:00,54,2012-06-30 17:00:00,,,180.0,7.5,,31.8,2012-08-31 00:00:00,22.60,3.7,0.7,0.0
2012-10-01,28.5,30.7,30.4,29.4,30.9,24.6,77,24.2,270.0,1.1,,19.6,2012-10-01 00:00:00,54,2012-06-30 17:00:00,,,180.0,7.5,,30.4,2012-10-01 00:00:00,22.60,9.2,3.3,0.0
2012-10-02,28.5,30.7,30.4,29.4,30.9,24.6,74,24.2,360.0,1.6,,19.9,2012-10-02 00:00:00,54,2012-06-30 17:00:00,,,180.0,7.5,,30.6,2012-10-02 00:00:00,22.60,9.4,3.9,0.0
2012-10-03,28.5,30.7,30.4,29.4,30.9,23.7,76,24.2,337.5,1.7,,18.5,2012-10-03 00:00:00,54,2012-06-30 17:00:00,,,180.0,7.5,,30.3,2012-10-03 00:00:00,22.60,9.6,4.0,0.0
2012-10-04,28.5,30.7,30.4,29.4,30.9,23.7,78,24.2,202.5,1.2,,18.2,2012-10-04 00:00:00,54,2012-06-30 17:00:00,,,180.0,7.5,,29.7,2012-10-04 00:00:00,22.60,7.8,2.9,0.0
2012-10-05,28.5,30.7,30.4,29.4,30.9,24.2,76,24.2,270.0,1.2,,19.3,2012-10-05 00:00:00,54,2012-06-30 17:00:00,,,180.0,7.5,,30.5,2012-10-05 00:00:00,22.60,7.7,4.0,0.0
2012-10-06,28.5,30.7,30.4,29.4,30.9,25.4,75,24.2,360.0,1.7,,21.6,2012-10-06 00:00:00,54,2012-06-30 17:00:00,,,180.0,7.5,,30.6,2012-10-06 00:00:00,22.60,5.0,3.2,0.0
2012-10-07,28.5,30.7,30.4,29.4,30.9,25.0,78,24.2,292.5,1.4,,20.7,2012-10-07 00:00:00,54,2012-06-30 17:00:00,,,180.0,7.5,,30.6,2012-10-07 00:00:00,22.60,6.2,2.8,0.0
2012-10-08,28.5,30.7,30.4,29.4,30.9,24.7,79,24.2,180.0,1.5,,20.8,2012-10-08 00:00:00,54,2012-06-30 17:00:00,,,180.0,7.5,,29.3,2012-10-08 00:00:00,22.60,4.4,2.1,0.0
2012-10-09,28.5,30.7,30.4,29.4,30.9,24.2,77,24.2,360.0,2.0,,20.7,2012-10-09 00:00:00,54,2012-06-30 17:00:00,,,180.0,7.5,,29.3,2012-10-09 00:00:00,22.60,1.8,2.7,0.0
2012-10-10,28.5,30.7,30.4,29.4,30.9,24.0,76,24.2,360.0,2.3,,19.4,2012-10-10 00:00:00,54,2012-06-30 17:00:00,,,180.0,7.5,,29.6,2012-10-10 00:00:00,22.60,8.6,3.6,0.0
2012-10-11,28.5,30.7,30.4,29.4,30.9,24.3,73,24.2,360.0,1.9,,19.8,2012-10-11 00:00:00,54,2012-06-30 17:00:00,,,180.0,7.5,,30.9,2012-10-11 00:00:00,22.60,8.4,3.3,0.0
2012-10-12,28.5,30.7,30.4,29.4,30.9,23.4,73,24.2,360.0,2.0,,19.2,2012-10-12 00:00:00,54,2012-06-30 17:00:00,,,180.0,7.5,,30.2,2012-10-12 00:00:00,22.60,9.2,3.4,0.0
2012-10-13,28.5,30.7,30.4,29.4,30.9,23.9,74,24.2,360.0,1.7,,18.8,2012-10-13 00:00:00,54,2012-06-30 17:00:00,,,180.0,7.5,,29.9,2012-10-13 00:00:00,22.60,6.4,3.2,0.0
2012-10-14,28.5,30.7,30.4,29.4,30.9,23.9,80,24.2,360.0,1.7,,19.1,2012-10-14 00:00:00,54,2012-06-30 17:00:00,,,180.0,7.5,,30.4,2012-10-14 00:00:00,22.60,9.1,3.8,0.0
2012-10-15,28.5,30.7,30.4,29.4,30.9,24.2,77,24.2,360.0,2.1,,20.5,2012-10-15 00:00:00,54,2012-06-30 17:00:00,,,180.0,7.5,,30.4,2012-10-15 00:00:00,22.60,8.4,3.6,0.0
2012-10-16,28.5,30.7,30.4,29.4,30.9,23.9,77,24.2,360.0,2.0,,19.5,2012-10-16 00:00:00,54,2012-06-30 17:00:00,,,180.0,7.5,,30.1,2012-10-16 00:00:00,22.60,6.1,4.1,0.0
2012-10-17,28.5,30.7,30.4,29.4,30.9,23.4,79,24.2,360.0,2.1,,19.5,2012-10-17 00:00:00,54,2012-06-30 17:00:00,,,180.0,7.5,,29.6,2012-10-17 00:00:00,22.60,7.4,3.4,0.0
2012-10-18,28.5,30.7,30.4,29.4,30.9,22.4,73,24.2,360.0,2.0,,18.2,2012-10-18 00:00:00,54,2012-06-30 17:00:00,,,180.0,7.5,,28.4,2012-10-18 00:00:00,22.60,3.7,2.9,0.0
2012-10-19,28.5,30.7,30.4,29.4,30.9,22.3,75,24.2,247.5,1.2,,16.4,2012-10-19 00:00:00,54,2012-06-30 17:00:00,,,180.0,7.5,,29.4,2012-10-19 00:00:00,22.60,9.7,3.1,0.0
2012-10-20,28.5,30.7,30.4,29.4,30.9,22.8,77,24.2,292.5,1.2,,19.1,2012-10-20 00:00:00,54,2012-06-30 17:00:00,,,180.0,7.5,,28.3,2012-10-20 00:00:00,22.60,5.2,2.1,0.0
2012-10-21,28.5,30.7,30.4,29.4,30.9,22.9,77,24.2,315.0,1.2,,17.8,2012-10-21 00:00:00,54,2012-06-30 17:00:00,,,180.0,7.5,,29.4,2012-10-21 00:00:00,22.60,8.0,2.8,0.0
2012-10-22,28.5,30.7,30.4,29.4,30.9,23.5,74,24.2,360.0,1.6,,17.7,2012-10-22 00:00:00,54,2012-06-30 17:00:00,,,180.0,7.5,,30.2,2012-10-22 00:00:00,22.60,9.7,3.5,0.0
2012-10-23,28.5,30.7,30.4,29.4,30.9,23.6,78,24.2,337.5,1.3,,17.8,2012-10-23 00:00:00,54,2012-06-30 17:00:00,,,180.0,7.5,,30.2,2012-10-23 00:00:00,22.60,7.9,3.0,0.0
2012-10-24,28.5,30.7,30.4,29.4,30.9,24.9,77,24.2,225.0,1.3,,20.3,2012-10-24 00:00:00,54,2012-06-30 17:00:00,,,180.0,7.5,,30.4,2012-10-24 00:00:00,22.60,8.7,3.2,0.0
2012-10-25,28.5,30.7,30.4,29.4,30.9,24.7,80,24.2,315.0,0.9,,19.9,2012-10-25 00:00:00,54,2012-06-30 17:00:00,,,180.0,7.5,,30.7,2012-10-25 00:00:00,22.60,6.3,2.9,0.0
2012-10-26,28.5,30.7,30.4,29.4,30.9,25.6,82,24.2,337.5,1.1,,21.6,2012-10-26 00:00:00,54,2012-06-30 17:00:00,,,180.0,7.5,,31.3,2012-10-26 00:00:00,22.60,6.2,2.7,0.0
2012-10-27,28.5,30.7,30.4,29.4,30.9,25.5,85,24.2,292.5,0.9,,22.6,2012-10-27 00:00:00,54,2012-06-30 17:00:00,,,180.0,7.5,,29.4,2012-10-27 00:00:00,22.60,6.2,1.6,0.0
2012-10-28,28.5,30.7,30.4,29.4,30.9,25.9,85,24.2,270.0,1.1,,23.1,2012-10-28 00:00:00,54,2012-06-30 17:00:00,,,180.0,7.5,,30.6,2012-10-28 00:00:00,22.60,3.6,1.8,0.0
2012-10-29,28.5,30.7,30.4,29.4,30.9,26.1,81,24.2,292.5,1.2,,22.5,2012-10-29 00:00:00,54,2012-06-30 17:00:00,,,180.0,7.5,,30.6,2012-10-29 00:00:00,22.60,4.7,1.8,0.0
2012-10-30,28.5,30.7,30.4,29.4,30.9,24.9,79,24.2,360.0,2.5,,22.5,2012-10-30 00:00:00,54,2012-06-30 17:00:00,,,180.0,7.5,,28.6,2012-10-30 00:00:00,22.60,4.7,1.8,0.0
2012-10-31,28.5,30.7,30.4,29.4,30.9,21.4,88,24.2,360.0,2.8,,19.0,2012-10-31 00:00:00,54,2012-06-30 17:00:00,,,180.0,7.5,,23.5,2012-10-31 00:00:00,22.60,4.7,0.9,1.0
2012-11-01,28.5,30.7,30.4,29.4,30.9,21.2,81,24.2,360.0,1.9,,18.2,2012-10-31 00:00:00,54,2012-06-30 17:00:00,,,180.0,7.5,,25.5,2012-10-31 00:00:00,22.60,3.6,1.7,0.0
2012-11-02,28.5,30.7,30.4,29.4,30.9,22.0,83,24.2,360.0,0.9,,18.4,2012-10-31 00:00:00,54,2012-06-30 17:00:00,,,180.0,7.5,,27.3,2012-10-31 00:00:00,22.60,1.5,1.1,0.0
2012-11-03,28.5,30.7,30.4,29.4,30.9,23.3,81,24.2,292.5,1.0,,19.2,2012-10-31 00:00:00,54,2012-06-30 17:00:00,,,180.0,7.5,,29.2,2012-10-31 00:00:00,22.60,5.5,2.0,0.0
2012-11-04,28.5,30.7,30.4,29.4,30.9,23.7,81,24.2,360.0,2.1,,19.9,2012-10-31 00:00:00,54,2012-06-30 17:00:00,,,180.0,7.5,,29.4,2012-10-31 00:00:00,22.60,6.6,2.7,0.0
2012-11-05,28.5,30.7,30.4,29.4,30.9,22.8,83,24.2,360.0,1.6,,19.6,2012-10-31 00:00:00,54,2012-06-30 17:00:00,,,180.0,7.5,,27.6,2012-10-31 00:00:00,22.60,2.7,2.1,0.0
2012-11-06,28.5,30.7,30.4,29.4,30.9,22.4,79,24.2,315.0,1.4,,18.2,2012-10-31 00:00:00,54,2012-06-30 17:00:00,,,180.0,7.5,,28.6,2012-10-31 00:00:00,22.60,5.8,2.7,0.0
2012-11-07,28.5,30.7,30.4,29.4,30.9,21.4,81,24.2,247.5,1.2,,16.3,2012-10-31 00:00:00,54,2012-06-30 17:00:00,,,180.0,7.5,,28.1,2012-10-31 00:00:00,22.60,8.5,2.3,0.0
2012-11-08,28.5,30.7,30.4,29.4,30.9,22.3,79,24.2,315.0,1.1,,17.5,2012-10-31 00:00:00,54,2012-06-30 17:00:00,,,180.0,7.5,,29.0,2012-10-31 00:00:00,22.60,8.5,2.5,0.0
2012-11-09,28.5,30.7,30.4,29.4,30.9,23.8,76,24.2,360.0,1.4,,18.8,2012-10-31 00:00:00,54,2012-06-30 17:00:00,,,180.0,7.5,,30.3,2012-10-31 00:00:00,22.60,9.0,3.0,0.0
2012-11-10,28.5,30.7,30.4,29.4,30.9,24.7,79,24.2,247.5,1.0,,19.2,2012-10-31 00:00:00,54,2012-06-30 17:00:00,,,180.0,7.5,,31.4,2012-10-31 00:00:00,22.60,7.6,2.3,0.0
2012-11-11,28.5,30.7,30.4,29.4,30.9,24.3,74,24.2,22.5,2.7,,20.7,2012-11-11 00:00:00,54,2012-06-30 17:00:00,,,180.0,7.5,,30.1,2012-11-11 00:00:00,22.60,9.3,4.4,0.0
2012-11-12,28.5,30.7,30.4,29.4,30.9,22.9,77,24.2,360.0,1.6,,18.6,2012-11-12 00:00:00,54,2012-06-30 17:00:00,,,180.0,7.5,,28.7,2012-11-12 00:00:00,22.60,6.8,5.4,0.0
2012-11-13,28.5,30.7,30.4,29.4,30.9,23.4,76,24.2,360.0,2.2,,19.0,2012-11-13 00:00:00,54,2012-06-30 17:00:00,,,180.0,7.5,,29.9,2012-11-13 00:00:00,22.60,9.4,2.9,0.0
2012-11-14,28.5,30.7,30.4,29.4,30.9,22.8,82,24.2,315.0,0.9,,17.6,2012-11-14 00:00:00,54,2012-06-30 17:00:00,,,180.0,7.5,,29.4,2012-11-14 00:00:00,22.60,7.1,2.3,0.0
2012-11-15,28.5,30.7,30.4,29.4,30.9,23.9,81,24.2,360.0,1.0,,19.1,2012-11-15 00:00:00,54,2012-06-30 17:00:00,,,180.0,7.5,,29.8,2012-11-15 00:00:00,22.60,7.2,2.3,0.0
2012-11-16,28.5,30.7,30.4,29.4,30.9,23.4,83,24.2,270.0,1.0,,18.5,2012-11-16 00:00:00,54,2012-06-30 17:00:00,,,180.0,7.5,,29.8,2012-11-16 00:00:00,22.60,7.5,2.2,1.0
2012-11-17,28.5,30.7,30.4,29.4,30.9,20.3,98,24.2,360.0,2.3,,18.1,2012-11-17 00:00:00,54,2012-06-30 17:00:00,,,180.0,7.5,,22.2,2012-11-17 00:00:00,22.60,0.0,9.8,77.5
2012-11-18,28.5,30.7,30.4,29.4,30.9,18.4,97,24.2,360.0,2.3,,17.3,2012-11-18 00:00:00,54,2012-06-30 17:00:00,,,180.0,7.5,,19.8,2012-11-18 00:00:00,22.60,0.0,2.2,0.5
2012-11-19,28.5,30.7,30.4,29.4,30.9,20.5,88,24.2,360.0,1.7,,17.2,2012-11-19 00:00:00,54,2012-06-30 17:00:00,,,180.0,7.5,,26.4,2012-11-19 00:00:00,22.60,7.4,1.5,0.0
2012-11-20,28.5,30.7,30.4,29.4,30.9,21.6,87,24.2,22.5,1.0,,17.8,2012-11-20 00:00:00,54,2012-06-30 17:00:00,,,180.0,7.5,,26.3,2012-11-20 00:00:00,22.60,1.0,1.3,0.0
2012-11-21,28.5,30.7,30.4,29.4,30.9,23.2,86,24.2,270.0,0.9,,19.1,2012-11-21 00:00:00,54,2012-06-30 17:00:00,,,180.0,7.5,,28.1,2012-11-21 00:00:00,22.60,1.8,3.4,0.0
2012-11-22,28.5,30.7,30.4,29.4,30.9,25.2,88,24.2,225.0,1.7,,21.9,2012-11-22 00:00:00,54,2012-06-30 17:00:00,,,180.0,7.5,,30.6,2012-11-22 00:00:00,22.60,8.8,2.7,3.0
2012-11-23,28.5,30.7,30.4,29.4,30.9,23.0,91,24.2,360.0,1.8,,18.9,2012-11-23 00:00:00,54,2012-06-30 17:00:00,,,180.0,7.5,,29.7,2012-11-23 00:00:00,22.60,3.5,5.7,12.5
2012-11-24,28.5,30.7,30.4,29.4,30.9,21.0,87,24.2,360.0,1.5,,18.3,2012-11-24 00:00:00,54,2012-06-30 17:00:00,,,180.0,7.5,,25.4,2012-11-24 00:00:00,22.60,1.5,1.1,0.0
2012-11-25,28.5,30.7,30.4,29.4,30.9,23.4,84,24.2,225.0,1.1,,19.6,2012-11-25 00:00:00,54,2012-06-30 17:00:00,,,180.0,7.5,,29.0,2012-11-25 00:00:00,22.60,8.5,2.1,0.0
2012-11-26,28.5,30.7,30.4,29.4,30.9,22.6,85,24.2,360.0,2.4,,16.8,2012-11-26 00:00:00,54,2012-06-30 17:00:00,,,180.0,7.5,,30.2,2012-11-26 00:00:00,22.60,4.4,2.7,0.0
2012-11-27,28.5,30.7,30.4,29.4,30.9,16.7,94,24.2,360.0,1.8,,14.6,2012-11-27 00:00:00,54,2012-06-30 17:00:00,,,180.0,7.5,,18.2,2012-11-27 00:00:00,22.60,0.0,0.4,0.0
2012-11-28,28.5,30.7,30.4,29.4,30.9,21.1,87,24.2,22.5,1.4,,17.1,2012-11-28 00:00:00,54,2012-06-30 17:00:00,,,180.0,7.5,,26.6,2012-11-28 00:00:00,22.60,5.4,1.2,0.0
2012-11-29,28.5,30.7,30.4,29.4,30.9,22.2,97,24.2,360.0,2.2,,18.5,2012-11-29 00:00:00,54,2012-06-30 17:00:00,,,180.0,7.5,,27.6,2012-11-29 00:00:00,22.60,6.7,2.2,0.0
2012-11-30,28.5,30.7,30.4,29.4,30.9,21.5,93,24.2,360.0,1.6,,18.2,2012-11-30 00:00:00,54,2012-06-30 17:00:00,,,180.0,7.5,,26.3,2012-11-30 00:00:00,22.60,2.9,0.9,1.0
2012-12-01,28.5,30.7,30.4,29.4,30.9,22.0,93,24.2,337.5,1.7,,19.5,2012-12-01 00:00:00,54,2012-06-30 17:00:00,,,180.0,7.5,,26.2,2012-12-01 00:00:00,22.60,2.2,0.3,0.0
2012-12-02,28.5,30.7,30.4,29.4,30.9,20.7,91,24.2,360.0,2.6,,17.7,2012-12-02 00:00:00,54,2012-06-30 17:00:00,,,180.0,7.5,,23.8,2012-12-02 00:00:00,22.60,0.5,1.7,0.0
2012-12-03,28.5,30.7,30.4,29.4,30.9,19.2,84,24.2,360.0,3.2,,17.3,2012-12-03 00:00:00,54,2012-06-30 17:00:00,,,180.0,7.5,,22.0,2012-12-03 00:00:00,22.60,0.0,1.0,0.0
2012-12-04,28.5,30.7,30.4,29.4,30.9,19.2,85,24.2,247.5,1.4,,15.4,2012-12-04 00:00:00,54,2012-06-30 17:00:00,,,180.0,7.5,,24.7,2012-12-04 00:00:00,22.60,3.2,1.3,0.0
2012-12-05,28.5,30.7,30.4,29.4,30.9,17.8,92,24.2,360.0,3.2,,16.0,2012-12-05 00:00:00,54,2012-06-30 17:00:00,,,180.0,7.5,,20.0,2012-12-05 00:00:00,22.60,0.0,1.0,10.0
2012-12-06,28.5,30.7,30.4,29.4,30.9,17.8,82,24.2,360.0,1.5,,14.2,2012-12-06 00:00:00,54,2012-06-30 17:00:00,,,180.0,7.5,,22.2,2012-12-06 00:00:00,22.60,2.8,0.5,1.0
2012-12-07,28.5,30.7,30.4,29.4,30.9,18.9,81,24.2,45.0,1.4,,15.5,2012-12-07 00:00:00,54,2012-06-30 17:00:00,,,180.0,7.5,,23.1,2012-12-07 00:00:00,22.60,4.2,1.3,0.0
2012-12-08,28.5,30.7,30.4,29.4,30.9,18.7,89,24.2,360.0,2.4,,17.4,2012-12-08 00:00:00,54,2012-06-30 17:00:00,,,180.0,7.5,,20.6,2012-12-08 00:00:00,22.60,0.0,0.5,0.0
2012-12-09,28.5,30.7,30.4,29.4,30.9,17.4,89,24.2,360.0,2.3,,14.7,2012-12-09 00:00:00,54,2012-06-30 17:00:00,,,180.0,7.5,,19.9,2012-12-09 00:00:00,22.60,0.0,0.1,2.0
2012-12-10,28.5,30.7,30.4,29.4,30.9,17.5,81,24.2,315.0,1.5,,14.0,2012-12-10 00:00:00,54,2012-06-30 17:00:00,,,180.0,7.5,,23.2,2012-12-10 00:00:00,22.60,6.0,2.0,0.0
2012-12-11,28.5,30.7,30.4,29.4,30.9,17.2,82,24.2,360.0,2.3,,13.1,2012-12-11 00:00:00,54,2012-06-30 17:00:00,,,180.0,7.5,,23.0,2012-12-11 00:00:00,22.60,8.6,1.8,0.0
2012-12-12,28.5,30.7,30.4,29.4,30.9,17.6,83,24.2,337.5,1.3,,12.9,2012-12-12 00:00:00,54,2012-06-30 17:00:00,,,180.0,7.5,,24.0,2012-12-12 00:00:00,22.60,8.2,1.0,0.0
2012-12-13,28.5,30.7,30.4,29.4,30.9,19.6,81,24.2,315.0,1.3,,13.7,2012-12-13 00:00:00,54,2012-06-30 17:00:00,,,180.0,7.5,,25.2,2012-12-13 00:00:00,22.60,7.7,1.8,0.0
2012-12-14,28.5,30.7,30.4,29.4,30.9,20.8,78,24.2,22.5,1.2,,16.0,2012-12-14 00:00:00,54,2012-06-30 17:00:00,,,180.0,7.5,,28.3,2012-12-14 00:00:00,22.60,8.5,1.9,0.0
2012-12-15,28.5,30.7,30.4,29.4,30.9,21.7,79,24.2,360.0,1.2,,15.8,2012-12-15 00:00:00,54,2012-06-30 17:00:00,,,180.0,7.5,,28.3,2012-12-15 00:00:00,22.60,9.0,1.8,0.0
2012-12-16,28.5,30.7,30.4,29.4,30.9,22.1,79,24.2,360.0,1.7,,18.5,2012-12-16 00:00:00,54,2012-06-30 17:00:00,,,180.0,7.5,,28.7,2012-12-16 00:00:00,22.60,6.1,2.4,0.0
2012-12-17,28.5,30.7,30.4,29.4,30.9,20.9,83,24.2,22.5,1.8,,18.3,2012-12-17 00:00:00,54,2012-06-30 17:00:00,,,180.0,7.5,,26.1,2012-12-17 00:00:00,22.60,6.7,1.0,0.0
2012-12-18,28.5,30.7,30.4,29.4,30.9,17.8,81,24.2,22.5,3.3,,13.4,2012-12-18 00:00:00,54,2012-06-30 17:00:00,,,180.0,7.5,,24.3,2012-12-18 00:00:00,22.60,5.7,3.1,0.0
2012-12-19,28.5,30.7,30.4,29.4,30.9,16.4,73,24.2,360.0,2.5,,13.1,2012-12-19 00:00:00,54,2012-06-30 17:00:00,,,180.0,7.5,,21.3,2012-12-19 00:00:00,22.60,5.5,1.6,0.0
2012-12-20,28.5,30.7,30.4,29.4,30.9,17.9,77,24.2,360.0,1.3,,11.7,2012-12-20 00:00:00,54,2012-06-30 17:00:00,,,180.0,7.5,,25.1,2012-12-20 00:00:00,22.60,9.0,1.9,0.0
2012-12-21,28.5,30.7,30.4,29.4,30.9,19.1,80,24.2,315.0,1.2,,13.0,2012-12-21 00:00:00,54,2012-06-30 17:00:00,,,180.0,7.5,,28.2,2012-12-21 00:00:00,22.60,8.8,1.9,0.0
2012-12-22,28.5,30.7,30.4,29.4,30.9,19.8,77,24.2,360.0,2.8,,15.8,2012-12-22 00:00:00,54,2012-06-30 17:00:00,,,180.0,7.5,,26.5,2012-12-22 00:00:00,22.60,8.0,3.2,0.0
2012-12-23,28.5,30.7,30.4,29.4,30.9,14.5,74,24.2,360.0,4.4,,12.0,2012-12-23 00:00:00,54,2012-06-30 17:00:00,,,180.0,7.5,,16.4,2012-12-23 00:00:00,22.60,0.0,2.4,0.0
2012-12-24,28.5,30.7,30.4,29.4,30.9,15.7,73,24.2,360.0,1.5,,11.5,2012-12-24 00:00:00,54,2012-06-30 17:00:00,,,180.0,7.5,,21.4,2012-12-24 00:00:00,22.60,4.9,0.9,0.0
2012-12-25,28.5,30.7,30.4,29.4,30.9,18.7,75,24.2,22.5,2.2,,14.8,2012-12-25 00:00:00,54,2012-06-30 17:00:00,,,180.0,7.5,,24.4,2012-12-25 00:00:00,22.60,5.7,2.0,0.0
2012-12-26,28.5,30.7,30.4,29.4,30.9,19.0,82,24.2,225.0,1.1,,14.1,2012-12-26 00:00:00,54,2012-06-30 17:00:00,,,180.0,7.5,,26.2,2012-12-26 00:00:00,22.60,6.4,1.0,0.0
2012-12-27,28.5,30.7,30.4,29.4,30.9,19.0,87,24.2,360.0,1.8,,14.7,2012-12-27 00:00:00,54,2012-06-30 17:00:00,,,180.0,7.5,,24.7,2012-12-27 00:00:00,22.60,2.0,4.9,0.0
2012-12-28,28.5,30.7,30.4,29.4,30.9,20.6,74,24.2,360.0,3.3,,16.5,2012-12-28 00:00:00,54,2012-06-30 17:00:00,,,180.0,7.5,,27.5,2012-12-28 00:00:00,22.60,4.7,2.4,0.0
2012-12-29,28.5,30.7,30.4,29.4,30.9,20.8,81,24.2,247.5,1.4,,15.6,2012-12-29 00:00:00,54,2012-06-30 17:00:00,,,180.0,7.5,,27.4,2012-12-29 00:00:00,22.60,8.3,1.9,0.0
2012-12-30,28.5,30.7,30.4,29.4,30.9,12.8,81,24.2,22.5,5.5,,9.5,2012-12-30 00:00:00,54,2012-06-30 17:00:00,,,180.0,7.5,,19.3,2012-12-30 00:00:00,22.60,0.0,5.0,10.5
2012-12-31,28.5,30.7,30.4,29.4,30.9,11.4,70,24.2,360.0,2.6,,8.8,2012-12-31 00:00:00,54,2012-06-30 17:00:00,,,180.0,7.5,,15.8,2012-12-31 00:00:00,22.60,2.1,1.1,0.0
