日期,平均地溫0cm(℃),平均地溫100cm(℃),平均地溫10cm(℃),平均地溫20cm(℃),平均地溫50cm(℃),平均地溫5cm(℃),平均氣壓(hPa),平均氣溫(℃),平均相對溼度( %),平均露點溫度(℃),平均風向(°),平均風速(ms),日最低氣壓(hPa),日最高氣壓(hPa),最低氣壓時間,最低氣溫(℃),最低氣溫時間,最低相對溼度( %),最低相對溼度時間,最大六十分鐘降水量(mm),最大六十分鐘降水量起始時間,最大十分鐘降水量(mm),最大十分鐘降水量起始時間,最大陣風風向(°),最大陣風風速(ms),最高氣壓時間,最高氣溫(℃),最高氣溫時間,海平面氣壓(hPa),累積日射量(MJm2),累積日照時數(hr),累計雨量(mm)
2019-01-01,,,,,,,,,,,,,,,,,,,,,,,,,,,,,,,,
2019-01-02,,,,,,,,,,,,,,,,,,,,,,,,,,,,,,,,
2019-01-03,19.4,21.8,19.7,19.9,20.6,19.5,950.9,17.9,91,16.4,90.0,0.5,949.8,952.8,2019-01-03 15:15:00,14.9,2019-01-03 23:52:00,69,2019-01-03 16:44:00,1.0,2019-01-03 00:00:00,0.5,2019-01-03 00:17:00,200.0,2.7,2019-01-03 09:33:00,22.1,2019-01-03 15:00:00,1028.8,8.26,8.2,2.0
2019-01-04,20.5,21.7,20.1,20.1,20.7,20.1,950.2,18.3,86,15.7,280.0,0.7,948.3,952.3,2019-01-04 15:05:00,12.2,2019-01-04 06:29:00,53,2019-01-04 12:05:00,0.0,2019-01-04 00:00:00,0.0,2019-01-04 00:00:00,250.0,5.7,2019-01-04 09:24:00,25.2,2019-01-04 12:09:00,1028.0,15.92,8.5,0.0
2019-01-05,20.7,21.7,20.7,20.7,20.9,20.6,948.8,19.6,86,17.0,130.0,0.6,947.6,950.1,2019-01-05 15:02:00,15.5,2019-01-05 06:48:00,64,2019-01-05 13:37:00,0.0,2019-01-05 00:00:00,0.0,2019-01-05 00:00:00,50.0,5.1,2019-01-05 00:02:00,24.3,2019-01-05 12:41:00,1026.4,8.63,5.0,0.0
2019-01-06,21.2,21.7,20.9,20.8,21.0,20.9,948.2,19.2,87,17.0,250.0,0.4,946.4,949.7,2019-01-06 13:16:00,16.0,2019-01-06 05:09:00,63,2019-01-06 12:47:00,0.0,2019-01-06 00:00:00,0.0,2019-01-06 00:00:00,240.0,4.2,2019-01-06 09:39:00,24.5,2019-01-06 14:29:00,1025.8,10.78,7.8,0.0
2019-01-07,20.1,21.7,20.5,20.8,21.2,20.2,948.3,18.8,85,16.0,250.0,0.5,946.7,949.6,2019-01-07 14:30:00,15.0,2019-01-07 06:51:00,58,2019-01-07 10:42:00,0.0,2019-01-07 00:00:00,0.0,2019-01-07 00:00:00,260.0,4.1,2019-01-07 08:56:00,24.7,2019-01-07 11:44:00,1025.9,9.04,5.9,0.0
2019-01-08,20.4,21.8,20.3,20.5,21.2,20.1,948.2,19.3,81,15.7,240.0,0.6,945.7,950.0,2019-01-08 15:07:00,13.5,2019-01-08 07:09:00,51,2019-01-08 12:39:00,0.0,2019-01-08 00:00:00,0.0,2019-01-08 00:00:00,250.0,4.5,2019-01-08 08:28:00,25.3,2019-01-08 11:59:00,1025.8,12.04,8.3,0.0
2019-01-09,21.0,21.8,21.0,21.0,21.2,20.9,949.0,19.0,84,16.1,290.0,0.6,947.2,950.7,2019-01-09 14:37:00,15.1,2019-01-09 05:26:00,58,2019-01-09 13:05:00,0.0,2019-01-09 00:00:00,0.0,2019-01-09 00:00:00,280.0,4.7,2019-01-09 09:23:00,25.0,2019-01-09 13:15:00,1026.6,13.14,8.5,0.0
2019-01-10,21.3,21.8,21.2,21.1,21.3,21.1,948.0,19.6,82,16.0,260.0,0.7,946.1,949.8,2019-01-10 14:15:00,15.8,2019-01-10 23:38:00,50,2019-01-10 12:24:00,0.0,2019-01-10 00:00:00,0.0,2019-01-10 00:00:00,220.0,5.3,2019-01-10 08:34:00,26.1,2019-01-10 12:22:00,1025.5,13.16,8.4,0.0
2019-01-11,20.2,21.8,20.5,20.8,21.4,20.3,947.1,18.7,83,15.5,260.0,0.7,944.6,948.7,2019-01-11 14:24:00,13.3,2019-01-11 06:27:00,53,2019-01-11 12:24:00,0.0,2019-01-11 00:00:00,0.0,2019-01-11 00:00:00,230.0,5.1,2019-01-11 08:47:00,25.5,2019-01-11 12:23:00,1024.6,11.81,7.7,0.0
2019-01-12,19.8,21.8,20.1,20.6,21.3,19.8,946.7,18.4,84,15.5,230.0,0.7,945.0,948.1,2019-01-12 14:22:00,13.1,2019-01-12 07:13:00,48,2019-01-12 12:07:00,0.0,2019-01-12 00:00:00,0.0,2019-01-12 00:00:00,250.0,5.9,2019-01-12 08:28:00,25.1,2019-01-12 12:03:00,1024.2,10.21,6.5,0.0
2019-01-13,20.0,21.9,20.4,20.7,21.2,20.1,946.2,18.7,81,15.0,290.0,0.5,944.4,948.3,2019-01-13 14:48:00,14.9,2019-01-13 23:53:00,48,2019-01-13 12:20:00,0.0,2019-01-13 00:00:00,0.0,2019-01-13 00:00:00,60.0,3.5,2019-01-13 09:02:00,24.6,2019-01-13 11:30:00,1023.7,9.34,7.3,0.0
2019-01-14,19.6,21.8,20.0,20.5,21.2,19.7,945.5,18.5,76,13.6,240.0,0.7,943.4,947.4,2019-01-14 14:58:00,14.4,2019-01-14 06:17:00,44,2019-01-14 13:19:00,0.0,2019-01-14 00:00:00,0.0,2019-01-14 00:00:00,240.0,4.4,2019-01-14 08:51:00,24.6,2019-01-14 13:16:00,1022.9,10.55,8.7,0.0
2019-01-15,20.2,21.8,20.2,20.5,21.2,20.0,945.8,18.3,80,14.7,250.0,0.9,944.1,947.6,2019-01-15 14:33:00,14.0,2019-01-15 06:10:00,47,2019-01-15 13:13:00,0.0,2019-01-15 00:00:00,0.0,2019-01-15 00:00:00,260.0,6.1,2019-01-15 08:33:00,25.0,2019-01-15 12:55:00,1023.3,11.52,7.8,0.0
2019-01-16,19.0,21.8,19.9,20.5,21.2,19.4,945.9,17.0,93,15.8,150.0,0.4,943.7,947.4,2019-01-16 14:56:00,14.9,2019-01-16 18:53:00,71,2019-01-16 12:48:00,1.0,2019-01-16 16:53:00,0.5,2019-01-16 16:56:00,280.0,3.6,2019-01-16 23:54:00,20.6,2019-01-16 12:44:00,1023.3,4.01,3.2,2.0
2019-01-17,18.5,21.8,19.5,20.1,21.1,19.0,947.1,15.8,93,14.6,280.0,0.6,946.0,948.2,2019-01-17 04:52:00,12.0,2019-01-17 23:19:00,71,2019-01-17 15:59:00,0.5,2019-01-17 00:45:00,0.5,2019-01-17 01:35:00,250.0,4.5,2019-01-18 00:00:00,20.2,2019-01-17 13:57:00,1024.7,8.52,7.8,1.0
2019-01-18,18.8,21.8,19.4,19.9,21.0,19.0,948.1,15.2,85,12.5,260.0,0.6,946.1,949.9,2019-01-18 14:46:00,11.2,2019-01-18 07:22:00,54,2019-01-18 10:55:00,0.0,2019-01-18 00:00:00,0.0,2019-01-18 00:00:00,350.0,4.1,2019-01-18 09:14:00,21.0,2019-01-18 13:28:00,1025.8,14.32,8.2,0.0
2019-01-19,18.3,21.8,19.0,19.7,20.9,18.6,947.7,15.8,85,13.0,350.0,0.5,946.0,949.1,2019-01-19 14:23:00,12.2,2019-01-19 00:35:00,45,2019-01-19 11:13:00,0.5,2019-01-19 17:24:00,0.5,2019-01-19 18:14:00,350.0,4.5,2019-01-19 09:03:00,22.0,2019-01-19 12:51:00,1025.4,9.72,5.6,0.5
2019-01-20,18.8,21.7,19.4,19.9,20.8,19.0,946.6,16.9,88,14.9,160.0,0.9,944.9,948.3,2019-01-20 14:01:00,15.1,2019-01-20 00:16:00,60,2019-01-20 13:48:00,1.5,2019-01-20 14:55:00,0.5,2019-01-20 15:02:00,150.0,5.1,2019-01-20 09:04:00,22.2,2019-01-20 13:42:00,1024.2,7.31,5.9,2.0
2019-01-21,17.9,21.7,19.0,19.7,20.8,18.4,946.5,15.7,93,14.6,150.0,0.6,944.9,948.0,2019-01-21 15:28:00,13.4,2019-01-21 23:53:00,68,2019-01-21 16:00:00,1.0,2019-01-21 08:25:00,0.5,2019-01-21 03:24:00,230.0,4.5,2019-01-21 20:58:00,19.9,2019-01-21 15:46:00,1024.1,5.80,6.5,3.0
2019-01-22,18.2,21.6,18.9,19.5,20.7,18.5,946.5,13.6,92,12.4,280.0,0.8,944.6,947.8,2019-01-22 14:22:00,11.1,2019-01-22 22:33:00,69,2019-01-22 14:22:00,0.0,2019-01-22 00:00:00,0.0,2019-01-22 00:00:00,240.0,7.1,2019-01-22 08:12:00,19.0,2019-01-22 14:22:00,1024.1,12.74,6.9,0.0
2019-01-23,17.5,21.6,18.4,19.1,20.5,17.9,946.3,13.9,82,10.5,280.0,0.6,945.1,948.0,2019-01-23 15:18:00,8.9,2019-01-23 07:05:00,49,2019-01-23 12:24:00,0.0,2019-01-23 00:00:00,0.0,2019-01-23 00:00:00,250.0,4.7,2019-01-23 09:26:00,20.6,2019-01-23 12:30:00,1023.9,13.76,8.8,0.0
2019-01-24,17.5,21.5,18.1,18.8,20.4,17.7,946.9,14.2,79,10.2,290.0,0.7,945.1,948.0,2019-01-24 14:08:00,8.3,2019-01-24 07:06:00,41,2019-01-24 13:14:00,0.0,2019-01-24 00:00:00,0.0,2019-01-24 00:00:00,260.0,6.7,2019-01-24 09:21:00,22.9,2019-01-24 13:17:00,1024.5,17.20,8.6,0.0
2019-01-25,16.4,21.4,17.4,18.3,20.1,16.8,948.1,14.0,74,8.4,290.0,0.6,946.0,949.7,2019-01-25 14:53:00,7.2,2019-01-25 06:47:00,29,2019-01-25 13:48:00,0.0,2019-01-25 00:00:00,0.0,2019-01-25 00:00:00,360.0,6.6,2019-01-25 08:52:00,23.1,2019-01-25 14:24:00,1025.8,16.50,9.1,0.0
2019-01-26,17.2,21.3,17.3,18.0,19.9,17.0,948.4,14.1,73,8.5,260.0,0.7,946.2,949.7,2019-01-26 14:56:00,7.0,2019-01-26 06:48:00,35,2019-01-26 14:02:00,0.0,2019-01-26 00:00:00,0.0,2019-01-26 00:00:00,230.0,6.9,2019-01-26 09:48:00,21.8,2019-01-26 12:59:00,1026.1,18.09,8.8,0.0
2019-01-27,16.8,21.2,17.8,18.4,19.7,17.3,949.4,14.1,79,10.3,250.0,0.6,947.9,951.6,2019-01-27 14:48:00,9.3,2019-01-28 00:00:00,49,2019-01-27 12:24:00,0.0,2019-01-27 00:00:00,0.0,2019-01-27 00:00:00,250.0,6.9,2019-01-27 09:36:00,20.2,2019-01-27 13:26:00,1027.2,9.93,7.0,0.0
2019-01-28,16.3,21.1,17.6,18.2,19.6,17.0,948.6,12.9,77,8.3,270.0,0.6,946.8,950.3,2019-01-28 15:17:00,6.9,2019-01-28 06:11:00,34,2019-01-28 13:55:00,0.0,2019-01-28 00:00:00,0.0,2019-01-28 00:00:00,280.0,6.0,2019-01-28 09:20:00,21.4,2019-01-28 13:55:00,1026.4,16.09,8.9,0.0
2019-01-29,17.0,21.0,17.1,17.7,19.4,16.8,948.8,14.4,74,9.1,310.0,0.6,946.4,950.4,2019-01-29 14:28:00,6.7,2019-01-29 06:31:00,38,2019-01-29 13:27:00,0.0,2019-01-29 00:00:00,0.0,2019-01-29 00:00:00,50.0,5.4,2019-01-29 08:49:00,23.4,2019-01-29 14:06:00,1026.6,18.32,9.0,0.0
2019-01-30,18.1,20.9,18.2,18.4,19.4,18.0,948.8,15.9,73,10.4,310.0,0.5,946.8,951.1,2019-01-30 15:55:00,10.8,2019-01-30 06:53:00,39,2019-01-30 12:57:00,0.0,2019-01-30 00:00:00,0.0,2019-01-30 00:00:00,220.0,6.0,2019-01-30 09:35:00,23.2,2019-01-30 13:19:00,1026.6,17.20,9.0,0.0
2019-01-31,17.8,20.8,17.9,18.3,19.4,17.7,947.6,16.8,74,11.5,340.0,0.5,946.2,950.1,2019-01-31 15:13:00,9.7,2019-01-31 03:08:00,34,2019-01-31 13:30:00,0.0,2019-01-31 00:00:00,0.0,2019-01-31 00:00:00,280.0,6.8,2019-01-31 09:45:00,25.8,2019-01-31 13:37:00,1025.2,12.48,8.7,0.0
2019-02-01,17.9,20.7,18.1,18.5,19.4,17.9,948.2,16.6,81,13.2,30.0,0.4,946.8,949.7,2019-02-01 04:38:00,11.3,2019-02-01 03:14:00,60,2019-02-01 15:54:00,0.0,2019-02-01 00:00:00,0.0,2019-02-01 00:00:00,250.0,3.4,2019-02-01 10:16:00,21.1,2019-02-01 14:26:00,1025.8,8.70,8.0,0.0
2019-02-02,18.4,20.6,18.7,18.9,19.5,18.5,946.6,16.6,82,13.1,260.0,0.7,944.5,948.8,2019-02-02 15:44:00,11.2,2019-02-02 06:39:00,52,2019-02-02 12:01:00,0.0,2019-02-02 00:00:00,0.0,2019-02-02 00:00:00,250.0,5.5,2019-02-02 09:44:00,23.5,2019-02-02 13:07:00,1024.2,14.10,9.0,0.0
2019-02-03,20.0,20.6,19.1,19.0,19.6,19.3,946.6,18.3,79,13.9,270.0,1.0,945.0,948.4,2019-02-03 15:24:00,10.2,2019-02-03 06:12:00,30,2019-02-03 12:18:00,0.0,2019-02-03 00:00:00,0.0,2019-02-03 00:00:00,280.0,9.3,2019-02-03 09:10:00,28.0,2019-02-03 13:18:00,1024.1,17.24,8.7,0.0
2019-02-04,20.5,20.6,20.2,20.0,19.8,20.2,946.5,19.2,86,16.7,250.0,0.9,944.8,948.4,2019-02-04 16:01:00,15.8,2019-02-04 06:53:00,58,2019-02-04 11:40:00,0.0,2019-02-04 00:00:00,0.0,2019-02-04 00:00:00,280.0,4.7,2019-02-04 08:59:00,24.1,2019-02-04 12:31:00,1023.9,10.54,7.8,0.0
2019-02-05,19.4,20.6,19.9,20.0,20.1,19.6,944.9,18.5,84,15.4,240.0,0.7,942.9,946.6,2019-02-05 15:37:00,14.5,2019-02-05 23:51:00,53,2019-02-05 14:46:00,0.0,2019-02-05 00:00:00,0.0,2019-02-05 00:00:00,270.0,4.6,2019-02-05 09:41:00,22.4,2019-02-05 15:37:00,1022.2,5.71,6.0,0.0
2019-02-06,20.2,20.7,19.8,19.8,20.1,19.8,943.5,18.0,78,13.4,250.0,1.0,941.1,946.0,2019-02-06 15:12:00,10.4,2019-02-06 06:49:00,29,2019-02-06 12:56:00,0.0,2019-02-06 00:00:00,0.0,2019-02-06 00:00:00,260.0,7.3,2019-02-06 01:10:00,26.2,2019-02-06 12:47:00,1020.8,19.66,9.1,0.0
2019-02-07,20.1,20.7,20.0,20.0,20.2,19.8,944.5,18.2,72,12.0,250.0,0.9,941.9,947.0,2019-02-07 15:02:00,10.8,2019-02-07 06:30:00,33,2019-02-07 16:17:00,0.0,2019-02-07 00:00:00,0.0,2019-02-07 00:00:00,290.0,6.2,2019-02-07 08:50:00,26.5,2019-02-07 14:46:00,1021.9,19.23,9.5,0.0
2019-02-08,19.9,20.8,19.7,19.9,20.3,19.6,944.4,17.4,74,12.1,250.0,1.2,941.8,946.2,2019-02-08 15:21:00,10.3,2019-02-08 06:28:00,36,2019-02-08 12:04:00,0.0,2019-02-08 00:00:00,0.0,2019-02-08 00:00:00,260.0,7.6,2019-02-08 22:27:00,25.8,2019-02-08 12:36:00,1021.8,19.03,8.7,0.0
2019-02-09,19.1,20.8,19.4,19.8,20.3,19.1,946.8,17.7,76,13.1,260.0,0.8,945.2,948.4,2019-02-09 15:54:00,11.8,2019-02-09 06:17:00,50,2019-02-09 11:07:00,0.0,2019-02-09 00:00:00,0.0,2019-02-09 00:00:00,40.0,4.0,2019-02-09 22:06:00,23.3,2019-02-09 11:08:00,1024.4,11.36,8.7,0.0
2019-02-10,18.7,20.9,19.2,19.6,20.3,18.8,949.5,17.5,80,13.8,290.0,0.4,947.2,951.6,2019-02-10 02:42:00,12.0,2019-02-10 07:04:00,57,2019-02-10 12:47:00,0.0,2019-02-10 00:00:00,0.0,2019-02-10 00:00:00,350.0,3.5,2019-02-10 23:07:00,22.5,2019-02-10 11:48:00,1027.2,7.92,5.5,0.0
2019-02-11,20.9,20.9,20.4,20.2,20.2,20.4,950.7,19.3,71,13.4,240.0,1.1,949.0,951.8,2019-02-11 14:02:00,13.6,2019-02-11 23:39:00,35,2019-02-11 11:41:00,0.0,2019-02-11 00:00:00,0.0,2019-02-11 00:00:00,250.0,7.6,2019-02-11 21:55:00,27.1,2019-02-11 12:15:00,1028.5,20.65,9.4,0.0
2019-02-12,20.6,20.9,20.2,20.3,20.4,20.2,950.8,18.5,75,13.3,260.0,0.9,948.7,952.2,2019-02-12 15:34:00,11.1,2019-02-12 06:22:00,38,2019-02-12 12:30:00,0.0,2019-02-12 00:00:00,0.0,2019-02-12 00:00:00,290.0,6.2,2019-02-12 08:41:00,27.0,2019-02-12 12:30:00,1028.7,19.60,9.2,0.0
2019-02-13,20.0,20.9,20.2,20.3,20.5,20.0,949.6,18.5,78,14.2,250.0,0.8,947.2,951.8,2019-02-13 15:05:00,12.3,2019-02-13 06:30:00,45,2019-02-13 11:44:00,0.0,2019-02-13 00:00:00,0.0,2019-02-13 00:00:00,250.0,7.7,2019-02-13 00:05:00,25.6,2019-02-13 11:43:00,1027.4,14.63,8.4,0.0
2019-02-14,21.5,21.0,21.0,20.7,20.6,21.1,948.8,19.7,78,15.5,270.0,0.9,946.6,950.7,2019-02-14 14:22:00,15.0,2019-02-14 06:50:00,49,2019-02-14 12:13:00,0.0,2019-02-14 00:00:00,0.0,2019-02-14 00:00:00,260.0,5.8,2019-02-14 09:29:00,26.6,2019-02-14 13:22:00,1026.5,16.71,9.0,0.0
2019-02-15,20.3,21.0,20.6,20.7,20.8,20.3,948.3,18.8,78,14.4,270.0,0.6,946.3,950.2,2019-02-15 14:24:00,13.0,2019-02-15 06:11:00,40,2019-02-15 11:57:00,0.0,2019-02-15 00:00:00,0.0,2019-02-15 00:00:00,320.0,5.4,2019-02-15 09:05:00,25.5,2019-02-15 11:56:00,1026.0,12.92,6.5,0.0
2019-02-16,20.4,21.1,20.5,20.6,20.8,20.3,946.8,18.0,81,14.5,250.0,0.9,944.1,949.2,2019-02-16 14:20:00,12.4,2019-02-16 06:05:00,43,2019-02-16 12:37:00,0.0,2019-02-16 00:00:00,0.0,2019-02-16 00:00:00,240.0,7.7,2019-02-16 09:00:00,26.2,2019-02-16 13:46:00,1024.3,17.04,8.4,0.0
2019-02-17,20.6,21.1,20.8,20.8,20.9,20.6,945.8,18.5,78,14.1,250.0,1.0,943.6,947.6,2019-02-17 15:16:00,13.8,2019-02-17 06:12:00,46,2019-02-17 12:01:00,0.0,2019-02-17 00:00:00,0.0,2019-02-17 00:00:00,230.0,7.2,2019-02-17 08:42:00,25.4,2019-02-17 14:37:00,1023.3,16.31,9.1,0.0
2019-02-18,20.3,21.2,20.4,20.7,20.9,20.2,944.5,18.5,80,14.7,250.0,0.9,941.6,946.3,2019-02-18 15:45:00,13.2,2019-02-18 05:29:00,52,2019-02-18 14:22:00,0.0,2019-02-18 00:00:00,0.0,2019-02-18 00:00:00,270.0,5.4,2019-02-18 01:01:00,24.5,2019-02-18 15:37:00,1021.8,12.43,9.2,0.0
2019-02-19,19.9,21.2,20.3,20.6,21.0,20.0,947.5,19.8,74,14.6,160.0,0.5,945.3,949.5,2019-02-19 03:43:00,16.0,2019-02-19 05:53:00,42,2019-02-19 15:38:00,0.0,2019-02-19 00:00:00,0.0,2019-02-19 00:00:00,80.0,3.9,2019-02-19 21:57:00,26.1,2019-02-19 15:31:00,1025.0,6.83,6.0,0.0
2019-02-20,21.4,21.2,20.9,20.8,20.9,20.9,948.6,20.0,79,15.9,270.0,0.9,946.6,950.2,2019-02-20 15:50:00,13.3,2019-02-20 06:49:00,44,2019-02-20 13:15:00,0.0,2019-02-20 00:00:00,0.0,2019-02-20 00:00:00,240.0,6.9,2019-02-20 09:26:00,28.3,2019-02-20 13:21:00,1026.2,17.83,9.7,0.0
2019-02-21,21.0,21.3,21.2,21.2,21.1,21.0,946.7,19.2,84,16.3,260.0,1.0,944.7,949.3,2019-02-21 18:55:00,15.2,2019-02-21 07:02:00,54,2019-02-21 12:15:00,0.0,2019-02-21 00:00:00,0.0,2019-02-21 00:00:00,240.0,7.0,2019-02-21 00:01:00,25.4,2019-02-21 12:35:00,1024.1,13.12,9.5,0.0
2019-02-22,21.6,21.3,21.4,21.3,21.2,21.4,944.9,19.3,80,15.5,260.0,1.1,942.4,947.0,2019-02-22 14:55:00,15.3,2019-02-22 02:28:00,41,2019-02-22 12:05:00,0.0,2019-02-22 00:00:00,0.0,2019-02-22 00:00:00,230.0,7.0,2019-02-22 08:54:00,26.7,2019-02-22 12:36:00,1022.2,16.20,8.3,0.0
2019-02-23,19.6,21.4,20.5,21.0,21.3,20.0,944.0,16.9,89,15.1,270.0,0.6,941.9,945.4,2019-02-23 14:46:00,15.0,2019-02-23 06:24:00,65,2019-02-23 10:05:00,0.0,2019-02-23 00:00:00,0.0,2019-02-23 00:00:00,280.0,6.2,2019-02-23 06:27:00,22.1,2019-02-23 11:47:00,1021.3,6.86,4.9,0.0
2019-02-24,18.4,21.4,19.5,20.3,21.2,19.0,943.6,16.1,96,15.6,280.0,0.6,941.9,945.0,2019-02-24 14:40:00,15.2,2019-02-24 16:43:00,84,2019-02-24 11:38:00,4.5,2019-02-24 16:58:00,1.5,2019-02-24 17:05:00,240.0,5.0,2019-02-24 09:32:00,19.2,2019-02-24 12:00:00,1020.9,3.26,3.0,10.0
2019-02-25,20.0,21.4,20.2,20.4,21.0,20.0,944.3,18.0,86,15.4,280.0,0.6,942.7,946.8,2019-02-25 15:00:00,14.3,2019-02-25 23:18:00,55,2019-02-25 17:10:00,0.0,2019-02-25 00:00:00,0.0,2019-02-25 00:00:00,230.0,4.8,2019-02-25 23:43:00,23.4,2019-02-25 14:10:00,1021.6,13.51,8.9,0.0
2019-02-26,19.7,21.4,20.0,20.4,21.0,19.8,945.3,17.7,82,14.3,50.0,0.6,943.7,947.4,2019-02-26 18:02:00,12.0,2019-02-26 06:15:00,54,2019-02-26 16:22:00,0.0,2019-02-26 00:00:00,0.0,2019-02-26 00:00:00,30.0,3.9,2019-02-26 09:19:00,24.2,2019-02-26 16:08:00,1022.7,15.58,8.9,0.0
2019-02-27,21.0,21.4,20.8,20.7,21.0,20.7,944.2,18.9,82,15.4,340.0,0.8,941.4,946.4,2019-02-27 16:15:00,14.4,2019-02-27 00:31:00,56,2019-02-27 12:52:00,0.0,2019-02-27 00:00:00,0.0,2019-02-27 00:00:00,30.0,5.0,2019-02-27 08:16:00,25.2,2019-02-27 12:52:00,1021.5,18.11,8.8,0.0
2019-02-28,21.1,21.4,21.1,21.1,21.1,21.0,943.9,19.7,81,16.1,240.0,0.9,941.9,945.6,2019-02-28 14:58:00,15.0,2019-02-28 06:50:00,52,2019-02-28 11:11:00,0.0,2019-02-28 00:00:00,0.0,2019-02-28 00:00:00,240.0,5.8,2019-02-28 23:22:00,25.2,2019-02-28 12:56:00,1021.1,13.30,8.8,0.0
2019-03-01,21.7,21.4,21.6,21.5,21.3,21.5,944.7,19.9,81,16.2,240.0,1.1,943.2,946.1,2019-03-01 14:49:00,15.4,2019-03-01 06:37:00,49,2019-03-01 12:08:00,0.0,2019-03-01 00:00:00,0.0,2019-03-01 00:00:00,240.0,7.6,2019-03-01 07:40:00,27.0,2019-03-01 12:07:00,1022.0,17.14,8.9,0.0
2019-03-02,21.6,21.5,21.6,21.6,21.4,21.5,942.1,19.4,81,15.7,280.0,0.9,939.9,944.3,2019-03-02 14:38:00,14.9,2019-03-02 06:37:00,48,2019-03-02 11:51:00,0.0,2019-03-02 00:00:00,0.0,2019-03-02 00:00:00,250.0,6.8,2019-03-02 00:01:00,26.4,2019-03-02 12:44:00,1019.2,17.04,7.9,0.0
2019-03-03,19.1,21.5,20.3,21.0,21.5,19.7,940.4,16.6,92,15.1,170.0,0.7,938.5,942.3,2019-03-03 04:49:00,12.7,2019-03-03 06:33:00,52,2019-03-03 10:30:00,8.5,2019-03-03 12:23:00,3.0,2019-03-03 12:38:00,280.0,5.8,2019-03-04 00:00:00,23.5,2019-03-03 10:24:00,1017.4,7.15,4.3,9.0
2019-03-04,20.7,21.6,20.7,20.8,21.4,20.6,942.8,17.9,80,13.9,250.0,1.1,940.9,944.8,2019-03-04 03:25:00,12.0,2019-03-04 06:38:00,43,2019-03-04 12:35:00,0.0,2019-03-04 00:00:00,0.0,2019-03-04 00:00:00,240.0,7.4,2019-03-04 21:26:00,25.0,2019-03-04 13:16:00,1020.0,23.12,9.5,0.0
2019-03-05,19.7,21.6,20.4,20.8,21.4,20.0,942.2,18.1,83,14.9,330.0,0.8,939.9,944.1,2019-03-05 14:26:00,13.5,2019-03-05 06:40:00,47,2019-03-05 15:09:00,0.5,2019-03-05 22:09:00,0.5,2019-03-05 22:59:00,20.0,4.0,2019-03-05 00:41:00,24.0,2019-03-05 12:55:00,1019.3,9.22,7.0,0.5
2019-03-06,20.7,21.6,21.0,21.1,21.3,20.8,942.7,18.5,88,16.5,270.0,1.1,939.9,944.9,2019-03-06 15:43:00,15.6,2019-03-06 23:33:00,60,2019-03-06 13:52:00,3.0,2019-03-06 02:20:00,1.0,2019-03-06 02:25:00,240.0,7.4,2019-03-06 22:32:00,25.0,2019-03-06 13:51:00,1019.9,11.76,8.0,5.5
2019-03-07,18.0,21.6,19.5,20.4,21.4,18.8,943.8,15.3,98,15.2,270.0,0.5,942.3,945.0,2019-03-07 15:26:00,14.4,2019-03-07 23:35:00,95,2019-03-07 13:10:00,4.5,2019-03-07 11:43:00,1.0,2019-03-07 11:09:00,280.0,4.9,2019-03-07 11:21:00,16.1,2019-03-07 10:22:00,1021.2,1.49,0.0,35.5
2019-03-08,17.6,21.6,18.4,19.1,20.9,18.0,944.2,15.4,97,15.0,260.0,0.6,942.4,946.5,2019-03-08 18:13:00,13.8,2019-03-08 04:53:00,81,2019-03-08 16:22:00,3.5,2019-03-08 04:19:00,1.0,2019-03-08 00:12:00,70.0,3.4,2019-03-08 09:20:00,18.4,2019-03-08 16:19:00,1021.6,4.96,5.5,24.0
2019-03-09,18.3,21.5,18.8,19.3,20.5,18.5,941.0,16.7,97,16.2,200.0,0.7,938.1,943.3,2019-03-09 16:37:00,15.2,2019-03-09 05:53:00,85,2019-03-09 14:00:00,2.0,2019-03-09 00:54:00,0.5,2019-03-09 00:20:00,250.0,5.2,2019-03-09 00:14:00,18.9,2019-03-09 13:52:00,1018.1,4.21,3.8,9.0
2019-03-10,17.6,21.3,18.5,19.0,20.3,18.0,941.7,15.9,95,15.2,190.0,0.8,939.4,943.2,2019-03-10 01:23:00,14.0,2019-03-10 06:11:00,77,2019-03-10 11:43:00,0.5,2019-03-10 02:48:00,0.5,2019-03-10 03:38:00,280.0,12.9,2019-03-10 21:58:00,18.9,2019-03-10 12:12:00,1018.9,3.70,3.3,1.0
2019-03-11,17.5,21.2,18.3,18.9,20.1,17.9,941.9,15.7,95,15.0,150.0,0.5,940.5,943.4,2019-03-11 06:22:00,14.2,2019-03-11 00:17:00,84,2019-03-11 13:18:00,0.5,2019-03-11 18:56:00,0.5,2019-03-11 19:46:00,280.0,3.7,2019-03-11 08:41:00,18.1,2019-03-11 13:17:00,1019.0,3.32,3.3,0.5
2019-03-12,20.0,21.1,19.7,19.5,20.0,19.7,943.9,17.8,79,13.7,290.0,0.8,942.3,946.5,2019-03-12 15:13:00,12.8,2019-03-12 04:31:00,49,2019-03-12 12:58:00,0.0,2019-03-12 00:00:00,0.0,2019-03-12 00:00:00,290.0,5.6,2019-03-13 00:00:00,24.2,2019-03-12 14:52:00,1021.2,20.69,8.5,0.0
2019-03-13,20.0,21.1,19.7,19.5,20.0,19.7,943.9,17.8,79,13.7,290.0,0.8,942.3,946.5,2019-03-12 15:13:00,12.8,2019-03-12 04:31:00,49,2019-03-12 12:58:00,0.0,2019-03-12 00:00:00,0.0,2019-03-12 00:00:00,290.0,5.6,2019-03-13 00:00:00,24.2,2019-03-12 14:52:00,1021.2,20.69,8.5,0.0
2019-03-14,20.3,21.0,20.8,20.5,20.4,20.6,947.1,17.5,79,13.6,320.0,0.9,944.8,949.1,2019-03-14 16:57:00,11.9,2019-03-14 03:53:00,47,2019-03-14 13:56:00,0.0,2019-03-14 00:00:00,0.0,2019-03-14 00:00:00,20.0,4.6,2019-03-14 09:12:00,24.8,2019-03-14 13:56:00,1024.7,14.25,9.3,0.0
2019-03-15,19.1,21.0,19.8,20.2,20.5,19.4,947.1,17.0,91,15.5,70.0,0.4,945.5,949.2,2019-03-15 16:24:00,15.4,2019-03-15 06:53:00,71,2019-03-15 13:45:00,0.0,2019-03-15 00:00:00,0.0,2019-03-15 00:00:00,230.0,3.4,2019-03-15 09:41:00,20.5,2019-03-15 12:59:00,1024.7,5.46,4.3,0.0
2019-03-16,19.2,21.0,19.7,20.1,20.6,19.4,946.9,17.3,92,16.1,30.0,0.5,945.4,948.6,2019-03-16 14:22:00,15.7,2019-03-16 05:53:00,72,2019-03-16 10:29:00,0.0,2019-03-16 00:00:00,0.0,2019-03-16 00:00:00,40.0,3.7,2019-03-16 22:15:00,20.4,2019-03-16 10:38:00,1024.5,4.50,3.8,0.0
2019-03-17,19.7,21.0,20.1,20.2,20.6,19.9,947.2,17.9,85,15.2,320.0,0.6,945.4,949.0,2019-03-17 16:24:00,14.5,2019-03-17 23:57:00,58,2019-03-17 12:32:00,0.0,2019-03-17 00:00:00,0.0,2019-03-17 00:00:00,320.0,4.2,2019-03-17 10:06:00,23.6,2019-03-17 12:21:00,1024.8,9.28,5.5,0.0
2019-03-18,19.8,21.1,20.1,20.3,20.6,19.9,945.5,18.3,84,15.3,330.0,0.6,943.5,947.5,2019-03-18 17:03:00,13.8,2019-03-18 05:09:00,56,2019-03-18 15:37:00,0.0,2019-03-18 00:00:00,0.0,2019-03-18 00:00:00,20.0,3.7,2019-03-18 00:05:00,24.2,2019-03-18 15:36:00,1022.9,10.76,7.3,0.0
2019-03-19,21.4,21.1,21.0,20.8,20.7,21.1,944.2,20.3,79,15.9,300.0,0.8,941.7,946.3,2019-03-19 15:35:00,13.6,2019-03-19 06:04:00,44,2019-03-19 12:44:00,0.0,2019-03-19 00:00:00,0.0,2019-03-19 00:00:00,240.0,6.1,2019-03-19 09:09:00,28.6,2019-03-19 14:57:00,1021.4,21.36,10.1,0.0
2019-03-20,21.8,21.1,21.7,21.5,21.0,21.7,943.0,20.5,83,17.2,270.0,1.0,940.6,944.9,2019-03-20 15:14:00,14.3,2019-03-20 06:54:00,52,2019-03-20 11:52:00,0.0,2019-03-20 00:00:00,0.0,2019-03-20 00:00:00,220.0,5.3,2019-03-20 00:01:00,27.2,2019-03-20 12:58:00,1020.1,19.02,9.9,0.0
2019-03-21,22.7,21.2,22.4,22.0,21.3,22.4,941.9,22.2,74,16.5,250.0,1.1,940.0,943.5,2019-03-21 14:51:00,15.0,2019-03-21 06:07:00,21,2019-03-21 11:42:00,0.0,2019-03-21 00:00:00,0.0,2019-03-21 00:00:00,250.0,6.8,2019-03-21 22:14:00,31.0,2019-03-21 11:37:00,1018.9,22.20,10.1,0.0
2019-03-22,22.4,21.3,22.4,22.3,21.6,22.3,942.7,21.1,79,17.0,270.0,0.9,940.8,944.2,2019-03-22 15:25:00,15.5,2019-03-22 06:25:00,47,2019-03-22 09:52:00,0.0,2019-03-22 00:00:00,0.0,2019-03-22 00:00:00,280.0,6.8,2019-03-22 23:53:00,26.7,2019-03-22 14:07:00,1019.8,16.56,9.3,0.0
2019-03-23,21.1,21.4,21.8,22.1,21.8,21.4,944.8,18.3,96,17.8,300.0,0.5,943.2,946.2,2019-03-23 03:31:00,15.9,2019-03-24 00:00:00,81,2019-03-23 14:40:00,0.0,2019-03-23 00:00:00,0.0,2019-03-23 00:00:00,280.0,6.6,2019-03-23 09:36:00,21.3,2019-03-23 14:48:00,1022.1,3.83,3.1,0.0
2019-03-24,19.5,21.5,20.6,21.2,21.8,20.1,945.4,16.5,99,16.3,360.0,0.5,944.2,946.8,2019-03-24 16:56:00,15.5,2019-03-24 01:30:00,90,2019-03-24 13:21:00,0.0,2019-03-24 00:00:00,0.0,2019-03-24 00:00:00,110.0,3.7,2019-03-24 10:43:00,17.4,2019-03-24 13:10:00,1022.8,2.76,1.7,0.0
2019-03-25,19.1,21.6,20.1,20.7,21.6,19.6,945.6,16.3,97,15.9,330.0,0.5,943.1,947.1,2019-03-25 03:02:00,14.0,2019-03-26 00:00:00,81,2019-03-25 09:28:00,0.0,2019-03-25 00:00:00,0.0,2019-03-25 00:00:00,240.0,3.4,2019-03-25 10:56:00,18.9,2019-03-25 09:36:00,1023.1,4.11,2.9,0.0
2019-03-26,19.9,21.6,20.5,20.7,21.3,20.1,946.9,18.5,80,14.5,320.0,0.6,945.2,948.3,2019-03-26 03:13:00,10.9,2019-03-26 06:20:00,48,2019-03-26 12:33:00,0.0,2019-03-26 00:00:00,0.0,2019-03-26 00:00:00,20.0,5.2,2019-03-26 09:15:00,26.6,2019-03-26 14:35:00,1024.4,21.94,10.5,0.0
2019-03-27,21.7,21.6,21.6,21.5,21.4,21.5,946.2,20.0,82,16.4,290.0,0.7,943.4,948.9,2019-03-27 15:30:00,14.9,2019-03-27 01:53:00,50,2019-03-27 14:48:00,0.0,2019-03-27 00:00:00,0.0,2019-03-27 00:00:00,270.0,6.0,2019-03-27 07:47:00,26.7,2019-03-27 14:35:00,1023.6,19.29,9.2,0.0
2019-03-28,22.5,21.6,22.3,22.0,21.6,22.3,942.0,21.2,82,17.4,270.0,0.9,939.0,944.8,2019-03-28 15:20:00,14.5,2019-03-28 05:42:00,46,2019-03-28 12:45:00,0.0,2019-03-28 00:00:00,0.0,2019-03-28 00:00:00,250.0,6.5,2019-03-28 00:01:00,28.6,2019-03-28 13:50:00,1019.1,21.68,10.1,0.0
2019-03-29,22.3,21.7,22.4,22.4,21.9,22.3,940.3,20.6,84,17.6,280.0,1.1,938.5,943.3,2019-03-29 15:51:00,15.8,2019-03-29 05:20:00,56,2019-03-29 12:17:00,0.5,2019-03-29 22:31:00,0.5,2019-03-29 23:21:00,240.0,5.7,2019-03-29 21:42:00,25.7,2019-03-29 12:21:00,1017.2,15.17,9.4,0.5
2019-03-30,22.4,21.7,22.5,22.5,22.1,22.4,942.7,20.7,84,17.8,250.0,1.1,940.1,944.6,2019-03-30 15:14:00,16.9,2019-03-30 05:54:00,59,2019-03-30 14:30:00,3.0,2019-03-30 00:00:00,2.0,2019-03-30 00:39:00,130.0,8.8,2019-03-30 23:15:00,26.1,2019-03-30 14:10:00,1019.8,14.31,9.7,6.0
2019-03-31,22.4,21.7,22.5,22.5,22.1,22.4,942.7,20.7,84,17.8,250.0,1.1,940.1,944.6,2019-03-30 15:14:00,16.9,2019-03-30 05:54:00,59,2019-03-30 14:30:00,3.0,2019-03-30 00:00:00,2.0,2019-03-30 00:39:00,130.0,8.8,2019-03-30 23:15:00,26.1,2019-03-30 14:10:00,1019.8,14.31,9.7,6.0
2019-04-01,22.4,21.7,22.5,22.5,22.1,22.4,942.7,20.7,84,17.8,250.0,1.1,940.1,944.6,2019-03-30 15:14:00,16.9,2019-03-30 05:54:00,59,2019-03-30 14:30:00,3.0,2019-03-30 00:00:00,2.0,2019-03-30 00:39:00,130.0,8.8,2019-03-30 23:15:00,26.1,2019-03-30 14:10:00,1019.8,14.31,9.7,6.0
2019-04-02,21.6,22.1,22.0,22.1,22.4,21.7,945.8,19.0,91,17.6,60.0,0.6,944.5,947.4,2019-04-02 15:46:00,16.9,2019-04-02 23:15:00,78,2019-04-02 15:36:00,0.0,2019-04-02 00:00:00,0.0,2019-04-02 00:00:00,240.0,5.3,2019-04-02 11:25:00,21.2,2019-04-02 13:08:00,1023.3,3.40,3.5,0.0
2019-04-03,21.5,22.1,21.9,22.1,22.3,21.7,945.8,19.4,87,17.2,290.0,0.6,944.0,948.1,2019-04-03 16:04:00,16.4,2019-04-03 06:27:00,58,2019-04-03 11:30:00,0.0,2019-04-03 00:00:00,0.0,2019-04-03 00:00:00,320.0,5.1,2019-04-03 09:06:00,24.7,2019-04-03 11:34:00,1023.2,11.66,8.7,0.0
2019-04-04,22.2,22.2,22.2,22.2,22.3,22.0,944.4,20.3,84,17.3,290.0,1.0,942.2,946.0,2019-04-04 15:48:00,15.0,2019-04-04 05:28:00,55,2019-04-04 11:30:00,0.0,2019-04-04 00:00:00,0.0,2019-04-04 00:00:00,250.0,5.6,2019-04-04 00:06:00,26.6,2019-04-04 13:40:00,1021.7,16.20,9.7,0.0
2019-04-05,22.8,22.2,22.9,22.7,22.4,22.8,942.3,21.1,85,18.2,280.0,0.8,940.3,944.8,2019-04-05 16:09:00,17.3,2019-04-05 23:55:00,56,2019-04-05 11:39:00,0.5,2019-04-05 02:34:00,0.5,2019-04-05 03:24:00,340.0,6.0,2019-04-05 00:01:00,27.2,2019-04-05 11:52:00,1019.4,14.97,10.3,0.5
2019-04-06,22.6,22.2,22.7,22.7,22.5,22.5,942.3,20.8,82,17.3,260.0,1.0,940.6,943.9,2019-04-06 16:57:00,14.8,2019-04-06 05:30:00,49,2019-04-06 10:56:00,0.0,2019-04-06 00:00:00,0.0,2019-04-06 00:00:00,250.0,7.2,2019-04-06 22:29:00,27.6,2019-04-06 10:55:00,1019.4,22.02,10.4,0.0
2019-04-07,22.5,22.3,22.7,22.8,22.6,22.5,942.3,20.7,82,17.1,300.0,0.8,941.1,943.4,2019-04-07 15:37:00,14.4,2019-04-07 05:53:00,48,2019-04-07 10:23:00,0.0,2019-04-07 00:00:00,0.0,2019-04-07 00:00:00,270.0,5.3,2019-04-07 06:54:00,27.4,2019-04-07 11:43:00,1019.4,19.26,10.2,0.0
2019-04-08,22.6,22.3,22.7,22.8,22.7,22.6,942.3,21.3,81,17.5,280.0,0.8,941.1,943.8,2019-04-08 15:43:00,15.1,2019-04-08 06:03:00,48,2019-04-08 11:04:00,0.0,2019-04-08 00:00:00,0.0,2019-04-08 00:00:00,280.0,5.7,2019-04-08 10:25:00,28.4,2019-04-08 12:57:00,1019.4,19.56,10.4,0.0
2019-04-09,22.6,22.3,22.7,22.8,22.7,22.6,942.3,21.3,81,17.5,280.0,0.8,941.1,943.8,2019-04-08 15:43:00,15.1,2019-04-08 06:03:00,48,2019-04-08 11:04:00,0.0,2019-04-08 00:00:00,0.0,2019-04-08 00:00:00,280.0,5.7,2019-04-08 10:25:00,28.4,2019-04-08 12:57:00,1019.4,19.56,10.4,0.0
2019-04-10,22.6,22.3,22.7,22.8,22.7,22.6,942.3,21.3,81,17.5,280.0,0.8,941.1,943.8,2019-04-08 15:43:00,15.1,2019-04-08 06:03:00,48,2019-04-08 11:04:00,0.0,2019-04-08 00:00:00,0.0,2019-04-08 00:00:00,280.0,5.7,2019-04-08 10:25:00,28.4,2019-04-08 12:57:00,1019.4,19.56,10.4,0.0
2019-04-11,23.7,22.5,24.0,23.9,23.2,23.8,940.9,21.6,87,19.4,260.0,0.9,939.5,943.6,2019-04-11 15:04:00,19.4,2019-04-11 23:59:00,61,2019-04-11 13:07:00,2.5,2019-04-11 14:55:00,2.5,2019-04-11 15:45:00,270.0,5.1,2019-04-11 21:32:00,26.1,2019-04-11 12:59:00,1017.8,10.10,7.8,3.0
2019-04-12,23.7,22.5,24.0,23.9,23.2,23.8,940.9,21.6,87,19.4,260.0,0.9,939.5,943.6,2019-04-11 15:04:00,19.4,2019-04-11 23:59:00,61,2019-04-11 13:07:00,2.5,2019-04-11 14:55:00,2.5,2019-04-11 15:45:00,270.0,5.1,2019-04-11 21:32:00,26.1,2019-04-11 12:59:00,1017.8,10.10,7.8,3.0
2019-04-13,22.6,22.7,23.3,23.6,23.4,22.9,944.1,20.1,90,18.4,200.0,0.7,942.1,945.7,2019-04-13 03:06:00,17.3,2019-04-13 05:43:00,68,2019-04-13 14:10:00,0.5,2019-04-13 16:38:00,0.5,2019-04-13 17:28:00,240.0,4.2,2019-04-13 20:56:00,23.7,2019-04-13 10:59:00,1021.4,7.21,6.9,0.5
2019-04-14,23.4,22.8,23.5,23.5,23.4,23.3,943.1,22.0,79,17.9,300.0,1.1,941.6,944.1,2019-04-14 16:21:00,17.5,2019-04-14 06:05:00,54,2019-04-14 13:38:00,0.0,2019-04-14 00:00:00,0.0,2019-04-14 00:00:00,250.0,7.1,2019-04-14 00:53:00,27.8,2019-04-14 13:38:00,1020.2,18.45,10.4,0.0
2019-04-15,23.4,22.8,23.5,23.5,23.4,23.3,943.1,22.0,79,17.9,300.0,1.1,941.6,944.1,2019-04-14 16:21:00,17.5,2019-04-14 06:05:00,54,2019-04-14 13:38:00,0.0,2019-04-14 00:00:00,0.0,2019-04-14 00:00:00,250.0,7.1,2019-04-14 00:53:00,27.8,2019-04-14 13:38:00,1020.2,18.45,10.4,0.0
2019-04-16,21.6,22.9,22.5,23.0,23.3,22.1,941.7,18.6,99,18.5,70.0,0.5,940.7,943.4,2019-04-16 17:47:00,17.2,2019-04-16 22:47:00,95,2019-04-16 13:26:00,4.5,2019-04-16 00:00:00,3.0,2019-04-16 00:40:00,70.0,2.9,2019-04-16 00:01:00,19.5,2019-04-16 13:30:00,1018.8,2.35,0.8,15.0
2019-04-17,21.6,22.9,22.5,23.0,23.3,22.1,941.7,18.6,99,18.5,70.0,0.5,940.7,943.4,2019-04-16 17:47:00,17.2,2019-04-16 22:47:00,95,2019-04-16 13:26:00,4.5,2019-04-16 00:00:00,3.0,2019-04-16 00:40:00,70.0,2.9,2019-04-16 00:01:00,19.5,2019-04-16 13:30:00,1018.8,2.35,0.8,15.0
2019-04-18,21.6,22.9,22.5,23.0,23.3,22.1,941.7,18.6,99,18.5,70.0,0.5,940.7,943.4,2019-04-16 17:47:00,17.2,2019-04-16 22:47:00,95,2019-04-16 13:26:00,4.5,2019-04-16 00:00:00,3.0,2019-04-16 00:40:00,70.0,2.9,2019-04-16 00:01:00,19.5,2019-04-16 13:30:00,1018.8,2.35,0.8,15.0
2019-04-19,21.8,22.9,22.6,23.0,23.2,22.2,940.5,19.4,94,18.4,230.0,1.1,937.5,942.5,2019-04-19 15:32:00,16.3,2019-04-19 07:04:00,64,2019-04-19 13:46:00,30.5,2019-04-19 15:14:00,11.5,2019-04-19 15:46:00,220.0,11.2,2019-04-19 07:27:00,26.3,2019-04-19 13:41:00,1017.5,8.42,5.9,63.0
2019-04-20,22.0,23.0,22.3,22.5,23.1,22.0,939.6,20.7,92,19.3,40.0,0.4,937.7,941.2,2019-04-20 17:06:00,17.6,2019-04-20 00:53:00,75,2019-04-20 16:12:00,16.5,2019-04-20 21:19:00,5.5,2019-04-20 21:52:00,20.0,3.3,2019-04-20 00:01:00,24.6,2019-04-20 15:56:00,1016.5,7.75,8.2,17.0
2019-04-21,22.4,22.9,22.6,22.7,23.0,22.4,940.3,21.0,95,20.1,80.0,0.6,938.9,941.9,2019-04-21 14:48:00,19.0,2019-04-21 05:04:00,73,2019-04-21 14:51:00,3.0,2019-04-21 02:46:00,1.0,2019-04-21 03:18:00,30.0,4.3,2019-04-21 22:00:00,24.4,2019-04-21 13:41:00,1017.2,6.04,5.8,5.5
2019-04-22,23.8,22.9,23.4,23.1,23.0,23.4,940.5,23.3,88,21.0,270.0,0.9,938.2,943.4,2019-04-22 15:37:00,18.7,2019-04-22 04:17:00,62,2019-04-22 10:49:00,13.5,2019-04-22 22:16:00,6.0,2019-04-22 22:56:00,250.0,5.6,2019-04-22 22:59:00,29.3,2019-04-22 15:32:00,1017.3,17.09,9.3,18.5
2019-04-23,23.8,22.9,23.4,23.1,23.0,23.4,940.5,23.3,88,21.0,270.0,0.9,938.2,943.4,2019-04-22 15:37:00,18.7,2019-04-22 04:17:00,62,2019-04-22 10:49:00,13.5,2019-04-22 22:16:00,6.0,2019-04-22 22:56:00,250.0,5.6,2019-04-22 22:59:00,29.3,2019-04-22 15:32:00,1017.3,17.09,9.3,18.5
2019-04-24,23.8,22.9,23.4,23.1,23.0,23.4,940.5,23.3,88,21.0,270.0,0.9,938.2,943.4,2019-04-22 15:37:00,18.7,2019-04-22 04:17:00,62,2019-04-22 10:49:00,13.5,2019-04-22 22:16:00,6.0,2019-04-22 22:56:00,250.0,5.6,2019-04-22 22:59:00,29.3,2019-04-22 15:32:00,1017.3,17.09,9.3,18.5
2019-04-25,24.5,23.0,24.4,24.2,23.6,24.3,940.2,23.1,80,19.1,280.0,1.1,938.4,941.8,2019-04-25 03:39:00,17.9,2019-04-25 04:02:00,47,2019-04-25 11:06:00,0.0,2019-04-25 00:00:00,0.0,2019-04-25 00:00:00,270.0,7.0,2019-04-25 20:11:00,30.0,2019-04-25 13:21:00,1017.0,25.09,10.4,0.0
2019-04-26,23.6,23.1,23.9,24.0,23.7,23.7,941.8,22.1,81,18.3,280.0,1.0,939.5,946.0,2019-04-26 03:36:00,16.5,2019-04-26 06:02:00,50,2019-04-26 11:53:00,1.5,2019-04-26 22:16:00,0.5,2019-04-26 22:25:00,130.0,14.8,2019-04-26 22:16:00,29.1,2019-04-26 14:13:00,1018.8,21.22,9.8,1.5
2019-04-27,23.8,23.2,23.9,23.9,23.7,23.8,942.8,22.8,82,19.3,260.0,0.9,940.2,944.5,2019-04-27 14:50:00,17.6,2019-04-27 03:44:00,50,2019-04-27 13:43:00,0.0,2019-04-27 00:00:00,0.0,2019-04-27 00:00:00,240.0,6.2,2019-04-27 21:54:00,29.0,2019-04-27 12:39:00,1019.8,19.01,10.3,0.0
2019-04-28,24.0,23.2,24.1,24.0,23.7,24.0,943.0,23.0,84,19.9,300.0,0.7,941.4,944.5,2019-04-28 16:41:00,18.8,2019-04-28 05:20:00,60,2019-04-28 10:38:00,0.0,2019-04-28 00:00:00,0.0,2019-04-28 00:00:00,260.0,5.1,2019-04-28 07:59:00,28.2,2019-04-28 11:15:00,1020.0,16.83,11.3,0.0
2019-04-29,23.8,23.3,23.9,24.0,23.8,23.7,941.4,23.2,82,19.8,290.0,0.7,939.0,943.1,2019-04-29 16:43:00,18.4,2019-04-29 05:53:00,59,2019-04-29 15:11:00,0.0,2019-04-29 00:00:00,0.0,2019-04-29 00:00:00,280.0,5.7,2019-04-29 10:29:00,28.1,2019-04-29 15:11:00,1018.3,15.07,10.8,0.0
2019-04-30,24.2,23.3,24.1,24.0,23.8,24.0,938.9,22.9,87,20.3,330.0,0.6,936.4,941.0,2019-04-30 16:03:00,18.2,2019-04-30 05:41:00,55,2019-04-30 11:50:00,5.0,2019-04-30 16:12:00,4.5,2019-04-30 16:45:00,270.0,4.7,2019-04-30 00:01:00,29.4,2019-04-30 13:14:00,1015.6,17.96,8.7,5.0
2019-05-01,22.6,23.4,23.2,23.6,23.8,22.8,938.7,20.5,98,20.2,190.0,0.6,937.4,940.1,2019-05-01 02:24:00,19.4,2019-05-01 23:21:00,82,2019-05-01 01:13:00,23.0,2019-05-01 07:15:00,7.0,2019-05-01 07:13:00,270.0,5.0,2019-05-01 09:30:00,22.6,2019-05-01 13:52:00,1015.5,3.06,2.7,51.5
2019-05-02,21.8,23.4,22.6,23.1,23.6,22.2,940.6,19.5,98,19.2,250.0,0.7,938.6,942.6,2019-05-02 03:19:00,17.8,2019-05-02 19:16:00,86,2019-05-02 09:29:00,11.5,2019-05-02 18:25:00,3.5,2019-05-02 14:14:00,270.0,6.1,2019-05-02 21:46:00,22.6,2019-05-02 09:20:00,1017.6,3.33,2.3,43.0
2019-05-03,21.1,23.4,21.7,22.2,23.3,21.4,942.2,19.1,98,18.8,340.0,0.5,940.7,943.7,2019-05-03 03:36:00,17.9,2019-05-03 02:14:00,90,2019-05-03 15:49:00,5.5,2019-05-03 00:38:00,2.0,2019-05-03 00:48:00,190.0,2.8,2019-05-03 10:38:00,20.8,2019-05-03 16:28:00,1019.4,4.28,4.2,15.0
2019-05-04,22.0,23.4,22.4,22.6,23.1,22.1,942.4,19.8,92,18.4,240.0,0.8,941.0,943.5,2019-05-04 16:18:00,16.3,2019-05-04 22:28:00,65,2019-05-04 13:27:00,6.5,2019-05-04 14:57:00,2.5,2019-05-04 15:09:00,260.0,7.2,2019-05-04 08:45:00,25.1,2019-05-04 13:27:00,1019.6,9.71,6.4,7.0
2019-05-05,22.2,23.3,22.4,22.6,23.1,22.2,940.3,20.0,88,17.8,330.0,0.5,937.6,942.9,2019-05-05 14:46:00,16.0,2019-05-05 05:40:00,54,2019-05-05 10:53:00,1.5,2019-05-05 18:41:00,0.5,2019-05-05 18:43:00,30.0,3.3,2019-05-05 00:01:00,25.4,2019-05-05 10:38:00,1017.3,11.70,7.2,3.5
2019-05-06,21.7,23.2,22.4,22.7,23.1,22.0,938.5,19.2,98,19.0,30.0,0.3,937.1,939.8,2019-05-06 17:41:00,18.3,2019-05-06 05:12:00,89,2019-05-06 12:41:00,6.0,2019-05-06 06:46:00,1.5,2019-05-06 06:55:00,280.0,1.8,2019-05-06 10:55:00,20.4,2019-05-06 13:48:00,1015.3,4.71,5.6,36.5
2019-05-07,21.8,23.2,22.2,22.5,23.0,21.9,938.5,19.7,97,19.3,330.0,0.4,937.1,940.0,2019-05-07 03:20:00,18.1,2019-05-07 03:35:00,89,2019-05-07 10:51:00,3.0,2019-05-07 00:49:00,1.0,2019-05-07 01:13:00,240.0,4.2,2019-05-07 22:33:00,21.8,2019-05-07 11:07:00,1015.3,5.46,3.8,16.5
2019-05-08,22.4,23.2,22.6,22.7,23.0,22.4,938.8,20.4,97,19.9,350.0,0.4,937.0,940.0,2019-05-08 16:08:00,19.0,2019-05-08 05:04:00,79,2019-05-08 14:18:00,5.5,2019-05-08 14:21:00,4.0,2019-05-08 15:03:00,280.0,5.2,2019-05-08 09:42:00,24.5,2019-05-08 14:14:00,1015.6,7.26,5.8,12.5
2019-05-09,22.8,23.1,23.0,23.0,23.0,22.8,938.0,21.1,95,20.2,40.0,0.5,936.2,939.3,2019-05-09 15:40:00,19.4,2019-05-09 03:53:00,76,2019-05-09 09:33:00,1.5,2019-05-09 19:48:00,1.0,2019-05-09 20:23:00,350.0,2.9,2019-05-09 00:08:00,24.5,2019-05-09 12:19:00,1014.7,6.66,4.6,3.5
2019-05-10,23.3,23.1,23.3,23.3,23.1,23.2,939.3,21.8,92,20.4,270.0,0.5,938.2,940.5,2019-05-10 03:09:00,18.8,2019-05-10 23:53:00,71,2019-05-10 10:58:00,4.5,2019-05-10 00:16:00,2.5,2019-05-10 00:30:00,260.0,4.7,2019-05-10 22:48:00,27.1,2019-05-10 10:57:00,1016.0,10.76,8.4,10.0
2019-05-11,24.4,23.1,24.0,23.7,23.3,24.1,940.8,23.2,83,20.0,310.0,0.7,938.7,942.4,2019-05-11 15:50:00,17.2,2019-05-11 04:40:00,59,2019-05-11 15:39:00,0.0,2019-05-11 00:00:00,0.0,2019-05-11 00:00:00,300.0,4.6,2019-05-11 08:46:00,29.3,2019-05-11 15:59:00,1017.6,20.44,10.9,0.0
2019-05-12,25.3,23.2,24.9,24.5,23.6,25.0,940.9,24.0,82,20.4,270.0,0.9,939.3,942.5,2019-05-12 15:57:00,18.4,2019-05-12 05:53:00,50,2019-05-12 11:14:00,0.0,2019-05-12 00:00:00,0.0,2019-05-12 00:00:00,260.0,5.6,2019-05-12 21:36:00,30.4,2019-05-12 11:44:00,1017.8,21.99,11.0,0.0
2019-05-13,24.7,23.2,24.9,24.8,23.9,24.8,940.8,23.5,84,20.4,310.0,0.6,938.9,942.0,2019-05-13 16:45:00,18.6,2019-05-13 05:11:00,60,2019-05-13 12:48:00,0.0,2019-05-13 00:00:00,0.0,2019-05-13 00:00:00,260.0,4.9,2019-05-13 10:04:00,28.4,2019-05-13 13:13:00,1017.6,13.18,9.8,0.0
2019-05-14,25.2,23.4,25.0,24.7,24.1,24.9,940.3,24.1,83,20.9,310.0,0.7,938.9,941.5,2019-05-14 16:21:00,18.5,2019-05-14 05:35:00,58,2019-05-14 14:49:00,0.0,2019-05-14 00:00:00,0.0,2019-05-14 00:00:00,230.0,4.5,2019-05-14 22:02:00,30.3,2019-05-14 14:49:00,1017.1,19.39,10.0,0.0
2019-05-15,25.0,23.5,25.2,25.1,24.3,25.0,940.5,23.4,90,21.4,360.0,0.5,938.9,941.8,2019-05-15 14:08:00,20.1,2019-05-15 05:45:00,59,2019-05-15 11:55:00,33.0,2019-05-15 14:09:00,10.0,2019-05-15 14:35:00,230.0,12.1,2019-05-15 09:01:00,29.5,2019-05-15 11:07:00,1017.3,15.84,9.9,33.0
2019-05-16,24.0,23.8,24.5,24.7,24.5,24.2,939.2,22.2,96,21.6,70.0,0.7,937.4,940.8,2019-05-16 16:39:00,20.7,2019-05-16 04:35:00,80,2019-05-16 09:17:00,22.5,2019-05-16 16:45:00,7.0,2019-05-16 16:44:00,320.0,5.2,2019-05-16 09:08:00,25.5,2019-05-16 09:22:00,1016.0,6.45,5.6,50.0
2019-05-17,23.4,23.9,23.9,24.2,24.4,23.6,937.8,21.6,99,21.5,120.0,0.6,936.7,939.1,2019-05-17 16:20:00,20.8,2019-05-18 00:00:00,93,2019-05-17 16:59:00,12.0,2019-05-17 10:54:00,5.5,2019-05-17 11:43:00,60.0,3.3,2019-05-17 11:06:00,22.7,2019-05-17 17:12:00,1014.5,3.75,3.2,32.0
2019-05-18,22.4,23.7,22.9,23.3,23.7,22.6,937.4,21.2,99,21.2,160.0,0.8,935.9,939.7,2019-05-18 14:27:00,20.6,2019-05-18 04:23:00,98,2019-05-18 02:19:00,51.0,2019-05-18 10:10:00,14.5,2019-05-18 10:40:00,130.0,9.5,2019-05-18 23:40:00,22.7,2019-05-18 15:02:00,1014.1,1.04,0.0,243.0
2019-05-19,23.6,23.7,23.4,23.3,23.4,23.4,939.6,22.2,98,21.8,50.0,0.6,938.3,941.0,2019-05-19 02:17:00,20.6,2019-05-19 04:54:00,65,2019-05-19 11:09:00,33.5,2019-05-19 12:31:00,13.0,2019-05-19 12:59:00,250.0,9.0,2019-05-19 13:16:00,29.1,2019-05-19 11:22:00,1016.4,13.00,7.2,41.5
2019-05-20,22.9,23.7,23.4,23.6,23.7,23.1,938.9,21.1,97,20.6,230.0,0.8,937.3,941.3,2019-05-20 16:21:00,19.4,2019-05-20 22:20:00,73,2019-05-20 10:14:00,57.5,2019-05-20 12:23:00,18.5,2019-05-20 12:58:00,20.0,9.4,2019-05-20 13:16:00,27.0,2019-05-20 10:02:00,1015.6,7.18,4.6,73.5
2019-05-21,22.9,23.7,23.1,23.3,23.7,22.9,939.4,21.2,97,20.9,330.0,0.5,938.5,941.2,2019-05-21 16:22:00,19.7,2019-05-21 00:13:00,84,2019-05-21 10:58:00,1.0,2019-05-21 11:35:00,0.5,2019-05-21 00:33:00,270.0,3.5,2019-05-21 22:14:00,23.7,2019-05-21 10:49:00,1016.2,5.24,4.8,2.5
2019-05-22,23.6,23.7,23.7,23.7,23.7,23.5,939.8,21.8,93,20.6,300.0,0.6,938.5,941.2,2019-05-22 16:30:00,19.8,2019-05-22 21:06:00,70,2019-05-22 15:07:00,10.5,2019-05-22 17:40:00,3.0,2019-05-22 18:02:00,260.0,5.5,2019-05-22 21:47:00,25.2,2019-05-22 13:59:00,1016.7,9.38,7.3,13.0
2019-05-23,22.9,23.7,23.3,23.6,23.8,23.0,941.1,20.6,97,20.1,340.0,0.4,939.6,942.4,2019-05-23 04:40:00,19.1,2019-05-23 09:55:00,86,2019-05-23 17:43:00,4.5,2019-05-23 06:09:00,2.5,2019-05-23 06:39:00,120.0,2.4,2019-05-23 11:10:00,23.1,2019-05-23 17:01:00,1018.1,4.92,4.8,7.5
2019-05-24,24.3,23.7,24.1,23.9,23.7,24.1,941.9,22.7,90,20.9,290.0,0.7,940.4,943.1,2019-05-24 16:10:00,20.3,2019-05-24 04:53:00,69,2019-05-24 11:34:00,2.0,2019-05-24 20:24:00,1.5,2019-05-24 20:49:00,250.0,5.2,2019-05-24 09:16:00,27.0,2019-05-24 11:32:00,1018.8,12.71,8.8,2.5
2019-05-25,24.8,23.7,24.8,24.6,24.0,24.7,941.1,22.8,90,21.0,230.0,0.8,939.5,942.1,2019-05-25 16:20:00,19.7,2019-05-25 05:16:00,63,2019-05-25 10:25:00,3.0,2019-05-25 14:14:00,1.0,2019-05-25 14:36:00,230.0,4.9,2019-05-25 00:01:00,27.2,2019-05-25 12:57:00,1018.0,16.78,9.9,3.0
2019-05-26,25.0,23.7,25.0,24.8,24.2,24.9,940.3,23.4,86,20.9,280.0,0.6,938.7,941.2,2019-05-26 16:07:00,19.0,2019-05-26 05:20:00,62,2019-05-26 13:22:00,0.0,2019-05-26 00:00:00,0.0,2019-05-26 00:00:00,220.0,4.3,2019-05-26 07:40:00,28.1,2019-05-26 13:22:00,1017.1,14.09,10.0,0.0
2019-05-27,24.4,23.8,24.8,24.9,24.4,24.6,940.1,22.1,95,21.3,120.0,0.5,939.0,941.2,2019-05-27 15:45:00,20.4,2019-05-27 22:19:00,68,2019-05-27 09:27:00,9.5,2019-05-27 13:51:00,5.0,2019-05-27 13:52:00,100.0,5.2,2019-05-27 22:19:00,27.6,2019-05-27 09:51:00,1017.0,8.32,4.4,18.0
2019-05-28,24.1,23.9,24.4,24.5,24.5,24.2,940.3,22.2,94,21.1,50.0,0.4,938.8,941.3,2019-05-28 16:23:00,19.8,2019-05-28 05:40:00,73,2019-05-28 10:40:00,2.5,2019-05-28 12:10:00,1.0,2019-05-28 12:38:00,200.0,2.3,2019-05-28 08:57:00,25.2,2019-05-28 10:48:00,1017.2,8.79,8.0,4.0
2019-05-29,24.4,24.0,24.6,24.6,24.4,24.4,939.9,22.5,94,21.4,60.0,0.4,938.7,941.4,2019-05-29 15:32:00,20.3,2019-05-29 03:53:00,73,2019-05-29 10:30:00,1.5,2019-05-29 13:31:00,1.0,2019-05-29 13:56:00,230.0,4.2,2019-05-29 22:13:00,26.3,2019-05-29 10:31:00,1016.7,9.63,8.0,2.0
2019-05-30,24.9,24.0,25.0,24.8,24.5,24.9,940.3,23.1,91,21.5,250.0,0.8,938.6,941.8,2019-05-30 15:34:00,20.5,2019-05-30 03:53:00,63,2019-05-30 11:47:00,2.0,2019-05-30 14:52:00,1.5,2019-05-30 15:36:00,240.0,6.1,2019-05-30 21:55:00,28.9,2019-05-30 11:47:00,1017.1,13.55,8.4,2.5
2019-05-31,25.3,24.0,25.2,25.1,24.6,25.2,939.7,23.5,88,21.3,270.0,0.8,938.1,940.9,2019-05-31 15:05:00,19.5,2019-05-31 05:13:00,61,2019-05-31 11:08:00,2.0,2019-05-31 15:17:00,0.5,2019-05-31 15:12:00,250.0,6.0,2019-05-31 00:01:00,29.1,2019-05-31 11:08:00,1016.5,17.70,10.1,3.0
2019-06-01,24.3,24.3,24.8,25.1,24.8,24.5,939.2,22.2,96,21.6,70.0,0.6,937.4,940.4,2019-06-01 16:18:00,20.9,2019-06-01 05:17:00,70,2019-06-01 11:27:00,41.0,2019-06-01 18:17:00,12.5,2019-06-01 13:47:00,120.0,4.0,2019-06-01 21:45:00,27.1,2019-06-01 11:32:00,1016.0,9.89,6.4,124.5
2019-06-02,24.8,24.4,24.5,24.5,24.7,24.5,939.2,23.8,90,22.0,350.0,0.7,937.2,940.8,2019-06-02 16:26:00,21.0,2019-06-02 06:03:00,69,2019-06-02 16:32:00,6.0,2019-06-02 03:29:00,3.0,2019-06-02 05:52:00,20.0,5.4,2019-06-02 22:50:00,28.0,2019-06-02 14:09:00,1015.9,13.55,9.0,11.5
2019-06-03,25.0,24.3,25.1,25.0,24.7,25.0,939.7,23.8,87,21.5,40.0,0.6,938.7,941.1,2019-06-03 16:09:00,20.6,2019-06-03 05:34:00,68,2019-06-03 10:40:00,0.0,2019-06-03 00:00:00,0.0,2019-06-03 00:00:00,30.0,5.2,2019-06-03 22:22:00,27.9,2019-06-03 16:17:00,1016.5,12.50,10.2,0.0
2019-06-04,23.8,24.3,24.5,24.8,24.8,24.1,941.0,21.2,95,20.4,60.0,0.5,939.2,942.6,2019-06-04 02:51:00,19.5,2019-06-05 00:00:00,75,2019-06-04 09:16:00,14.5,2019-06-04 12:23:00,4.0,2019-06-04 12:30:00,330.0,6.1,2019-06-04 12:44:00,25.9,2019-06-04 11:30:00,1017.9,6.53,5.5,28.0
2019-06-05,24.4,24.3,24.4,24.5,24.7,24.3,941.6,23.1,88,20.7,310.0,0.8,940.6,943.7,2019-06-05 01:54:00,18.1,2019-06-05 05:11:00,59,2019-06-05 12:12:00,0.5,2019-06-05 14:59:00,0.5,2019-06-05 15:49:00,220.0,6.1,2019-06-05 22:42:00,29.5,2019-06-05 11:53:00,1018.6,18.26,8.9,0.5
2019-06-06,24.4,24.3,24.6,24.8,24.7,24.4,942.4,23.0,89,20.9,270.0,0.7,941.0,943.5,2019-06-06 03:33:00,19.4,2019-06-06 05:20:00,56,2019-06-06 11:04:00,18.5,2019-06-06 14:31:00,8.0,2019-06-06 14:54:00,240.0,6.9,2019-06-06 22:18:00,30.5,2019-06-06 13:19:00,1019.4,17.43,8.5,19.0
2019-06-07,24.6,24.3,24.9,24.9,24.7,24.7,942.1,22.8,88,20.4,260.0,0.8,940.0,943.3,2019-06-07 15:34:00,18.7,2019-06-07 05:14:00,56,2019-06-07 09:55:00,4.5,2019-06-07 15:47:00,3.0,2019-06-07 15:52:00,260.0,10.4,2019-06-07 07:13:00,30.9,2019-06-07 13:54:00,1019.1,21.95,9.1,4.5
2019-06-08,24.9,24.4,25.2,25.2,24.9,25.0,940.1,23.4,87,21.1,330.0,0.6,938.2,941.8,2019-06-09 00:00:00,18.5,2019-06-08 04:36:00,59,2019-06-08 11:19:00,0.0,2019-06-08 00:00:00,0.0,2019-06-08 00:00:00,250.0,4.8,2019-06-08 09:27:00,29.9,2019-06-08 14:02:00,1016.9,17.34,9.6,0.0
2019-06-09,25.0,24.4,25.3,25.4,25.0,25.1,938.3,23.7,85,20.9,30.0,0.5,936.9,940.2,2019-06-09 17:55:00,19.1,2019-06-09 04:32:00,61,2019-06-09 10:53:00,0.0,2019-06-09 00:00:00,0.0,2019-06-09 00:00:00,270.0,4.2,2019-06-09 07:26:00,28.6,2019-06-09 12:50:00,1015.0,14.26,10.1,0.0
2019-06-10,25.0,24.5,25.4,25.5,25.1,25.2,936.6,23.1,91,21.6,70.0,0.6,935.8,937.4,2019-06-10 16:35:00,21.3,2019-06-10 23:59:00,65,2019-06-10 10:39:00,3.0,2019-06-10 16:25:00,2.0,2019-06-10 16:38:00,270.0,3.4,2019-06-10 00:06:00,27.5,2019-06-10 10:14:00,1013.1,9.21,7.6,5.5
2019-06-11,23.4,24.6,24.1,24.7,25.1,23.7,936.7,21.3,99,21.2,250.0,1.1,935.0,938.4,2019-06-11 04:56:00,20.7,2019-06-11 08:54:00,95,2019-06-11 14:53:00,28.5,2019-06-11 13:21:00,11.0,2019-06-11 13:31:00,220.0,10.4,2019-06-11 22:40:00,22.5,2019-06-11 13:21:00,1013.3,1.56,0.3,100.0
2019-06-12,22.4,24.3,22.9,23.3,24.1,22.5,937.4,21.1,99,21.0,310.0,0.7,936.2,938.5,2019-06-12 02:24:00,20.6,2019-06-12 06:53:00,98,2019-06-12 00:39:00,29.0,2019-06-12 08:17:00,11.0,2019-06-12 16:32:00,80.0,4.0,2019-06-12 11:22:00,21.5,2019-06-12 18:08:00,1014.1,1.46,0.0,200.5
2019-06-13,23.3,24.3,23.2,23.2,23.8,23.1,935.4,22.5,97,22.1,190.0,0.6,933.4,937.6,2019-06-13 15:19:00,20.9,2019-06-13 04:53:00,80,2019-06-13 13:46:00,12.0,2019-06-13 14:07:00,10.5,2019-06-13 14:56:00,280.0,8.3,2019-06-13 00:01:00,26.4,2019-06-13 14:03:00,1011.9,8.00,7.0,28.0
2019-06-14,23.7,24.1,23.7,23.7,23.8,23.6,933.0,22.9,97,22.5,250.0,1.1,931.4,935.1,2019-06-14 16:17:00,21.5,2019-06-14 03:08:00,86,2019-06-14 17:22:00,29.0,2019-06-14 04:07:00,10.5,2019-06-14 04:49:00,230.0,7.4,2019-06-14 22:09:00,25.2,2019-06-14 16:58:00,1009.3,5.30,5.3,77.5
2019-06-15,24.9,24.1,24.7,24.4,24.0,24.7,935.8,24.2,83,20.9,250.0,0.7,934.0,938.0,2019-06-15 03:29:00,20.3,2019-06-15 04:37:00,60,2019-06-15 13:35:00,0.0,2019-06-15 00:00:00,0.0,2019-06-15 00:00:00,270.0,5.4,2019-06-15 21:53:00,30.1,2019-06-15 13:35:00,1012.2,18.27,8.9,0.0
2019-06-16,25.2,24.1,25.2,25.0,24.3,25.1,938.2,23.7,85,20.7,350.0,0.8,936.4,940.8,2019-06-16 03:15:00,18.7,2019-06-16 05:20:00,50,2019-06-16 11:09:00,1.0,2019-06-16 20:11:00,0.5,2019-06-16 16:31:00,290.0,6.1,2019-06-16 22:42:00,30.5,2019-06-16 12:18:00,1014.8,21.56,9.0,2.5
2019-06-17,25.5,24.2,25.6,25.5,24.7,25.5,940.8,23.7,91,22.1,60.0,0.8,939.3,943.0,2019-06-17 15:10:00,20.3,2019-06-17 05:19:00,65,2019-06-17 13:18:00,9.0,2019-06-17 15:05:00,4.5,2019-06-17 15:35:00,230.0,5.1,2019-06-17 22:50:00,30.1,2019-06-17 13:09:00,1017.7,14.86,7.5,14.5
2019-06-18,25.6,24.3,25.8,25.7,25.0,25.6,941.3,23.8,92,22.4,350.0,0.6,940.5,942.3,2019-06-18 02:39:00,20.8,2019-06-18 03:26:00,60,2019-06-18 11:35:00,9.5,2019-06-18 13:33:00,7.0,2019-06-18 14:11:00,270.0,8.4,2019-06-18 22:03:00,30.4,2019-06-18 11:59:00,1018.2,16.29,8.7,10.5
2019-06-19,26.4,24.4,26.3,26.0,25.2,26.2,940.0,25.4,83,22.2,280.0,0.8,938.3,941.5,2019-06-19 16:30:00,20.1,2019-06-19 04:53:00,57,2019-06-19 14:18:00,0.0,2019-06-19 00:00:00,0.0,2019-06-19 00:00:00,280.0,5.7,2019-06-19 07:20:00,31.3,2019-06-19 14:00:00,1016.8,24.39,11.7,0.0
2019-06-20,26.8,24.5,26.7,26.5,25.5,26.6,938.7,25.4,83,22.1,290.0,0.9,937.2,939.6,2019-06-20 15:45:00,20.5,2019-06-20 05:01:00,59,2019-06-20 14:44:00,0.0,2019-06-20 00:00:00,0.0,2019-06-20 00:00:00,250.0,6.1,2019-06-20 08:42:00,31.5,2019-06-20 15:37:00,1015.4,22.87,11.0,0.0
2019-06-21,26.6,24.6,26.7,26.6,25.7,26.6,938.0,25.2,83,21.8,260.0,0.8,936.8,939.3,2019-06-21 15:53:00,20.9,2019-06-21 03:45:00,54,2019-06-21 11:56:00,0.0,2019-06-21 00:00:00,0.0,2019-06-21 00:00:00,280.0,5.8,2019-06-21 06:03:00,30.6,2019-06-21 13:39:00,1014.6,19.10,11.1,0.0
2019-06-22,26.0,24.7,26.3,26.4,25.9,26.1,937.0,24.8,86,22.2,70.0,0.7,935.6,938.2,2019-06-22 17:07:00,21.5,2019-06-22 01:41:00,64,2019-06-22 12:16:00,0.0,2019-06-22 00:00:00,0.0,2019-06-22 00:00:00,270.0,3.5,2019-06-22 09:21:00,28.7,2019-06-22 12:47:00,1013.6,11.92,9.8,0.0
2019-06-23,25.2,24.9,25.8,26.1,25.9,25.5,937.6,23.3,93,22.2,130.0,0.6,935.3,939.6,2019-06-23 02:54:00,21.2,2019-06-23 23:53:00,72,2019-06-23 13:07:00,18.0,2019-06-23 13:12:00,9.5,2019-06-23 13:51:00,260.0,5.1,2019-06-23 21:41:00,27.3,2019-06-23 10:08:00,1014.2,6.95,5.1,21.0
2019-06-24,23.9,25.0,24.6,25.1,25.7,24.2,939.6,21.4,98,21.1,160.0,0.8,937.1,940.9,2019-06-24 03:41:00,19.4,2019-06-24 06:11:00,89,2019-06-24 15:32:00,23.5,2019-06-24 04:55:00,9.5,2019-06-24 05:45:00,140.0,6.2,2019-06-24 21:02:00,23.6,2019-06-24 15:37:00,1016.4,6.24,7.5,33.0
2019-06-25,25.0,25.0,25.1,25.2,25.4,25.0,939.0,23.6,84,20.5,290.0,0.7,937.2,940.6,2019-06-25 14:10:00,19.2,2019-06-25 04:14:00,56,2019-06-25 11:19:00,0.5,2019-06-25 15:08:00,0.5,2019-06-25 15:58:00,260.0,10.2,2019-06-25 00:01:00,29.8,2019-06-25 10:09:00,1015.7,17.19,9.7,1.0
2019-06-26,25.3,24.9,25.4,25.5,25.4,25.2,936.0,23.4,86,20.9,310.0,0.8,934.3,938.3,2019-06-26 16:37:00,19.4,2019-06-26 05:18:00,60,2019-06-26 12:17:00,0.0,2019-06-26 00:00:00,0.0,2019-06-26 00:00:00,290.0,4.8,2019-06-26 00:01:00,28.3,2019-06-26 12:17:00,1012.5,13.72,9.2,0.0
2019-06-27,25.9,24.9,26.0,25.9,25.5,25.8,934.6,24.5,88,22.3,280.0,0.8,933.1,935.6,2019-06-27 15:56:00,21.5,2019-06-27 01:01:00,65,2019-06-27 17:22:00,0.5,2019-06-27 12:27:00,0.5,2019-06-27 13:17:00,240.0,7.9,2019-06-27 21:57:00,28.9,2019-06-27 17:10:00,1011.0,13.80,10.5,1.5
2019-06-28,27.3,24.9,26.9,26.5,25.6,26.9,934.9,26.0,85,23.0,270.0,0.9,933.1,936.2,2019-06-28 15:27:00,22.0,2019-06-28 03:45:00,56,2019-06-28 13:33:00,3.5,2019-06-28 19:41:00,2.0,2019-06-28 19:56:00,250.0,6.6,2019-06-28 22:07:00,32.5,2019-06-28 13:33:00,1011.2,21.36,10.4,4.0
2019-06-29,27.1,25.0,27.2,27.0,26.0,27.1,934.7,25.1,91,23.5,20.0,0.6,933.4,936.1,2019-06-29 04:35:00,22.4,2019-06-29 23:33:00,67,2019-06-29 13:15:00,3.5,2019-06-29 16:07:00,1.5,2019-06-29 16:28:00,250.0,5.5,2019-06-29 22:01:00,29.7,2019-06-29 12:36:00,1011.0,12.84,9.5,4.0
2019-06-30,26.9,25.1,27.1,27.0,26.2,26.9,935.1,24.7,90,22.8,280.0,0.9,933.2,936.8,2019-06-30 15:24:00,21.9,2019-06-30 02:04:00,66,2019-06-30 10:15:00,2.0,2019-06-30 17:31:00,1.5,2019-06-30 18:21:00,250.0,6.9,2019-06-30 22:05:00,30.2,2019-06-30 10:38:00,1011.5,16.49,9.2,2.5
2019-07-01,26.9,25.2,27.0,26.9,26.3,26.8,934.3,25.3,87,22.8,270.0,0.7,932.5,936.3,2019-07-01 16:04:00,20.7,2019-07-01 05:42:00,65,2019-07-01 14:47:00,0.5,2019-07-01 00:00:00,0.5,2019-07-01 00:01:00,250.0,3.4,2019-07-01 00:04:00,29.4,2019-07-01 13:41:00,1010.6,15.94,10.7,1.0
2019-07-02,26.7,25.3,27.1,27.1,26.4,26.8,934.8,24.4,93,23.3,70.0,0.8,931.8,938.2,2019-07-02 01:35:00,22.1,2019-07-02 22:48:00,71,2019-07-02 12:16:00,16.0,2019-07-02 21:25:00,6.0,2019-07-02 22:03:00,260.0,5.6,2019-07-02 22:05:00,30.0,2019-07-02 12:25:00,1011.2,12.24,7.6,25.0
2019-07-03,26.5,25.4,26.8,26.9,26.5,26.5,939.9,24.3,91,22.7,50.0,0.8,937.6,942.3,2019-07-03 02:13:00,22.2,2019-07-03 06:12:00,65,2019-07-03 16:01:00,0.5,2019-07-03 09:26:00,0.5,2019-07-03 10:16:00,60.0,5.6,2019-07-03 21:24:00,28.2,2019-07-03 15:08:00,1016.6,14.15,9.0,0.5
2019-07-04,26.5,25.5,26.9,27.0,26.5,26.6,940.5,24.2,89,22.1,40.0,0.7,938.8,941.6,2019-07-04 17:25:00,21.4,2019-07-04 04:59:00,54,2019-07-04 11:33:00,0.5,2019-07-04 13:35:00,0.5,2019-07-04 14:25:00,270.0,6.4,2019-07-04 07:21:00,30.6,2019-07-04 11:48:00,1017.3,14.51,9.6,1.0
2019-07-05,25.7,25.5,26.4,26.7,26.6,26.0,938.0,23.1,91,21.6,40.0,0.5,936.0,939.9,2019-07-05 17:32:00,20.1,2019-07-05 23:58:00,61,2019-07-05 11:09:00,3.5,2019-07-05 11:37:00,1.0,2019-07-05 11:50:00,270.0,5.6,2019-07-05 00:01:00,28.4,2019-07-05 11:20:00,1014.6,12.54,7.8,4.0
2019-07-06,25.3,25.6,25.9,26.3,26.5,25.5,936.3,23.1,91,21.6,90.0,0.6,934.9,937.6,2019-07-06 16:08:00,19.7,2019-07-06 04:05:00,68,2019-07-06 09:56:00,3.5,2019-07-06 20:48:00,2.0,2019-07-06 21:11:00,190.0,3.4,2019-07-06 21:41:00,26.9,2019-07-06 10:02:00,1012.9,8.64,7.0,4.0
2019-07-07,26.0,25.6,26.2,26.3,26.3,26.1,937.8,24.4,88,22.2,340.0,0.7,936.3,939.9,2019-07-07 03:25:00,20.6,2019-07-07 05:41:00,62,2019-07-07 15:14:00,0.0,2019-07-07 00:00:00,0.0,2019-07-07 00:00:00,270.0,6.8,2019-07-07 22:08:00,30.0,2019-07-07 13:24:00,1014.4,17.10,9.7,0.0
2019-07-08,26.3,25.6,26.6,26.6,26.3,26.4,938.8,24.8,85,21.9,310.0,0.8,937.7,939.7,2019-07-08 15:50:00,20.4,2019-07-08 04:17:00,63,2019-07-08 16:22:00,0.0,2019-07-08 00:00:00,0.0,2019-07-08 00:00:00,310.0,6.4,2019-07-08 07:01:00,29.8,2019-07-08 14:32:00,1015.5,18.54,10.9,0.0
2019-07-09,25.5,25.6,26.1,26.5,26.4,25.8,937.1,23.1,92,21.8,30.0,0.5,935.3,938.6,2019-07-09 17:37:00,19.7,2019-07-09 05:22:00,73,2019-07-09 15:49:00,1.5,2019-07-09 11:29:00,1.0,2019-07-09 11:27:00,220.0,3.1,2019-07-09 10:06:00,27.0,2019-07-09 15:48:00,1013.7,11.25,9.9,2.5
2019-07-10,25.6,25.6,26.1,26.3,26.4,25.8,937.4,23.7,91,22.0,30.0,0.8,935.6,940.2,2019-07-10 03:40:00,20.1,2019-07-10 05:22:00,62,2019-07-10 10:24:00,15.0,2019-07-10 12:49:00,11.0,2019-07-10 13:35:00,250.0,9.4,2019-07-10 22:10:00,28.9,2019-07-10 12:34:00,1014.0,15.24,9.9,17.5
2019-07-11,26.0,25.7,26.4,26.5,26.3,26.1,940.9,23.9,91,22.4,290.0,0.8,939.0,942.7,2019-07-11 03:36:00,21.1,2019-07-11 05:24:00,63,2019-07-11 12:37:00,13.0,2019-07-11 12:15:00,9.0,2019-07-11 12:48:00,250.0,11.6,2019-07-11 22:52:00,29.6,2019-07-11 12:33:00,1017.7,17.19,10.0,13.0
2019-07-12,25.9,25.7,26.3,26.5,26.4,26.1,940.5,23.9,90,22.1,320.0,0.8,938.7,942.2,2019-07-12 14:46:00,21.0,2019-07-12 03:58:00,62,2019-07-12 10:44:00,3.0,2019-07-12 14:11:00,3.0,2019-07-12 15:01:00,270.0,5.3,2019-07-12 00:39:00,29.8,2019-07-12 10:45:00,1017.3,14.25,8.0,7.0
2019-07-13,26.2,25.7,26.5,26.5,26.4,26.3,938.3,24.5,86,21.8,350.0,0.6,936.3,940.2,2019-07-13 15:49:00,19.9,2019-07-13 04:53:00,60,2019-07-13 12:39:00,0.0,2019-07-13 00:00:00,0.0,2019-07-13 00:00:00,240.0,6.0,2019-07-13 00:09:00,30.1,2019-07-13 15:15:00,1015.0,19.73,10.0,0.0
2019-07-14,26.6,25.7,26.7,26.8,26.4,26.6,937.0,25.2,84,22.1,270.0,0.9,935.5,938.0,2019-07-14 15:46:00,20.3,2019-07-14 04:36:00,58,2019-07-14 10:49:00,0.0,2019-07-14 00:00:00,0.0,2019-07-14 00:00:00,230.0,5.3,2019-07-14 21:53:00,31.1,2019-07-14 14:56:00,1013.5,21.18,11.5,0.0
2019-07-15,27.7,25.7,27.6,27.3,26.6,27.5,936.8,26.4,82,23.0,340.0,0.7,935.3,938.2,2019-07-15 16:29:00,22.4,2019-07-15 05:27:00,54,2019-07-15 15:40:00,0.0,2019-07-15 00:00:00,0.0,2019-07-15 00:00:00,280.0,4.6,2019-07-15 22:58:00,31.7,2019-07-15 15:40:00,1013.2,24.52,11.5,0.0
2019-07-16,28.0,25.8,28.1,27.9,26.9,27.9,935.7,26.4,83,23.2,270.0,0.8,933.6,937.8,2019-07-16 16:52:00,22.3,2019-07-17 00:00:00,61,2019-07-16 12:55:00,0.0,2019-07-16 00:00:00,0.0,2019-07-16 00:00:00,220.0,4.9,2019-07-16 00:10:00,31.2,2019-07-16 14:23:00,1012.0,21.15,10.2,0.0
2019-07-17,28.0,25.9,27.9,27.8,27.1,27.8,929.6,27.2,79,22.9,360.0,0.9,926.3,934.2,2019-07-17 17:06:00,19.7,2019-07-17 05:30:00,49,2019-07-17 11:29:00,0.0,2019-07-17 00:00:00,0.0,2019-07-17 00:00:00,40.0,5.1,2019-07-17 00:01:00,33.9,2019-07-17 12:01:00,1005.5,27.70,11.2,0.0
2019-07-18,26.5,26.1,27.3,27.8,27.3,26.9,928.4,24.1,96,23.6,90.0,0.4,927.1,930.2,2019-07-18 03:24:00,22.4,2019-07-18 23:53:00,82,2019-07-18 14:43:00,21.0,2019-07-18 18:17:00,5.0,2019-07-18 18:35:00,240.0,3.8,2019-07-18 21:23:00,26.7,2019-07-18 14:39:00,1004.2,4.05,4.4,61.5
2019-07-19,25.9,26.3,26.4,26.8,27.2,26.0,932.1,23.9,94,22.9,240.0,0.7,928.2,936.7,2019-07-19 04:25:00,21.0,2019-07-19 05:20:00,64,2019-07-19 10:05:00,20.0,2019-07-19 13:35:00,8.0,2019-07-19 13:35:00,240.0,5.9,2019-07-19 22:34:00,30.0,2019-07-19 10:11:00,1008.3,11.79,7.0,24.0
2019-07-20,26.0,26.3,26.4,26.7,26.9,26.1,937.8,24.3,93,23.1,40.0,0.7,936.0,940.1,2019-07-20 00:42:00,22.3,2019-07-20 05:48:00,70,2019-07-20 10:57:00,7.0,2019-07-20 14:08:00,4.5,2019-07-20 14:21:00,100.0,4.3,2019-07-20 23:18:00,27.5,2019-07-20 12:27:00,1014.4,10.24,9.7,9.5
2019-07-21,26.1,26.2,26.5,26.7,26.8,26.2,938.8,24.2,88,22.0,280.0,0.7,937.3,940.3,2019-07-21 15:52:00,21.3,2019-07-21 05:53:00,61,2019-07-21 14:22:00,1.0,2019-07-21 00:00:00,0.5,2019-07-21 00:01:00,230.0,6.5,2019-07-21 08:51:00,30.4,2019-07-21 14:24:00,1015.5,16.15,9.8,2.5
2019-07-22,25.8,26.2,26.4,26.7,26.8,26.1,938.4,23.2,89,21.2,250.0,1.0,936.5,939.6,2019-07-22 14:40:00,20.7,2019-07-22 22:53:00,59,2019-07-22 11:01:00,3.5,2019-07-22 15:25:00,1.5,2019-07-22 16:01:00,250.0,8.7,2019-07-22 08:11:00,29.6,2019-07-22 11:15:00,1015.1,14.91,7.8,6.0
2019-07-23,25.8,26.2,26.4,26.7,26.8,26.1,938.4,23.2,89,21.2,250.0,1.0,936.5,939.6,2019-07-22 14:40:00,20.7,2019-07-22 22:53:00,59,2019-07-22 11:01:00,3.5,2019-07-22 15:25:00,1.5,2019-07-22 16:01:00,250.0,8.7,2019-07-22 08:11:00,29.6,2019-07-22 11:15:00,1015.1,14.91,7.8,6.0
2019-07-24,25.7,26.2,26.1,26.4,26.6,25.8,939.1,24.0,88,21.7,300.0,0.7,937.7,940.4,2019-07-24 04:31:00,19.8,2019-07-24 05:24:00,65,2019-07-24 13:00:00,0.0,2019-07-24 00:00:00,0.0,2019-07-24 00:00:00,240.0,6.3,2019-07-24 21:47:00,28.9,2019-07-24 15:23:00,1015.8,16.04,9.1,0.0
2019-07-25,26.2,26.1,26.4,26.5,26.6,26.2,939.7,25.1,86,22.4,270.0,0.8,938.1,940.8,2019-07-25 16:14:00,20.9,2019-07-25 03:44:00,55,2019-07-25 14:49:00,0.0,2019-07-25 00:00:00,0.0,2019-07-25 00:00:00,270.0,5.6,2019-07-25 07:53:00,31.2,2019-07-25 14:49:00,1016.4,16.67,10.2,0.0
2019-07-26,26.2,26.1,26.6,26.8,26.6,26.4,938.3,24.6,88,22.5,30.0,0.7,936.0,939.6,2019-07-26 16:28:00,20.8,2019-07-26 23:30:00,61,2019-07-26 12:22:00,22.5,2019-07-26 17:30:00,12.0,2019-07-26 17:38:00,230.0,6.0,2019-07-26 07:08:00,30.5,2019-07-26 12:21:00,1014.9,15.48,9.5,27.5
2019-07-27,25.5,26.1,26.1,26.4,26.6,25.8,938.0,23.5,91,21.8,250.0,0.8,935.8,939.8,2019-07-27 14:59:00,20.0,2019-07-27 05:07:00,59,2019-07-27 13:38:00,21.0,2019-07-27 16:34:00,16.0,2019-07-27 16:40:00,250.0,6.1,2019-07-27 21:58:00,30.2,2019-07-27 13:37:00,1014.7,17.83,9.0,28.5
2019-07-28,25.8,26.1,26.1,26.3,26.6,25.8,939.2,24.0,89,21.9,60.0,0.7,937.0,940.7,2019-07-28 03:04:00,19.9,2019-07-28 05:08:00,56,2019-07-28 14:59:00,10.0,2019-07-28 15:38:00,8.0,2019-07-28 16:04:00,290.0,5.5,2019-07-28 09:55:00,30.9,2019-07-28 14:42:00,1015.9,19.44,9.0,13.5
2019-07-29,26.9,26.1,26.9,26.8,26.5,26.8,939.1,25.9,84,22.7,300.0,0.7,937.3,940.3,2019-07-29 16:49:00,21.2,2019-07-29 05:46:00,59,2019-07-29 12:01:00,0.0,2019-07-29 00:00:00,0.0,2019-07-29 00:00:00,290.0,4.0,2019-07-29 21:22:00,31.8,2019-07-29 13:56:00,1015.8,23.00,11.5,0.0
2019-07-30,27.1,26.1,27.2,27.1,26.7,27.0,938.2,25.9,83,22.5,270.0,0.8,935.9,940.1,2019-07-30 17:04:00,21.1,2019-07-30 05:53:00,54,2019-07-30 11:46:00,0.0,2019-07-30 00:00:00,0.0,2019-07-30 00:00:00,320.0,5.4,2019-07-30 00:47:00,31.6,2019-07-30 14:42:00,1014.8,21.71,11.1,0.0
2019-07-31,26.9,26.1,27.2,27.3,26.9,27.0,937.6,25.4,83,22.1,260.0,0.9,935.7,939.2,2019-07-31 15:45:00,21.6,2019-07-31 05:23:00,56,2019-07-31 10:49:00,0.0,2019-07-31 00:00:00,0.0,2019-07-31 00:00:00,250.0,8.2,2019-07-31 23:03:00,31.0,2019-07-31 11:39:00,1014.1,18.58,9.2,0.0
2019-08-01,26.0,26.2,26.7,27.0,26.9,26.3,938.0,23.7,90,21.9,270.0,0.8,936.7,939.1,2019-08-01 15:00:00,20.9,2019-08-01 22:53:00,61,2019-08-01 11:46:00,1.0,2019-08-01 15:46:00,1.0,2019-08-01 16:36:00,220.0,8.7,2019-08-01 22:10:00,29.3,2019-08-01 11:49:00,1014.7,11.81,7.8,1.0
2019-08-02,25.5,26.2,26.1,26.5,26.8,25.7,936.4,23.4,90,21.4,270.0,0.7,934.7,938.7,2019-08-02 16:04:00,20.8,2019-08-02 05:53:00,58,2019-08-02 11:27:00,22.0,2019-08-02 16:48:00,9.0,2019-08-02 17:29:00,230.0,5.6,2019-08-02 00:01:00,29.7,2019-08-02 13:15:00,1012.9,16.34,9.7,34.5
2019-08-03,25.7,26.2,26.0,26.2,26.7,25.7,934.2,24.0,87,21.6,280.0,0.6,932.7,936.0,2019-08-03 17:43:00,19.7,2019-08-03 06:01:00,64,2019-08-03 14:09:00,0.0,2019-08-03 00:00:00,0.0,2019-08-03 00:00:00,310.0,4.9,2019-08-03 00:01:00,29.8,2019-08-03 14:07:00,1010.5,17.83,9.7,0.0
2019-08-04,26.1,26.2,26.3,26.4,26.6,26.1,933.3,24.9,88,22.6,290.0,0.8,932.1,934.3,2019-08-04 15:34:00,20.6,2019-08-04 04:53:00,63,2019-08-04 10:26:00,2.0,2019-08-04 18:15:00,1.5,2019-08-04 18:48:00,240.0,5.8,2019-08-04 22:32:00,29.9,2019-08-04 15:22:00,1009.5,15.11,9.0,2.0
2019-08-05,26.4,26.2,26.6,26.6,26.6,26.4,933.4,25.3,89,23.3,230.0,0.5,932.1,934.7,2019-08-05 15:39:00,21.5,2019-08-05 05:43:00,65,2019-08-05 12:46:00,0.0,2019-08-05 00:00:00,0.0,2019-08-05 00:00:00,260.0,4.0,2019-08-05 09:30:00,30.1,2019-08-05 12:46:00,1009.6,13.92,8.6,0.0
2019-08-06,26.7,26.2,26.9,26.9,26.6,26.7,932.7,25.5,88,23.3,260.0,0.7,930.9,934.4,2019-08-06 16:09:00,22.5,2019-08-06 23:21:00,68,2019-08-06 10:00:00,0.5,2019-08-06 12:56:00,0.5,2019-08-06 13:46:00,240.0,4.8,2019-08-06 06:56:00,29.4,2019-08-06 14:33:00,1008.9,13.38,8.6,0.5
2019-08-07,26.8,26.2,26.9,26.9,26.7,26.7,929.9,25.8,84,22.7,270.0,0.8,927.2,932.2,2019-08-07 17:13:00,21.3,2019-08-07 05:42:00,57,2019-08-07 11:19:00,0.0,2019-08-07 00:00:00,0.0,2019-08-07 00:00:00,270.0,5.3,2019-08-07 00:01:00,30.8,2019-08-07 12:58:00,1005.8,20.89,9.7,0.0
2019-08-08,26.7,26.2,27.1,27.2,26.8,26.8,925.2,25.1,91,23.5,250.0,0.9,922.6,928.2,2019-08-08 19:05:00,23.0,2019-08-08 21:38:00,67,2019-08-08 12:07:00,30.5,2019-08-08 15:17:00,9.5,2019-08-08 15:21:00,120.0,6.5,2019-08-08 00:33:00,30.2,2019-08-08 12:07:00,1000.8,13.70,8.0,41.0
2019-08-09,25.0,26.3,26.0,26.5,26.9,25.5,923.8,23.5,95,22.7,240.0,1.9,921.6,926.7,2019-08-09 04:00:00,22.3,2019-08-09 21:05:00,76,2019-08-09 18:17:00,9.5,2019-08-09 09:57:00,5.0,2019-08-09 09:59:00,240.0,8.1,2019-08-09 23:25:00,25.6,2019-08-09 18:17:00,999.3,4.56,4.1,44.0
2019-08-10,26.7,26.4,26.5,26.4,26.6,26.5,929.6,26.7,84,23.7,250.0,3.0,925.1,933.2,2019-08-10 01:23:00,22.7,2019-08-10 00:08:00,63,2019-08-10 14:55:00,11.5,2019-08-10 01:09:00,4.5,2019-08-10 01:24:00,230.0,17.9,2019-08-10 22:19:00,31.0,2019-08-10 15:34:00,1005.5,19.70,10.5,26.5
2019-08-11,26.0,26.4,26.6,26.9,26.8,26.3,933.2,23.9,96,23.4,250.0,0.8,932.2,934.3,2019-08-11 03:47:00,22.3,2019-08-11 23:32:00,80,2019-08-11 12:46:00,16.5,2019-08-11 06:29:00,9.5,2019-08-11 07:11:00,230.0,6.8,2019-08-11 21:19:00,27.5,2019-08-11 12:43:00,1009.5,8.07,6.5,54.5
2019-08-12,25.4,26.3,26.0,26.4,26.8,25.7,934.2,23.3,97,22.9,250.0,0.5,932.8,935.5,2019-08-12 03:16:00,21.8,2019-08-12 05:46:00,88,2019-08-12 11:27:00,12.5,2019-08-12 05:00:00,4.5,2019-08-12 05:08:00,230.0,3.6,2019-08-12 09:29:00,25.1,2019-08-12 11:37:00,1010.5,6.70,6.8,19.0
2019-08-13,26.0,26.3,26.3,26.4,26.6,26.1,934.1,24.3,88,22.0,300.0,0.8,931.7,936.7,2019-08-13 15:55:00,20.8,2019-08-13 04:01:00,53,2019-08-13 15:50:00,5.0,2019-08-13 08:33:00,3.0,2019-08-13 09:18:00,260.0,6.2,2019-08-13 10:35:00,30.7,2019-08-13 15:50:00,1010.4,17.25,8.6,7.0
2019-08-14,26.8,26.3,27.1,27.1,26.7,26.9,934.2,24.9,87,22.5,270.0,0.7,931.9,935.8,2019-08-14 16:10:00,21.6,2019-08-14 05:28:00,60,2019-08-14 15:07:00,2.0,2019-08-14 20:19:00,2.0,2019-08-14 21:09:00,230.0,6.6,2019-08-14 08:51:00,31.2,2019-08-14 15:07:00,1010.5,16.20,9.3,2.0
2019-08-15,25.3,26.4,26.2,26.7,26.9,25.7,934.1,23.0,97,22.6,290.0,0.5,932.0,935.3,2019-08-15 16:18:00,21.6,2019-08-15 05:53:00,81,2019-08-15 15:37:00,8.5,2019-08-15 10:12:00,4.5,2019-08-15 04:02:00,220.0,6.4,2019-08-15 11:40:00,25.8,2019-08-15 16:21:00,1010.4,4.87,3.7,35.0
2019-08-16,24.8,26.4,25.4,25.8,26.5,25.0,935.5,23.0,95,22.3,10.0,0.7,934.2,937.4,2019-08-16 01:03:00,21.6,2019-08-16 07:56:00,79,2019-08-16 17:39:00,22.5,2019-08-16 09:09:00,8.0,2019-08-16 09:45:00,250.0,5.8,2019-08-17 00:00:00,25.7,2019-08-16 17:37:00,1012.0,8.08,6.2,74.0
2019-08-17,24.3,26.2,24.9,25.3,25.9,24.5,937.7,22.5,98,22.2,60.0,0.7,936.2,939.2,2019-08-17 13:48:00,21.3,2019-08-17 06:20:00,82,2019-08-17 13:38:00,32.5,2019-08-17 01:22:00,14.5,2019-08-17 14:24:00,240.0,9.1,2019-08-17 21:58:00,26.5,2019-08-17 13:37:00,1014.3,8.59,6.6,130.0
2019-08-18,24.5,26.2,25.1,25.4,25.9,24.8,937.4,22.5,96,21.9,300.0,0.7,935.7,939.0,2019-08-18 15:52:00,20.6,2019-08-18 02:27:00,72,2019-08-18 10:17:00,20.5,2019-08-18 10:57:00,9.0,2019-08-18 11:03:00,240.0,10.1,2019-08-18 11:15:00,27.2,2019-08-18 10:22:00,1014.0,10.45,7.6,30.5
2019-08-19,24.8,26.1,25.3,25.6,25.9,25.0,936.4,22.9,95,22.2,300.0,0.6,935.5,937.8,2019-08-19 16:13:00,21.4,2019-08-19 23:53:00,77,2019-08-19 11:18:00,12.5,2019-08-19 19:07:00,4.0,2019-08-19 01:36:00,250.0,5.7,2019-08-19 20:15:00,27.0,2019-08-19 11:32:00,1012.9,9.12,7.0,35.5
2019-08-20,24.7,26.1,25.3,25.7,26.0,25.0,936.1,22.6,94,21.6,220.0,0.6,934.8,937.1,2019-08-20 15:17:00,20.8,2019-08-20 22:53:00,67,2019-08-20 12:23:00,25.0,2019-08-20 13:46:00,6.5,2019-08-20 13:52:00,230.0,5.9,2019-08-20 00:01:00,28.1,2019-08-20 11:52:00,1012.6,12.15,6.3,37.0
2019-08-21,24.7,26.0,25.5,25.8,26.0,25.1,936.5,22.5,97,22.0,240.0,0.5,935.0,938.3,2019-08-21 14:25:00,21.2,2019-08-21 23:20:00,74,2019-08-21 14:06:00,13.5,2019-08-21 14:38:00,4.0,2019-08-21 15:23:00,300.0,4.5,2019-08-21 23:29:00,27.5,2019-08-21 14:04:00,1013.1,2.34,1.5,19.0
2019-08-22,24.7,26.0,25.5,25.8,26.0,25.1,936.5,22.5,97,22.0,240.0,0.5,935.0,938.3,2019-08-21 14:25:00,21.2,2019-08-21 23:20:00,74,2019-08-21 14:06:00,13.5,2019-08-21 14:38:00,4.0,2019-08-21 15:23:00,300.0,4.5,2019-08-21 23:29:00,27.5,2019-08-21 14:04:00,1013.1,2.34,1.5,19.0
2019-08-23,27.4,26.0,27.5,27.3,26.5,27.4,935.7,25.7,86,23.1,310.0,0.7,933.5,938.7,2019-08-23 17:08:00,21.0,2019-08-23 05:53:00,58,2019-08-23 10:51:00,0.0,2019-08-23 00:00:00,0.0,2019-08-23 00:00:00,240.0,6.0,2019-08-23 00:01:00,30.4,2019-08-23 13:02:00,1012.1,22.07,10.6,0.0
2019-08-24,25.4,26.1,26.6,27.2,26.9,26.0,927.3,24.7,82,21.2,80.0,1.6,919.9,933.6,2019-08-24 15:32:00,21.9,2019-08-24 23:28:00,51,2019-08-24 14:19:00,1.5,2019-08-24 12:21:00,0.5,2019-08-24 11:09:00,20.0,19.8,2019-08-24 00:08:00,29.0,2019-08-24 16:04:00,1003.1,4.91,5.3,5.0
2019-08-25,25.4,26.2,25.8,26.2,26.7,25.5,937.0,23.9,92,22.5,150.0,0.7,931.3,940.6,2019-08-25 00:13:00,21.2,2019-08-25 04:42:00,66,2019-08-25 12:46:00,1.0,2019-08-25 05:02:00,0.5,2019-08-25 00:01:00,60.0,4.5,2019-08-25 22:23:00,28.3,2019-08-25 12:46:00,1013.5,9.85,7.7,1.5
2019-08-26,26.0,26.2,26.4,26.5,26.6,26.2,940.5,24.5,90,22.7,30.0,0.6,939.1,942.7,2019-08-26 02:28:00,20.6,2019-08-26 05:08:00,66,2019-08-26 10:19:00,9.0,2019-08-26 18:06:00,6.5,2019-08-26 18:51:00,290.0,4.0,2019-08-26 21:17:00,29.6,2019-08-26 12:42:00,1017.4,13.46,9.4,11.0
2019-08-27,26.7,26.2,27.0,27.0,26.6,26.8,939.5,25.1,87,22.5,320.0,0.6,937.9,941.4,2019-08-27 15:31:00,21.0,2019-08-27 06:15:00,55,2019-08-27 11:47:00,0.0,2019-08-27 00:00:00,0.0,2019-08-27 00:00:00,270.0,4.4,2019-08-27 00:02:00,30.5,2019-08-27 13:24:00,1016.2,21.30,9.9,0.0
2019-08-28,27.2,26.2,27.4,27.4,26.9,27.2,937.3,26.0,83,22.5,280.0,0.7,934.9,938.9,2019-08-28 14:11:00,20.5,2019-08-28 05:41:00,49,2019-08-28 13:03:00,0.0,2019-08-28 00:00:00,0.0,2019-08-28 00:00:00,250.0,5.8,2019-08-28 00:01:00,33.2,2019-08-28 14:34:00,1013.8,24.39,9.9,0.0
2019-08-29,26.9,26.3,27.6,27.7,27.2,27.2,938.4,25.1,89,23.2,300.0,0.7,937.0,940.1,2019-08-29 14:58:00,22.9,2019-08-29 23:42:00,64,2019-08-29 14:24:00,0.5,2019-08-29 14:25:00,0.5,2019-08-29 15:15:00,320.0,4.5,2019-08-29 23:20:00,29.9,2019-08-29 14:30:00,1015.1,12.40,6.6,0.5
2019-08-30,25.9,26.4,26.8,27.3,27.3,26.3,939.5,23.6,91,22.0,360.0,0.6,937.9,940.6,2019-08-30 14:45:00,21.1,2019-08-30 05:42:00,58,2019-08-30 12:15:00,16.5,2019-08-30 14:15:00,6.0,2019-08-30 14:35:00,110.0,6.4,2019-08-30 23:37:00,30.5,2019-08-30 12:14:00,1016.3,15.29,7.2,35.0
2019-08-31,26.1,26.5,26.6,26.9,27.2,26.3,938.3,24.6,85,21.8,240.0,0.9,936.8,940.3,2019-08-31 15:05:00,19.8,2019-08-31 05:55:00,61,2019-08-31 15:11:00,0.0,2019-08-31 00:00:00,0.0,2019-08-31 00:00:00,280.0,4.7,2019-08-31 00:01:00,30.7,2019-08-31 15:10:00,1014.9,20.03,10.1,0.0
2019-09-01,25.7,26.5,26.7,27.1,27.1,26.2,939.1,23.6,89,21.6,220.0,0.9,937.7,941.2,2019-09-01 14:46:00,20.2,2019-09-01 05:06:00,61,2019-09-01 12:14:00,9.0,2019-09-01 16:25:00,5.5,2019-09-01 16:57:00,250.0,9.9,2019-09-01 16:57:00,30.9,2019-09-01 12:39:00,1015.8,15.58,7.8,9.0
2019-09-02,26.1,26.5,26.7,27.0,27.1,26.3,939.5,25.2,83,21.8,300.0,0.9,937.2,940.8,2019-09-02 16:54:00,19.2,2019-09-02 06:18:00,51,2019-09-02 12:27:00,0.5,2019-09-02 02:51:00,0.5,2019-09-02 03:41:00,270.0,5.2,2019-09-02 08:52:00,31.3,2019-09-02 12:49:00,1016.2,23.88,11.1,0.5
2019-09-03,26.7,26.5,27.3,27.5,27.2,26.9,937.0,25.0,86,22.3,260.0,0.9,934.6,939.4,2019-09-03 14:54:00,21.1,2019-09-03 06:23:00,58,2019-09-03 10:53:00,0.0,2019-09-03 00:00:00,0.0,2019-09-03 00:00:00,250.0,6.6,2019-09-03 00:24:00,30.1,2019-09-03 14:56:00,1013.5,15.55,8.2,0.0
2019-09-04,24.9,26.7,26.1,26.8,27.3,25.4,936.3,22.5,95,21.5,180.0,0.7,935.1,937.7,2019-09-04 13:42:00,20.4,2019-09-05 00:00:00,65,2019-09-04 11:00:00,36.0,2019-09-04 14:29:00,11.0,2019-09-04 14:32:00,240.0,7.6,2019-09-04 08:41:00,28.2,2019-09-04 11:00:00,1012.8,8.20,4.4,65.5
2019-09-05,24.5,26.7,25.3,25.9,26.9,24.8,934.0,22.3,94,21.3,70.0,0.6,932.5,935.6,2019-09-05 14:30:00,19.2,2019-09-05 04:59:00,66,2019-09-05 11:21:00,2.5,2019-09-05 14:44:00,1.5,2019-09-05 14:40:00,230.0,5.0,2019-09-05 00:01:00,27.8,2019-09-05 11:21:00,1010.3,11.13,6.8,4.5
2019-09-06,25.3,26.6,25.9,26.2,26.7,25.5,933.1,23.5,93,22.2,190.0,0.5,931.5,935.0,2019-09-06 15:19:00,21.2,2019-09-06 03:47:00,60,2019-09-06 10:53:00,2.0,2019-09-06 12:55:00,1.5,2019-09-06 13:34:00,130.0,9.1,2019-09-06 22:13:00,30.2,2019-09-06 12:29:00,1009.3,13.81,5.3,5.5
2019-09-07,25.6,26.5,26.2,26.4,26.7,25.8,935.3,23.9,91,22.2,210.0,0.6,933.7,937.3,2019-09-07 14:25:00,21.1,2019-09-07 23:59:00,64,2019-09-07 12:26:00,12.5,2019-09-07 00:23:00,6.0,2019-09-07 00:42:00,230.0,5.7,2019-09-07 22:51:00,29.5,2019-09-07 12:25:00,1011.7,13.83,8.1,17.0
2019-09-08,25.9,26.5,26.4,26.6,26.7,26.1,936.5,24.3,86,21.8,300.0,0.7,934.5,937.9,2019-09-08 15:40:00,20.9,2019-09-08 02:42:00,58,2019-09-08 15:48:00,0.5,2019-09-08 00:00:00,0.5,2019-09-08 00:24:00,250.0,5.4,2019-09-08 22:30:00,30.4,2019-09-08 15:18:00,1013.0,17.95,10.0,0.5
2019-09-09,25.8,26.5,26.4,26.8,26.8,26.1,937.5,24.1,83,20.8,330.0,0.7,935.9,939.3,2019-09-09 15:49:00,18.7,2019-09-09 05:59:00,51,2019-09-09 11:35:00,0.0,2019-09-09 00:00:00,0.0,2019-09-09 00:00:00,300.0,4.9,2019-09-09 22:46:00,29.7,2019-09-09 15:31:00,1014.1,21.03,10.5,0.0
2019-09-10,26.0,26.5,26.7,27.0,26.9,26.3,940.0,24.5,87,22.0,250.0,0.8,938.4,942.3,2019-09-10 15:00:00,22.3,2019-09-10 03:53:00,57,2019-09-10 12:06:00,0.0,2019-09-10 00:00:00,0.0,2019-09-10 00:00:00,250.0,5.0,2019-09-10 23:54:00,28.6,2019-09-10 11:50:00,1016.8,11.28,8.9,0.0
2019-09-11,26.2,26.5,26.7,27.0,27.0,26.4,941.4,24.9,85,22.0,310.0,0.7,939.8,942.7,2019-09-11 15:51:00,20.6,2019-09-11 04:46:00,59,2019-09-11 12:10:00,0.0,2019-09-11 00:00:00,0.0,2019-09-11 00:00:00,240.0,4.2,2019-09-11 08:47:00,30.4,2019-09-11 12:15:00,1018.2,18.12,9.6,0.0
2019-09-12,26.3,26.5,26.8,27.1,27.0,26.5,939.4,24.8,85,21.8,290.0,0.6,937.4,941.2,2019-09-12 15:11:00,19.7,2019-09-12 06:14:00,57,2019-09-12 12:07:00,0.0,2019-09-12 00:00:00,0.0,2019-09-12 00:00:00,250.0,4.3,2019-09-12 00:03:00,31.1,2019-09-12 12:35:00,1016.1,20.91,10.7,0.0
2019-09-13,25.8,26.5,26.6,27.0,27.1,26.1,938.2,24.3,85,21.5,270.0,0.7,936.5,939.4,2019-09-13 15:20:00,19.2,2019-09-13 06:12:00,55,2019-09-13 15:09:00,0.0,2019-09-13 00:00:00,0.0,2019-09-13 00:00:00,240.0,4.8,2019-09-13 09:20:00,30.5,2019-09-13 15:13:00,1014.8,15.49,10.5,0.0
2019-09-14,26.2,26.6,26.7,27.0,27.1,26.4,937.7,24.9,87,22.5,260.0,0.5,936.3,938.9,2019-09-14 15:09:00,21.8,2019-09-14 05:15:00,64,2019-09-14 14:11:00,0.0,2019-09-14 00:00:00,0.0,2019-09-14 00:00:00,230.0,4.6,2019-09-14 22:56:00,29.3,2019-09-14 11:42:00,1014.3,13.00,9.2,0.0
2019-09-15,25.6,26.6,26.6,27.0,27.1,26.2,937.6,23.9,90,22.0,190.0,0.8,936.0,939.3,2019-09-15 15:56:00,21.0,2019-09-15 23:44:00,62,2019-09-15 12:25:00,0.5,2019-09-15 14:57:00,0.5,2019-09-15 15:47:00,300.0,3.9,2019-09-15 08:25:00,29.2,2019-09-15 12:25:00,1014.2,12.11,7.3,0.5
2019-09-16,25.8,26.6,26.4,26.8,27.0,26.0,937.0,24.2,86,21.7,210.0,0.7,936.0,938.1,2019-09-16 15:14:00,21.1,2019-09-16 00:02:00,60,2019-09-16 11:12:00,0.0,2019-09-16 00:00:00,0.0,2019-09-16 00:00:00,270.0,5.4,2019-09-16 10:06:00,28.7,2019-09-16 12:01:00,1013.5,13.71,9.4,0.0
2019-09-17,25.9,26.6,26.5,26.8,27.0,26.1,938.0,25.2,83,21.9,240.0,0.9,936.8,939.3,2019-09-17 14:35:00,21.5,2019-09-17 23:57:00,60,2019-09-17 12:26:00,0.0,2019-09-17 00:00:00,0.0,2019-09-17 00:00:00,240.0,4.3,2019-09-17 21:37:00,29.5,2019-09-17 13:42:00,1014.6,7.78,5.2,0.0
2019-09-18,25.7,26.6,26.4,26.8,27.0,26.0,938.3,24.0,85,21.1,250.0,0.8,936.7,939.7,2019-09-18 14:54:00,20.4,2019-09-18 06:12:00,61,2019-09-18 14:28:00,0.0,2019-09-18 00:00:00,0.0,2019-09-18 00:00:00,240.0,5.1,2019-09-18 07:52:00,29.2,2019-09-18 14:28:00,1014.9,15.74,9.5,0.0
2019-09-19,25.5,26.6,26.2,26.6,27.0,25.8,937.8,23.7,82,20.3,270.0,0.7,935.8,939.4,2019-09-19 16:29:00,19.4,2019-09-19 06:02:00,57,2019-09-19 15:17:00,0.0,2019-09-19 00:00:00,0.0,2019-09-19 00:00:00,290.0,4.6,2019-09-19 07:48:00,29.3,2019-09-19 14:58:00,1014.5,17.78,10.5,0.0
2019-09-20,25.6,26.6,26.3,26.7,26.9,25.9,934.6,23.0,84,20.0,250.0,1.2,932.6,936.9,2019-09-20 15:42:00,20.2,2019-09-20 06:27:00,62,2019-09-20 12:59:00,0.0,2019-09-20 00:00:00,0.0,2019-09-20 00:00:00,240.0,6.6,2019-09-20 00:04:00,27.6,2019-09-20 12:59:00,1010.9,21.50,10.0,0.0
2019-09-21,23.4,26.5,25.0,26.1,26.9,24.2,934.6,19.9,93,18.7,240.0,0.5,931.8,938.3,2019-09-21 03:32:00,18.2,2019-09-21 07:59:00,80,2019-09-21 15:02:00,3.5,2019-09-21 21:43:00,1.5,2019-09-21 21:51:00,250.0,4.0,2019-09-21 23:29:00,22.1,2019-09-21 14:51:00,1011.1,4.73,5.3,3.5
2019-09-22,23.7,26.5,24.7,25.4,26.6,24.1,941.0,21.6,87,19.3,20.0,0.4,937.6,944.3,2019-09-22 01:18:00,18.9,2019-09-22 02:53:00,63,2019-09-22 13:38:00,1.0,2019-09-22 20:09:00,0.5,2019-09-22 20:48:00,60.0,4.3,2019-09-22 21:29:00,26.5,2019-09-22 13:36:00,1017.9,11.01,7.5,1.0
2019-09-23,23.7,26.5,24.7,25.4,26.6,24.1,941.0,21.6,87,19.3,20.0,0.4,937.6,944.3,2019-09-22 01:18:00,18.9,2019-09-22 02:53:00,63,2019-09-22 13:38:00,1.0,2019-09-22 20:09:00,0.5,2019-09-22 20:48:00,60.0,4.3,2019-09-22 21:29:00,26.5,2019-09-22 13:36:00,1017.9,11.01,7.5,1.0
2019-09-24,24.1,26.4,24.9,25.5,26.3,24.4,945.7,22.1,84,19.2,260.0,0.7,944.2,947.0,2019-09-24 14:44:00,17.3,2019-09-24 06:18:00,63,2019-09-24 10:18:00,0.0,2019-09-24 00:00:00,0.0,2019-09-24 00:00:00,240.0,4.6,2019-09-24 21:41:00,26.9,2019-09-24 11:55:00,1023.0,14.12,9.9,0.0
2019-09-25,24.7,26.3,25.3,25.7,26.2,24.9,945.4,22.7,81,19.1,290.0,0.7,943.8,946.4,2019-09-25 14:29:00,17.6,2019-09-25 05:58:00,56,2019-09-25 10:41:00,0.0,2019-09-25 00:00:00,0.0,2019-09-25 00:00:00,230.0,5.9,2019-09-25 22:33:00,28.4,2019-09-25 14:01:00,1022.7,19.79,10.2,0.0
2019-09-26,24.4,26.2,25.2,25.7,26.2,24.7,945.4,22.6,83,19.3,270.0,0.6,944.2,946.5,2019-09-26 14:54:00,17.4,2019-09-26 06:10:00,57,2019-09-26 11:30:00,0.0,2019-09-26 00:00:00,0.0,2019-09-26 00:00:00,290.0,4.4,2019-09-26 21:18:00,28.2,2019-09-26 11:26:00,1022.7,16.62,9.6,0.0
2019-09-27,24.9,26.2,25.4,25.8,26.2,25.0,944.5,23.2,84,20.2,250.0,0.9,943.2,946.1,2019-09-27 14:34:00,18.1,2019-09-27 05:53:00,54,2019-09-27 11:51:00,0.0,2019-09-27 00:00:00,0.0,2019-09-27 00:00:00,250.0,5.5,2019-09-27 00:01:00,29.4,2019-09-27 12:18:00,1021.7,16.12,9.1,0.0
2019-09-28,24.8,26.1,25.6,26.0,26.2,25.1,943.1,22.9,90,21.1,210.0,0.8,941.4,944.5,2019-09-28 14:49:00,19.7,2019-09-28 05:48:00,59,2019-09-28 11:07:00,15.0,2019-09-28 16:28:00,7.5,2019-09-28 17:00:00,260.0,4.4,2019-09-28 09:43:00,29.5,2019-09-28 11:28:00,1020.2,12.83,8.5,16.0
2019-09-29,24.9,26.1,25.5,25.9,26.2,25.2,940.4,23.3,88,21.0,270.0,0.6,938.1,943.2,2019-09-29 23:59:00,18.8,2019-09-29 03:53:00,59,2019-09-29 11:45:00,0.5,2019-09-29 09:04:00,0.5,2019-09-29 09:54:00,30.0,4.4,2019-09-29 00:01:00,28.9,2019-09-29 12:22:00,1017.3,16.68,7.5,0.5
2019-09-30,23.8,26.1,24.8,25.5,26.2,24.3,932.4,22.0,90,20.3,220.0,0.7,929.2,938.1,2019-09-30 14:50:00,19.2,2019-09-30 04:41:00,60,2019-09-30 09:12:00,0.5,2019-09-30 10:18:00,0.5,2019-09-30 11:08:00,230.0,5.0,2019-09-30 00:02:00,25.3,2019-09-30 14:58:00,1008.7,5.05,3.3,1.0
2019-10-01,23.6,26.1,24.6,25.2,26.0,24.1,939.1,21.5,91,20.0,240.0,1.0,932.5,941.6,2019-10-01 00:07:00,18.2,2019-10-01 23:51:00,66,2019-10-01 14:12:00,6.0,2019-10-01 04:31:00,2.5,2019-10-01 06:12:00,260.0,5.8,2019-10-01 23:40:00,26.7,2019-10-01 15:18:00,1015.9,9.87,7.4,11.0
2019-10-02,24.1,26.0,24.7,25.1,25.8,24.3,942.2,22.8,81,19.1,350.0,0.5,940.8,943.5,2019-10-02 15:23:00,16.6,2019-10-02 05:34:00,51,2019-10-02 10:25:00,0.0,2019-10-02 00:00:00,0.0,2019-10-02 00:00:00,10.0,3.7,2019-10-02 08:56:00,29.6,2019-10-02 15:12:00,1019.2,20.06,10.3,0.0
2019-10-03,24.1,25.9,24.9,25.4,25.8,24.5,942.6,22.1,92,20.6,190.0,0.8,941.2,943.4,2019-10-03 15:47:00,20.1,2019-10-03 18:38:00,67,2019-10-03 15:41:00,6.5,2019-10-03 17:32:00,5.0,2019-10-03 17:50:00,130.0,9.8,2019-10-03 22:09:00,26.8,2019-10-03 15:26:00,1019.6,0.58,0.1,6.5
2019-10-04,24.1,25.9,24.8,25.3,25.8,24.4,942.6,22.3,89,20.3,230.0,0.6,940.5,944.1,2019-10-04 15:08:00,18.3,2019-10-04 05:20:00,58,2019-10-04 13:38:00,0.5,2019-10-04 15:44:00,0.5,2019-10-04 16:34:00,240.0,3.5,2019-10-04 07:33:00,29.2,2019-10-04 13:35:00,1019.6,14.32,8.0,0.5
2019-10-05,24.9,25.9,25.3,25.5,25.8,25.0,943.1,23.3,86,20.8,280.0,0.7,941.5,944.9,2019-10-05 15:19:00,18.9,2019-10-05 05:16:00,60,2019-10-05 11:44:00,0.0,2019-10-05 00:00:00,0.0,2019-10-05 00:00:00,240.0,6.4,2019-10-05 21:38:00,28.4,2019-10-05 12:06:00,1020.2,16.87,10.1,0.0
2019-10-06,25.5,25.8,25.8,26.0,25.9,25.6,944.4,23.7,86,21.0,250.0,1.0,942.9,945.7,2019-10-06 14:34:00,19.8,2019-10-06 07:02:00,58,2019-10-06 11:38:00,0.0,2019-10-06 00:00:00,0.0,2019-10-06 00:00:00,240.0,6.0,2019-10-06 23:52:00,28.8,2019-10-06 14:19:00,1021.6,16.65,9.3,0.0
2019-10-07,25.5,25.8,26.0,26.2,26.1,25.7,945.2,23.8,86,21.1,300.0,0.5,943.9,946.6,2019-10-07 15:01:00,20.1,2019-10-07 05:30:00,61,2019-10-07 11:51:00,0.0,2019-10-07 00:00:00,0.0,2019-10-07 00:00:00,290.0,4.1,2019-10-07 09:32:00,28.1,2019-10-07 14:59:00,1022.5,14.82,9.5,0.0
2019-10-08,25.2,25.9,25.8,26.1,26.2,25.4,944.6,23.4,86,20.7,300.0,0.5,943.0,945.8,2019-10-08 14:27:00,18.7,2019-10-08 06:17:00,60,2019-10-08 14:32:00,0.0,2019-10-08 00:00:00,0.0,2019-10-08 00:00:00,250.0,4.0,2019-10-08 08:25:00,29.1,2019-10-08 14:49:00,1021.8,15.01,8.6,0.0
2019-10-09,24.9,25.9,25.6,26.0,26.2,25.2,943.6,23.1,86,20.5,220.0,0.7,941.5,945.1,2019-10-09 15:36:00,19.6,2019-10-09 06:29:00,62,2019-10-09 13:36:00,0.0,2019-10-09 00:00:00,0.0,2019-10-09 00:00:00,240.0,4.9,2019-10-09 09:02:00,27.9,2019-10-09 13:37:00,1020.7,11.29,8.7,0.0
2019-10-10,25.0,25.9,25.6,25.9,26.2,25.3,942.3,22.9,84,19.8,300.0,0.6,940.7,944.1,2019-10-10 15:39:00,18.7,2019-10-10 06:19:00,52,2019-10-10 13:20:00,0.0,2019-10-10 00:00:00,0.0,2019-10-10 00:00:00,270.0,4.8,2019-10-10 08:39:00,29.1,2019-10-10 13:18:00,1019.4,17.79,9.5,0.0
2019-10-11,24.3,25.9,25.2,25.7,26.2,24.7,941.0,22.1,87,19.6,300.0,0.4,939.1,942.5,2019-10-11 15:40:00,18.0,2019-10-11 04:49:00,64,2019-10-11 11:44:00,0.0,2019-10-11 00:00:00,0.0,2019-10-11 00:00:00,340.0,3.4,2019-10-11 08:45:00,27.0,2019-10-11 11:44:00,1017.9,13.38,8.6,0.0
2019-10-12,24.4,25.9,25.0,25.5,26.0,24.6,941.7,22.7,86,20.1,250.0,0.5,940.3,943.3,2019-10-12 14:35:00,18.5,2019-10-12 05:53:00,58,2019-10-12 11:39:00,0.0,2019-10-12 00:00:00,0.0,2019-10-12 00:00:00,270.0,3.5,2019-10-12 23:58:00,27.9,2019-10-12 11:38:00,1018.7,13.34,8.1,0.0
2019-10-13,24.4,25.9,25.1,25.5,26.0,24.7,943.5,22.5,88,20.3,240.0,0.6,942.5,944.7,2019-10-13 14:06:00,19.7,2019-10-13 04:53:00,64,2019-10-13 13:10:00,0.0,2019-10-13 00:00:00,0.0,2019-10-13 00:00:00,260.0,3.8,2019-10-13 23:30:00,27.1,2019-10-13 11:45:00,1020.6,11.23,7.2,0.0
2019-10-14,24.1,25.8,24.8,25.3,25.9,24.4,945.3,22.0,88,20.0,270.0,0.5,943.9,946.8,2019-10-14 03:29:00,18.7,2019-10-14 23:45:00,67,2019-10-14 10:28:00,0.0,2019-10-14 00:00:00,0.0,2019-10-14 00:00:00,260.0,3.3,2019-10-14 23:55:00,26.0,2019-10-14 10:26:00,1022.6,9.63,7.0,0.0
2019-10-15,23.8,25.8,24.5,25.0,25.8,24.0,946.1,21.9,84,18.9,270.0,0.7,944.4,947.7,2019-10-15 15:29:00,17.2,2019-10-15 04:27:00,61,2019-10-15 12:55:00,0.0,2019-10-15 00:00:00,0.0,2019-10-15 00:00:00,240.0,6.8,2019-10-15 09:35:00,27.3,2019-10-15 12:59:00,1023.5,14.86,9.3,0.0
2019-10-16,23.7,25.8,24.5,25.0,25.7,24.1,945.5,21.8,85,19.1,260.0,0.5,943.8,946.7,2019-10-16 15:18:00,18.7,2019-10-16 04:35:00,64,2019-10-16 12:47:00,0.0,2019-10-16 00:00:00,0.0,2019-10-16 00:00:00,240.0,5.3,2019-10-16 08:31:00,26.6,2019-10-16 12:47:00,1022.8,11.19,7.2,0.0
2019-10-17,23.4,25.7,24.2,24.8,25.6,23.8,944.6,21.4,85,18.6,270.0,0.6,942.7,945.9,2019-10-17 14:32:00,18.6,2019-10-17 01:48:00,58,2019-10-17 10:39:00,0.0,2019-10-17 00:00:00,0.0,2019-10-17 00:00:00,270.0,4.0,2019-10-17 09:42:00,27.0,2019-10-17 12:44:00,1021.8,12.18,7.2,0.0
2019-10-18,23.6,25.6,24.2,24.7,25.4,23.8,944.2,21.9,81,18.2,240.0,0.7,942.8,945.5,2019-10-18 14:29:00,17.8,2019-10-18 02:31:00,57,2019-10-18 13:56:00,0.0,2019-10-18 00:00:00,0.0,2019-10-18 00:00:00,220.0,4.6,2019-10-18 00:01:00,27.8,2019-10-18 14:08:00,1021.4,16.65,9.3,0.0
2019-10-19,23.2,25.6,24.0,24.6,25.4,23.6,944.7,21.1,85,18.3,270.0,0.6,943.2,946.3,2019-10-19 15:21:00,17.1,2019-10-19 03:53:00,57,2019-10-19 13:24:00,0.0,2019-10-19 00:00:00,0.0,2019-10-19 00:00:00,240.0,4.9,2019-10-19 09:12:00,26.5,2019-10-19 13:21:00,1022.0,12.00,8.8,0.0
2019-10-20,22.9,25.5,23.8,24.4,25.3,23.3,943.8,20.8,86,18.2,290.0,0.5,942.1,945.5,2019-10-20 14:43:00,18.4,2019-10-20 06:00:00,61,2019-10-20 11:15:00,0.0,2019-10-20 00:00:00,0.0,2019-10-20 00:00:00,220.0,4.9,2019-10-20 08:50:00,25.5,2019-10-20 11:19:00,1020.9,10.05,7.8,0.0
2019-10-21,22.7,25.5,23.5,24.1,25.1,23.0,942.1,20.5,84,17.5,250.0,0.7,940.2,943.9,2019-10-21 13:53:00,16.6,2019-10-21 06:19:00,57,2019-10-21 11:12:00,0.0,2019-10-21 00:00:00,0.0,2019-10-21 00:00:00,10.0,6.4,2019-10-21 08:13:00,26.3,2019-10-21 11:11:00,1019.1,13.11,8.4,0.0
2019-10-22,22.7,25.5,23.5,24.1,25.1,23.0,941.1,20.5,80,16.4,230.0,0.6,939.3,942.7,2019-10-22 14:51:00,15.0,2019-10-22 06:04:00,42,2019-10-22 11:54:00,0.0,2019-10-22 00:00:00,0.0,2019-10-22 00:00:00,190.0,5.6,2019-10-22 08:46:00,27.3,2019-10-22 11:54:00,1018.1,15.16,8.6,0.0
2019-10-23,22.7,25.5,23.5,24.1,25.1,23.0,941.1,20.5,80,16.4,230.0,0.6,939.3,942.7,2019-10-22 14:51:00,15.0,2019-10-22 06:04:00,42,2019-10-22 11:54:00,0.0,2019-10-22 00:00:00,0.0,2019-10-22 00:00:00,190.0,5.6,2019-10-22 08:46:00,27.3,2019-10-22 11:54:00,1018.1,15.16,8.6,0.0
2019-10-24,22.6,25.2,23.3,23.8,24.7,22.9,943.8,21.2,81,17.3,290.0,0.6,942.4,945.7,2019-10-24 15:11:00,16.4,2019-10-24 03:53:00,46,2019-10-24 12:03:00,0.0,2019-10-24 00:00:00,0.0,2019-10-24 00:00:00,240.0,5.2,2019-10-24 22:53:00,28.8,2019-10-24 12:07:00,1021.0,15.96,9.2,0.0
2019-10-25,22.7,25.1,23.3,23.8,24.6,22.9,945.4,21.2,85,18.5,40.0,0.5,943.7,946.9,2019-10-25 15:07:00,17.1,2019-10-25 02:53:00,63,2019-10-25 10:52:00,0.0,2019-10-25 00:00:00,0.0,2019-10-25 00:00:00,350.0,3.6,2019-10-25 22:57:00,26.4,2019-10-25 13:47:00,1022.7,10.24,6.4,0.0
2019-10-26,22.4,25.0,23.2,23.7,24.6,22.7,945.4,20.6,86,18.0,230.0,0.5,943.8,947.1,2019-10-26 15:19:00,16.5,2019-10-26 05:18:00,57,2019-10-26 12:19:00,0.0,2019-10-26 00:00:00,0.0,2019-10-26 00:00:00,260.0,5.1,2019-10-26 09:57:00,26.4,2019-10-26 13:05:00,1022.8,11.78,8.5,0.0
2019-10-27,22.4,25.0,23.2,23.7,24.5,22.8,943.7,21.0,85,18.3,300.0,0.4,941.5,945.7,2019-10-27 15:24:00,17.4,2019-10-27 03:02:00,60,2019-10-27 10:21:00,0.0,2019-10-27 00:00:00,0.0,2019-10-27 00:00:00,290.0,3.9,2019-10-27 07:43:00,26.2,2019-10-27 10:33:00,1020.9,9.99,6.6,0.0
2019-10-28,22.6,24.9,23.2,23.6,24.4,22.8,943.2,21.2,84,18.3,280.0,0.5,941.3,944.6,2019-10-28 13:49:00,16.9,2019-10-28 02:05:00,54,2019-10-28 11:51:00,0.0,2019-10-28 00:00:00,0.0,2019-10-28 00:00:00,10.0,3.8,2019-10-28 07:09:00,27.8,2019-10-28 12:30:00,1020.3,13.56,7.3,0.0
2019-10-29,22.5,24.8,23.1,23.6,24.4,22.7,943.3,20.8,86,18.3,260.0,0.8,941.7,944.9,2019-10-29 13:04:00,15.8,2019-10-29 06:37:00,57,2019-10-29 11:40:00,0.0,2019-10-29 00:00:00,0.0,2019-10-29 00:00:00,260.0,5.1,2019-10-29 22:36:00,27.1,2019-10-29 11:40:00,1020.4,14.68,8.6,0.0
2019-10-30,23.5,24.8,23.8,23.9,24.4,23.5,944.1,22.4,82,18.8,250.0,0.8,942.8,945.5,2019-10-30 13:18:00,17.2,2019-10-30 05:53:00,45,2019-10-30 12:02:00,0.0,2019-10-30 00:00:00,0.0,2019-10-30 00:00:00,250.0,7.3,2019-10-30 22:01:00,29.8,2019-10-30 12:00:00,1021.3,17.57,8.7,0.0
2019-10-31,23.5,24.8,23.8,23.9,24.4,23.5,944.3,21.8,87,19.4,100.0,0.6,942.8,945.4,2019-10-31 14:15:00,17.9,2019-10-31 03:18:00,66,2019-10-31 14:59:00,0.0,2019-10-31 00:00:00,0.0,2019-10-31 00:00:00,190.0,3.9,2019-10-31 07:47:00,26.9,2019-10-31 13:20:00,1021.5,12.29,9.1,0.0
2019-11-01,23.2,24.7,23.7,24.1,24.5,23.4,943.7,22.0,88,19.9,120.0,0.5,942.2,945.6,2019-11-01 15:49:00,18.8,2019-11-01 01:45:00,65,2019-11-01 11:23:00,0.0,2019-11-01 00:00:00,0.0,2019-11-01 00:00:00,10.0,3.3,2019-11-01 08:29:00,26.8,2019-11-01 11:19:00,1020.8,9.71,6.3,0.0
2019-11-02,23.3,24.7,23.8,24.1,24.5,23.4,942.5,22.0,86,19.5,130.0,0.4,940.9,943.7,2019-11-02 14:39:00,18.2,2019-11-02 06:27:00,57,2019-11-02 12:02:00,0.0,2019-11-02 00:00:00,0.0,2019-11-02 00:00:00,300.0,4.3,2019-11-02 08:05:00,27.8,2019-11-02 12:02:00,1019.5,12.59,7.8,0.0
2019-11-03,23.3,24.7,23.8,24.1,24.5,23.4,942.0,21.7,86,19.0,320.0,0.6,940.9,943.9,2019-11-03 13:37:00,17.1,2019-11-03 05:44:00,58,2019-11-03 12:27:00,0.0,2019-11-03 00:00:00,0.0,2019-11-03 00:00:00,10.0,4.0,2019-11-03 08:53:00,28.0,2019-11-03 12:25:00,1019.0,16.00,8.5,0.0
2019-11-04,23.2,24.7,23.8,24.2,24.5,23.4,941.1,21.5,86,18.9,230.0,0.7,939.6,942.6,2019-11-04 14:47:00,19.0,2019-11-04 22:20:00,61,2019-11-04 12:11:00,0.0,2019-11-04 00:00:00,0.0,2019-11-04 00:00:00,220.0,4.7,2019-11-04 09:20:00,27.0,2019-11-04 12:36:00,1018.0,11.31,8.1,0.0
2019-11-05,23.5,24.7,24.0,24.2,24.5,23.6,939.6,21.4,84,18.3,250.0,0.7,937.8,940.8,2019-11-05 14:33:00,17.2,2019-11-05 23:59:00,58,2019-11-05 13:04:00,0.0,2019-11-05 00:00:00,0.0,2019-11-05 00:00:00,240.0,5.8,2019-11-05 00:08:00,27.2,2019-11-05 13:04:00,1016.4,20.08,9.6,0.0
2019-11-06,22.0,24.7,23.1,23.9,24.6,22.5,939.4,19.8,84,16.6,230.0,0.7,937.5,940.8,2019-11-06 13:46:00,15.0,2019-11-06 05:51:00,50,2019-11-06 12:01:00,0.0,2019-11-06 00:00:00,0.0,2019-11-06 00:00:00,220.0,6.9,2019-11-06 08:54:00,26.9,2019-11-06 12:14:00,1016.2,15.17,9.2,0.0
2019-11-07,21.6,24.7,22.5,23.3,24.4,22.0,940.4,19.3,81,15.5,250.0,0.7,938.4,942.2,2019-11-07 14:13:00,14.1,2019-11-07 06:33:00,46,2019-11-07 10:51:00,0.0,2019-11-07 00:00:00,0.0,2019-11-07 00:00:00,230.0,5.0,2019-11-07 21:43:00,26.5,2019-11-07 14:00:00,1017.4,17.46,9.0,0.0
2019-11-08,21.1,24.6,22.2,23.0,24.2,21.6,942.9,19.0,79,14.8,280.0,0.5,941.4,944.5,2019-11-08 14:58:00,13.7,2019-11-08 06:11:00,37,2019-11-08 10:58:00,0.0,2019-11-08 00:00:00,0.0,2019-11-08 00:00:00,240.0,5.7,2019-11-08 23:06:00,26.8,2019-11-08 13:59:00,1020.1,18.39,9.3,0.0
2019-11-09,20.3,24.6,21.6,22.5,23.9,20.9,944.3,17.9,77,13.0,360.0,0.5,942.1,946.3,2019-11-09 15:22:00,12.6,2019-11-09 06:09:00,35,2019-11-09 13:13:00,0.0,2019-11-09 00:00:00,0.0,2019-11-09 00:00:00,10.0,5.2,2019-11-09 09:02:00,26.2,2019-11-09 13:30:00,1021.6,18.90,9.3,0.0
2019-11-10,19.6,24.5,20.9,21.9,23.6,20.2,943.2,17.5,81,13.9,300.0,0.6,940.6,945.3,2019-11-10 15:34:00,11.4,2019-11-10 05:58:00,52,2019-11-10 11:17:00,0.0,2019-11-10 00:00:00,0.0,2019-11-10 00:00:00,360.0,4.5,2019-11-10 08:46:00,24.4,2019-11-10 12:52:00,1020.5,15.33,9.3,0.0
2019-11-11,20.1,24.3,21.1,21.9,23.4,20.6,943.5,17.7,82,14.1,290.0,0.6,941.8,945.5,2019-11-11 14:13:00,12.2,2019-11-11 05:31:00,51,2019-11-11 13:41:00,0.0,2019-11-11 00:00:00,0.0,2019-11-11 00:00:00,10.0,4.4,2019-11-11 23:34:00,25.0,2019-11-11 13:40:00,1020.8,17.12,9.2,0.0
2019-11-12,19.8,24.2,20.9,21.7,23.2,20.3,945.1,17.8,80,13.7,30.0,0.5,943.4,946.8,2019-11-12 14:55:00,11.8,2019-11-12 06:10:00,44,2019-11-12 13:45:00,0.0,2019-11-12 00:00:00,0.0,2019-11-12 00:00:00,310.0,4.3,2019-11-12 08:55:00,26.1,2019-11-12 14:45:00,1022.5,17.61,9.1,0.0
2019-11-13,19.6,24.1,20.7,21.5,23.0,20.1,946.2,17.5,84,14.4,330.0,0.4,944.2,948.1,2019-11-13 14:59:00,11.9,2019-11-13 06:28:00,52,2019-11-13 14:25:00,0.0,2019-11-13 00:00:00,0.0,2019-11-13 00:00:00,50.0,4.4,2019-11-13 09:00:00,25.3,2019-11-13 14:30:00,1023.6,16.54,8.6,0.0
2019-11-14,19.7,23.9,20.6,21.4,22.8,20.0,944.7,17.9,85,15.1,250.0,0.7,942.8,946.4,2019-11-14 14:00:00,13.0,2019-11-14 05:21:00,58,2019-11-14 12:56:00,0.0,2019-11-14 00:00:00,0.0,2019-11-14 00:00:00,250.0,5.3,2019-11-14 08:21:00,24.4,2019-11-14 12:56:00,1022.0,11.45,8.2,0.0
2019-11-15,20.0,23.8,20.8,21.4,22.7,20.3,944.1,18.5,84,15.5,260.0,0.5,942.5,945.4,2019-11-15 15:04:00,14.1,2019-11-15 03:28:00,58,2019-11-15 12:30:00,0.0,2019-11-15 00:00:00,0.0,2019-11-15 00:00:00,240.0,4.8,2019-11-15 09:26:00,24.2,2019-11-15 12:31:00,1021.4,10.73,8.0,0.0
2019-11-16,19.9,23.7,20.8,21.4,22.6,20.3,943.9,17.9,85,15.1,340.0,0.5,942.3,945.3,2019-11-16 14:54:00,12.1,2019-11-16 06:50:00,52,2019-11-16 12:41:00,0.0,2019-11-16 00:00:00,0.0,2019-11-16 00:00:00,30.0,4.6,2019-11-16 08:55:00,25.4,2019-11-16 12:54:00,1021.2,16.49,8.9,0.0
2019-11-17,20.1,23.6,20.8,21.4,22.5,20.3,944.1,18.8,77,13.9,40.0,0.5,941.8,945.5,2019-11-17 14:50:00,11.5,2019-11-17 06:57:00,33,2019-11-17 10:05:00,0.0,2019-11-17 00:00:00,0.0,2019-11-17 00:00:00,270.0,4.0,2019-11-17 08:56:00,28.3,2019-11-17 13:10:00,1021.4,18.16,8.9,0.0
2019-11-18,20.8,23.5,21.0,21.4,22.5,20.7,942.8,20.1,78,15.5,260.0,0.8,940.9,944.9,2019-11-18 14:05:00,13.4,2019-11-18 06:53:00,43,2019-11-18 13:12:00,0.0,2019-11-18 00:00:00,0.0,2019-11-18 00:00:00,260.0,5.8,2019-11-18 00:01:00,28.3,2019-11-18 13:40:00,1019.9,17.79,9.3,0.0
2019-11-19,20.6,23.4,21.3,21.7,22.5,20.9,942.6,19.2,85,16.6,330.0,0.5,941.2,944.2,2019-11-19 13:47:00,15.2,2019-11-19 04:49:00,59,2019-11-19 11:42:00,0.0,2019-11-19 00:00:00,0.0,2019-11-19 00:00:00,230.0,3.6,2019-11-19 22:55:00,24.5,2019-11-19 13:32:00,1019.7,10.99,8.2,0.0
2019-11-20,21.4,23.4,21.8,22.0,22.6,21.5,944.2,19.8,82,16.6,250.0,0.8,942.8,946.1,2019-11-20 15:39:00,16.7,2019-11-20 23:59:00,63,2019-11-20 11:55:00,0.0,2019-11-20 00:00:00,0.0,2019-11-20 00:00:00,250.0,5.0,2019-11-20 08:46:00,25.1,2019-11-20 12:18:00,1021.4,11.43,8.1,0.0
2019-11-21,20.7,23.3,21.4,21.9,22.6,21.0,943.7,18.9,85,16.1,340.0,0.4,942.1,945.6,2019-11-21 14:24:00,13.5,2019-11-21 06:08:00,56,2019-11-21 12:40:00,0.0,2019-11-21 00:00:00,0.0,2019-11-21 00:00:00,30.0,4.4,2019-11-21 09:13:00,25.1,2019-11-21 12:54:00,1021.0,13.45,7.7,0.0
2019-11-22,21.7,23.3,22.1,22.3,22.7,21.8,943.2,20.4,82,16.9,320.0,0.5,941.6,944.5,2019-11-22 13:39:00,15.9,2019-11-22 23:53:00,52,2019-11-22 14:48:00,0.0,2019-11-22 00:00:00,0.0,2019-11-22 00:00:00,30.0,4.3,2019-11-22 22:31:00,28.3,2019-11-22 13:20:00,1020.3,16.96,8.5,0.0
2019-11-23,20.8,23.3,21.6,22.1,22.7,21.1,944.8,19.7,84,16.6,320.0,0.5,943.0,946.9,2019-11-23 15:04:00,13.4,2019-11-23 06:46:00,52,2019-11-23 12:21:00,0.0,2019-11-23 00:00:00,0.0,2019-11-23 00:00:00,250.0,4.7,2019-11-23 09:38:00,26.6,2019-11-23 14:05:00,1022.2,16.87,8.8,0.0
2019-11-24,21.6,23.3,21.9,22.1,22.7,21.6,945.8,20.4,83,17.0,340.0,0.5,943.9,947.6,2019-11-24 14:28:00,15.1,2019-11-24 05:57:00,50,2019-11-24 12:54:00,0.0,2019-11-24 00:00:00,0.0,2019-11-24 00:00:00,260.0,5.3,2019-11-24 22:23:00,28.3,2019-11-24 14:25:00,1023.2,15.91,8.3,0.0
2019-11-25,21.5,23.3,21.8,22.2,22.7,21.5,947.2,20.7,83,17.5,240.0,0.7,945.3,948.9,2019-11-25 14:58:00,15.7,2019-11-25 06:06:00,58,2019-11-25 14:56:00,0.0,2019-11-25 00:00:00,0.0,2019-11-25 00:00:00,250.0,5.1,2019-11-25 08:56:00,27.0,2019-11-25 14:56:00,1024.6,12.68,8.5,0.0
2019-11-26,22.1,23.3,22.3,22.4,22.8,22.0,947.5,20.6,85,17.7,260.0,0.8,945.8,948.7,2019-11-26 15:04:00,16.6,2019-11-26 23:44:00,52,2019-11-26 10:44:00,0.0,2019-11-26 00:00:00,0.0,2019-11-26 00:00:00,250.0,5.5,2019-11-26 08:58:00,27.1,2019-11-26 10:40:00,1025.0,14.46,8.5,0.0
2019-11-27,22.1,23.3,22.3,22.4,22.8,22.0,947.5,20.6,85,17.7,260.0,0.8,945.8,948.7,2019-11-26 15:04:00,16.6,2019-11-26 23:44:00,52,2019-11-26 10:44:00,0.0,2019-11-26 00:00:00,0.0,2019-11-26 00:00:00,250.0,5.5,2019-11-26 08:58:00,27.1,2019-11-26 10:40:00,1025.0,14.46,8.5,0.0
2019-11-28,20.7,23.3,21.5,22.0,22.7,21.0,947.1,18.6,83,15.4,250.0,1.0,944.8,948.6,2019-11-28 14:36:00,14.5,2019-11-28 06:40:00,48,2019-11-28 12:25:00,0.0,2019-11-28 00:00:00,0.0,2019-11-28 00:00:00,260.0,6.8,2019-11-28 09:02:00,26.1,2019-11-28 12:40:00,1024.6,17.32,8.8,0.0
2019-11-29,20.0,23.2,21.0,21.6,22.6,20.4,947.9,18.0,81,14.5,280.0,0.7,946.4,949.3,2019-11-29 14:47:00,14.3,2019-11-30 00:00:00,60,2019-11-29 13:03:00,0.0,2019-11-29 00:00:00,0.0,2019-11-29 00:00:00,320.0,4.4,2019-11-29 08:22:00,23.2,2019-11-29 13:02:00,1025.5,11.70,7.2,0.0
2019-11-30,18.9,23.2,20.2,21.1,22.5,19.6,947.1,17.0,81,13.4,300.0,0.5,944.8,948.8,2019-11-30 14:56:00,11.2,2019-11-30 07:13:00,51,2019-11-30 14:52:00,0.0,2019-11-30 00:00:00,0.0,2019-11-30 00:00:00,350.0,5.0,2019-11-30 08:47:00,23.2,2019-11-30 14:42:00,1024.6,13.93,8.7,0.0
2019-12-01,20.0,23.3,20.8,21.4,22.4,20.4,945.9,17.9,76,13.0,290.0,0.5,943.8,947.3,2019-12-01 14:35:00,13.0,2019-12-01 07:25:00,39,2019-12-01 12:33:00,0.0,2019-12-01 00:00:00,0.0,2019-12-01 00:00:00,40.0,5.0,2019-12-01 00:15:00,25.0,2019-12-01 13:09:00,1023.3,14.49,8.0,0.0
2019-12-02,18.5,23.1,19.9,20.8,22.1,19.2,945.5,15.6,81,12.0,270.0,0.7,944.0,946.9,2019-12-02 15:02:00,10.4,2019-12-03 00:00:00,50,2019-12-02 12:02:00,0.0,2019-12-02 00:00:00,0.0,2019-12-02 00:00:00,210.0,5.7,2019-12-02 09:10:00,23.6,2019-12-02 13:26:00,1023.0,17.19,8.8,0.0
2019-12-03,17.0,23.0,18.7,20.0,21.9,17.9,946.6,13.9,85,11.1,310.0,0.6,945.1,948.0,2019-12-03 15:10:00,8.4,2019-12-03 04:48:00,59,2019-12-03 12:30:00,0.0,2019-12-03 00:00:00,0.0,2019-12-03 00:00:00,250.0,3.9,2019-12-03 08:55:00,19.8,2019-12-03 15:24:00,1024.2,10.97,7.8,0.0
2019-12-04,17.6,22.9,18.7,19.7,21.6,18.1,947.4,15.4,87,13.1,240.0,0.6,945.6,948.6,2019-12-04 13:53:00,10.9,2019-12-04 00:53:00,53,2019-12-04 13:14:00,2.5,2019-12-04 17:20:00,1.0,2019-12-04 17:42:00,280.0,4.4,2019-12-04 19:59:00,21.7,2019-12-04 13:34:00,1025.1,6.73,6.7,6.0
2019-12-05,17.2,22.7,18.7,19.6,21.4,18.0,947.2,14.5,98,14.3,20.0,0.7,945.7,948.4,2019-12-05 15:22:00,13.0,2019-12-05 22:38:00,90,2019-12-05 13:25:00,3.0,2019-12-05 15:11:00,1.0,2019-12-05 15:13:00,60.0,2.8,2019-12-05 11:00:00,16.2,2019-12-05 10:19:00,1024.9,2.77,2.3,8.5
2019-12-06,17.0,22.7,18.4,19.4,21.3,17.7,946.4,14.1,98,13.9,350.0,0.7,945.0,947.9,2019-12-06 03:39:00,13.2,2019-12-06 02:59:00,88,2019-12-06 10:37:00,2.0,2019-12-06 12:50:00,1.0,2019-12-06 18:03:00,10.0,3.0,2019-12-06 07:25:00,16.3,2019-12-06 11:48:00,1024.0,3.80,3.9,12.0
2019-12-07,17.0,22.7,18.2,19.2,21.2,17.6,947.2,13.4,97,12.9,260.0,0.7,945.2,949.2,2019-12-07 03:09:00,12.2,2019-12-07 07:20:00,82,2019-12-07 13:38:00,0.5,2019-12-07 02:57:00,0.5,2019-12-07 03:47:00,240.0,4.3,2019-12-07 23:50:00,16.2,2019-12-07 13:08:00,1024.9,3.86,3.0,1.5
2019-12-08,17.3,22.5,18.4,19.1,21.0,17.8,948.7,14.2,85,11.5,260.0,0.5,947.1,950.3,2019-12-08 14:49:00,10.2,2019-12-08 23:45:00,51,2019-12-08 12:32:00,0.5,2019-12-08 00:00:00,0.5,2019-12-08 00:21:00,250.0,4.0,2019-12-08 09:13:00,19.7,2019-12-08 12:48:00,1026.5,11.72,7.4,0.5
2019-12-09,16.2,22.2,17.5,18.4,20.5,16.9,947.6,13.1,84,10.2,330.0,0.8,945.6,949.4,2019-12-09 17:28:00,7.6,2019-12-09 06:49:00,54,2019-12-09 10:50:00,0.0,2019-12-09 00:00:00,0.0,2019-12-09 00:00:00,320.0,4.8,2019-12-09 07:52:00,19.6,2019-12-09 12:49:00,1025.3,13.87,7.7,0.0
2019-12-10,16.2,22.2,17.5,18.4,20.5,16.9,947.6,13.1,84,10.2,330.0,0.8,945.6,949.4,2019-12-09 17:28:00,7.6,2019-12-09 06:49:00,54,2019-12-09 10:50:00,0.0,2019-12-09 00:00:00,0.0,2019-12-09 00:00:00,320.0,4.8,2019-12-09 07:52:00,19.6,2019-12-09 12:49:00,1025.3,13.87,7.7,0.0
2019-12-11,16.2,22.2,17.5,18.4,20.5,16.9,947.6,13.1,84,10.2,330.0,0.8,945.6,949.4,2019-12-09 17:28:00,7.6,2019-12-09 06:49:00,54,2019-12-09 10:50:00,0.0,2019-12-09 00:00:00,0.0,2019-12-09 00:00:00,320.0,4.8,2019-12-09 07:52:00,19.6,2019-12-09 12:49:00,1025.3,13.87,7.7,0.0
2019-12-12,14.3,21.8,16.2,17.7,19.9,15.2,947.6,14.9,80,11.0,260.0,0.8,945.9,949.9,2019-12-12 13:59:00,8.0,2019-12-12 06:10:00,44,2019-12-12 12:43:00,0.0,2019-12-12 00:00:00,0.0,2019-12-12 00:00:00,240.0,6.7,2019-12-12 21:52:00,23.2,2019-12-12 13:13:00,1025.3,16.40,8.4,0.0
2019-12-13,16.3,21.6,17.3,18.0,19.7,16.7,949.8,14.3,83,11.0,300.0,0.4,948.2,951.9,2019-12-13 15:38:00,8.7,2019-12-13 06:33:00,43,2019-12-13 10:33:00,0.0,2019-12-13 00:00:00,0.0,2019-12-13 00:00:00,20.0,4.6,2019-12-13 08:53:00,22.8,2019-12-13 13:40:00,1027.7,15.54,7.8,0.0
2019-12-14,16.2,21.5,17.1,17.9,19.7,16.6,949.2,14.8,80,10.5,350.0,0.5,947.3,951.7,2019-12-14 15:07:00,7.7,2019-12-14 06:44:00,42,2019-12-14 14:13:00,0.0,2019-12-14 00:00:00,0.0,2019-12-14 00:00:00,40.0,3.5,2019-12-14 09:00:00,24.2,2019-12-14 14:56:00,1027.0,16.60,8.6,0.0
2019-12-15,16.8,21.3,17.2,17.8,19.4,16.9,948.2,15.9,82,12.3,340.0,0.4,946.5,950.4,2019-12-15 14:51:00,9.6,2019-12-15 03:53:00,43,2019-12-15 13:44:00,0.0,2019-12-15 00:00:00,0.0,2019-12-15 00:00:00,50.0,3.6,2019-12-15 09:18:00,25.2,2019-12-15 13:44:00,1025.9,16.61,8.6,0.0
2019-12-16,17.1,21.1,17.5,18.0,19.3,17.2,946.9,16.4,83,13.1,40.0,0.4,944.1,948.9,2019-12-16 15:32:00,9.6,2019-12-16 06:39:00,51,2019-12-16 15:18:00,0.0,2019-12-16 00:00:00,0.0,2019-12-16 00:00:00,60.0,4.8,2019-12-16 08:57:00,25.1,2019-12-16 15:05:00,1024.5,16.18,8.6,0.0
2019-12-17,17.8,21.0,18.0,18.3,19.3,17.7,947.1,17.3,84,14.2,360.0,0.3,945.2,949.1,2019-12-17 15:08:00,11.3,2019-12-17 06:40:00,51,2019-12-17 13:41:00,0.0,2019-12-17 00:00:00,0.0,2019-12-17 00:00:00,310.0,3.6,2019-12-17 09:52:00,25.4,2019-12-17 14:59:00,1024.7,16.15,8.4,0.0
2019-12-18,18.9,21.0,18.7,18.8,19.5,18.6,947.0,18.7,84,15.7,260.0,0.6,944.5,948.6,2019-12-18 14:51:00,13.2,2019-12-18 07:28:00,56,2019-12-18 13:44:00,0.0,2019-12-18 00:00:00,0.0,2019-12-18 00:00:00,240.0,5.3,2019-12-18 09:14:00,25.8,2019-12-18 13:44:00,1024.5,14.77,8.5,0.0
2019-12-19,18.7,20.9,19.1,19.2,19.6,18.8,947.0,17.3,85,14.4,260.0,0.8,945.4,948.1,2019-12-19 12:57:00,12.4,2019-12-19 07:01:00,45,2019-12-19 11:18:00,0.0,2019-12-19 00:00:00,0.0,2019-12-19 00:00:00,230.0,9.1,2019-12-19 08:57:00,24.7,2019-12-19 11:52:00,1024.5,16.32,8.4,0.0
2019-12-20,17.0,20.8,17.9,18.7,19.7,17.4,946.6,15.5,91,13.8,220.0,0.7,945.1,947.6,2019-12-20 16:46:00,11.7,2019-12-20 06:39:00,53,2019-12-20 12:12:00,5.5,2019-12-20 13:22:00,2.0,2019-12-20 14:55:00,240.0,6.4,2019-12-20 09:21:00,22.0,2019-12-20 12:12:00,1024.1,5.92,4.6,12.0
2019-12-21,17.5,20.8,18.0,18.5,19.6,17.7,945.1,16.5,92,15.1,210.0,0.5,943.6,947.2,2019-12-21 14:11:00,12.4,2019-12-21 03:34:00,62,2019-12-21 12:38:00,0.5,2019-12-21 03:32:00,0.5,2019-12-21 04:22:00,20.0,2.4,2019-12-21 09:22:00,22.0,2019-12-21 12:32:00,1022.6,8.30,7.8,0.5
2019-12-22,18.7,20.8,18.9,19.0,19.6,18.7,943.7,18.1,86,15.5,260.0,0.6,941.7,945.3,2019-12-22 14:43:00,14.1,2019-12-22 06:53:00,55,2019-12-22 10:37:00,0.0,2019-12-22 00:00:00,0.0,2019-12-22 00:00:00,250.0,4.1,2019-12-22 09:00:00,24.7,2019-12-22 13:08:00,1021.0,11.81,8.0,0.0
2019-12-23,18.6,20.8,18.9,19.2,19.8,18.7,944.6,17.7,87,15.2,250.0,0.6,943.1,946.5,2019-12-23 14:22:00,14.0,2019-12-23 07:33:00,50,2019-12-23 10:43:00,0.0,2019-12-23 00:00:00,0.0,2019-12-23 00:00:00,270.0,5.2,2019-12-23 23:25:00,25.0,2019-12-23 10:42:00,1022.0,9.68,7.5,0.0
2019-12-24,18.0,20.8,18.6,19.1,19.9,18.3,946.1,16.8,84,13.5,250.0,0.6,944.2,947.8,2019-12-24 14:55:00,11.2,2019-12-24 06:57:00,42,2019-12-24 11:09:00,0.0,2019-12-24 00:00:00,0.0,2019-12-24 00:00:00,240.0,5.0,2019-12-24 09:29:00,24.4,2019-12-24 12:38:00,1023.6,14.49,8.6,0.0
2019-12-25,18.7,20.8,18.9,19.1,19.9,18.7,944.4,18.1,78,13.7,330.0,0.7,941.6,946.5,2019-12-25 15:37:00,12.6,2019-12-25 03:28:00,45,2019-12-25 12:50:00,0.0,2019-12-25 00:00:00,0.0,2019-12-25 00:00:00,240.0,5.0,2019-12-25 08:33:00,26.2,2019-12-25 12:50:00,1021.7,16.29,8.6,0.0
2019-12-26,18.4,20.8,18.7,19.1,19.9,18.4,944.0,18.0,81,14.4,200.0,0.4,941.8,945.9,2019-12-26 14:53:00,11.9,2019-12-26 06:25:00,47,2019-12-26 12:27:00,0.0,2019-12-26 00:00:00,0.0,2019-12-26 00:00:00,10.0,3.9,2019-12-26 08:43:00,26.0,2019-12-26 11:06:00,1021.3,11.84,7.3,0.0
2019-12-27,18.6,20.8,19.0,19.3,19.9,18.7,945.4,16.8,86,14.3,240.0,0.7,943.6,947.8,2019-12-27 14:12:00,13.0,2019-12-27 23:25:00,55,2019-12-27 13:43:00,0.0,2019-12-27 00:00:00,0.0,2019-12-27 00:00:00,200.0,5.9,2019-12-27 20:24:00,24.7,2019-12-27 13:25:00,1022.8,11.47,6.7,0.0
2019-12-28,18.1,20.8,18.6,19.1,20.0,18.3,946.7,16.9,86,14.4,70.0,0.6,945.2,948.7,2019-12-28 14:43:00,12.9,2019-12-28 06:53:00,60,2019-12-28 12:52:00,0.0,2019-12-28 00:00:00,0.0,2019-12-28 00:00:00,10.0,2.9,2019-12-28 08:49:00,22.3,2019-12-28 10:50:00,1024.2,9.28,6.6,0.0
2019-12-29,17.7,20.8,18.4,18.9,19.9,18.0,946.9,16.4,99,16.3,100.0,0.6,946.0,948.6,2019-12-29 13:57:00,14.8,2019-12-29 23:51:00,94,2019-12-29 01:01:00,7.5,2019-12-29 12:32:00,2.0,2019-12-29 13:15:00,190.0,3.9,2019-12-29 10:04:00,17.6,2019-12-29 14:36:00,1024.5,1.15,0.0,55.5
2019-12-30,17.7,20.8,18.4,18.9,19.9,18.0,946.9,16.4,99,16.3,100.0,0.6,946.0,948.6,2019-12-29 13:57:00,14.8,2019-12-29 23:51:00,94,2019-12-29 01:01:00,7.5,2019-12-29 12:32:00,2.0,2019-12-29 13:15:00,190.0,3.9,2019-12-29 10:04:00,17.6,2019-12-29 14:36:00,1024.5,1.15,0.0,55.5
2019-12-31,18.7,20.6,18.8,18.9,19.6,18.7,950.6,17.9,94,16.9,270.0,0.7,949.1,952.4,2019-12-31 14:18:00,16.1,2019-12-31 05:53:00,77,2019-12-31 13:58:00,13.5,2019-12-31 04:16:00,5.0,2019-12-31 04:21:00,270.0,4.2,2019-12-31 09:57:00,21.2,2019-12-31 13:55:00,1028.4,7.60,5.9,28.5
