日期,平均地溫0cm(℃),平均地溫100cm(℃),平均地溫10cm(℃),平均地溫20cm(℃),平均地溫50cm(℃),平均地溫5cm(℃),平均氣壓(hPa),平均氣溫(℃),平均相對溼度( %),平均露點溫度(℃),平均風向(°),平均風速(ms),日最低氣壓(hPa),日最高氣壓(hPa),最低氣壓時間,最低氣溫(℃),最低氣溫時間,最低相對溼度( %),最低相對溼度時間,最大六十分鐘降水量(mm),最大六十分鐘降水量起始時間,最大十分鐘降水量(mm),最大十分鐘降水量起始時間,最大陣風風向(°),最大陣風風速(ms),最高氣壓時間,最高氣溫(℃),最高氣溫時間,海平面氣壓(hPa),累積日射量(MJm2),累積日照時數(hr),累積蒸發量(mm),累計雨量(mm)
2021-01-01,15.1,21.8,16.1,17.4,20.8,15.7,1022.8,13.4,68,7.7,30.0,4.6,1020.4,1025.1,2021-01-01 15:59:00,10.3,2021-01-01 06:43:00,53,2021-01-01 11:43:00,0.0,2021-01-01 00:00:00,0.0,2021-01-01 00:00:00,10.0,11.1,2021-01-01 08:39:00,16.8,2021-01-01 14:04:00,1023.1,16.61,8.8,0,0.0
2021-01-02,16.0,21.5,16.6,17.6,20.4,16.4,1021.0,14.8,77,10.9,20.0,4.8,1018.6,1022.5,2021-01-02 14:40:00,11.5,2021-01-02 07:03:00,64,2021-01-02 12:02:00,0.0,2021-01-02 00:00:00,0.0,2021-01-02 00:00:00,30.0,12.2,2021-01-02 09:29:00,17.5,2021-01-02 12:40:00,1021.2,16.73,9.0,0,0.0
2021-01-03,17.3,21.3,17.3,18.0,20.3,17.3,1020.9,16.6,82,13.6,20.0,5.9,1018.6,1022.8,2021-01-03 14:22:00,13.9,2021-01-03 05:49:00,67,2021-01-03 11:02:00,0.0,2021-01-03 00:00:00,0.0,2021-01-03 00:00:00,20.0,14.8,2021-01-03 09:02:00,19.3,2021-01-03 13:23:00,1021.2,17.19,9.1,0,0.0
2021-01-04,18.5,21.1,18.1,18.5,20.3,18.3,1019.4,17.6,86,15.3,20.0,6.5,1017.4,1021.6,2021-01-04 14:56:00,16.3,2021-01-04 05:47:00,75,2021-01-04 11:21:00,0.0,2021-01-04 00:00:00,0.0,2021-01-04 00:00:00,10.0,13.6,2021-01-04 00:03:00,19.7,2021-01-04 11:25:00,1019.7,15.06,8.8,0,0.0
2021-01-05,18.7,21.0,18.5,18.9,20.4,18.6,1018.0,17.6,84,14.9,20.0,8.2,1015.9,1019.7,2021-01-05 14:23:00,16.2,2021-01-05 23:13:00,78,2021-01-05 13:40:00,0.0,2021-01-05 00:00:00,0.0,2021-01-05 00:00:00,30.0,18.1,2021-01-05 09:16:00,18.9,2021-01-05 12:01:00,1018.2,15.50,8.5,0,0.0
2021-01-06,18.6,20.9,18.4,18.9,20.5,18.6,1017.3,16.9,80,13.5,20.0,4.9,1014.7,1019.4,2021-01-06 15:39:00,15.7,2021-01-06 23:55:00,68,2021-01-06 12:03:00,0.0,2021-01-06 00:00:00,0.0,2021-01-06 00:00:00,30.0,12.2,2021-01-06 07:59:00,19.4,2021-01-06 12:02:00,1017.5,9.25,7.0,0,0.0
2021-01-07,16.9,20.9,17.7,18.6,20.6,17.5,1018.2,14.6,80,11.3,30.0,7.8,1016.2,1020.2,2021-01-07 14:25:00,12.1,2021-01-08 00:00:00,69,2021-01-07 14:53:00,0.0,2021-01-07 00:00:00,0.0,2021-01-07 00:00:00,30.0,17.7,2021-01-08 00:00:00,16.6,2021-01-07 15:01:00,1018.5,9.06,6.9,0,0.0
2021-01-08,13.8,20.8,15.8,17.4,20.3,15.1,1021.6,10.3,68,4.7,30.0,8.5,1020.1,1023.2,2021-01-08 00:14:00,9.2,2021-01-08 20:46:00,56,2021-01-08 23:50:00,0.0,2021-01-08 00:00:00,0.0,2021-01-08 00:00:00,20.0,18.8,2021-01-08 21:50:00,12.1,2021-01-08 00:04:00,1021.9,4.59,5.8,0,0.0
2021-01-09,13.5,20.7,15.0,16.5,19.7,14.5,1021.8,10.6,60,3.2,30.0,6.8,1019.4,1023.8,2021-01-09 15:15:00,8.7,2021-01-09 07:36:00,50,2021-01-09 01:04:00,0.0,2021-01-09 00:00:00,0.0,2021-01-09 00:00:00,30.0,17.4,2021-01-09 09:15:00,13.4,2021-01-09 14:32:00,1022.1,10.72,7.8,0,0.0
2021-01-10,14.7,20.4,15.3,16.4,19.3,15.1,1021.2,12.7,68,7.1,30.0,3.9,1018.8,1023.1,2021-01-10 15:25:00,8.3,2021-01-10 06:59:00,54,2021-01-10 10:01:00,0.0,2021-01-10 00:00:00,0.0,2021-01-10 00:00:00,20.0,13.2,2021-01-10 10:02:00,16.6,2021-01-10 14:17:00,1021.5,15.76,8.4,0,0.0
2021-01-11,15.9,20.2,16.3,17.0,19.2,16.2,1021.5,13.6,76,9.6,20.0,7.3,1019.7,1023.4,2021-01-11 14:35:00,10.6,2021-01-11 23:58:00,69,2021-01-11 12:27:00,0.0,2021-01-11 00:00:00,0.0,2021-01-11 00:00:00,20.0,17.4,2021-01-11 09:14:00,15.8,2021-01-11 12:25:00,1021.7,10.56,7.9,0,0.0
2021-01-12,14.5,20.0,15.4,16.6,19.1,15.1,1020.5,12.1,65,5.8,30.0,7.7,1018.2,1022.9,2021-01-12 15:18:00,10.1,2021-01-12 02:08:00,50,2021-01-12 13:29:00,0.0,2021-01-12 00:00:00,0.0,2021-01-12 00:00:00,20.0,16.5,2021-01-12 00:34:00,14.6,2021-01-12 13:45:00,1020.7,16.53,8.8,0,0.0
2021-01-13,14.9,19.8,15.4,16.3,18.9,15.2,1018.2,13.5,67,7.6,30.0,4.2,1016.0,1019.8,2021-01-13 14:39:00,8.8,2021-01-13 07:03:00,53,2021-01-13 11:31:00,0.0,2021-01-13 00:00:00,0.0,2021-01-13 00:00:00,20.0,11.3,2021-01-13 09:33:00,17.8,2021-01-13 13:26:00,1018.5,17.95,9.2,0,0.0
2021-01-14,15.6,19.6,15.8,16.5,18.7,15.7,1017.1,15.0,75,10.4,30.0,2.5,1015.0,1018.7,2021-01-14 14:49:00,10.3,2021-01-14 06:35:00,50,2021-01-14 14:39:00,0.0,2021-01-14 00:00:00,0.0,2021-01-14 00:00:00,10.0,8.4,2021-01-14 09:27:00,20.0,2021-01-14 15:15:00,1017.3,18.02,9.2,0,0.0
2021-01-15,16.6,19.5,16.4,16.8,18.7,16.5,1015.4,15.9,79,12.4,30.0,3.1,1012.3,1017.5,2021-01-15 15:05:00,11.6,2021-01-15 06:54:00,56,2021-01-15 14:07:00,0.0,2021-01-15 00:00:00,0.0,2021-01-15 00:00:00,30.0,9.4,2021-01-15 00:14:00,20.7,2021-01-15 14:58:00,1015.7,17.23,9.1,0,0.0
2021-01-16,17.2,19.4,16.9,17.2,18.8,17.0,1016.0,16.6,82,13.5,30.0,4.6,1013.9,1018.6,2021-01-16 15:15:00,13.1,2021-01-16 05:35:00,65,2021-01-16 12:10:00,0.0,2021-01-16 00:00:00,0.0,2021-01-16 00:00:00,30.0,15.8,2021-01-16 23:33:00,20.0,2021-01-16 11:24:00,1016.2,17.04,9.1,0,0.0
2021-01-17,16.6,19.3,16.9,17.4,19.0,16.8,1020.3,15.0,73,10.4,30.0,9.4,1018.3,1022.8,2021-01-17 02:49:00,13.0,2021-01-18 00:00:00,64,2021-01-17 10:42:00,0.0,2021-01-17 00:00:00,0.0,2021-01-17 00:00:00,20.0,19.7,2021-01-17 22:01:00,16.7,2021-01-17 12:56:00,1020.6,14.55,8.6,0,0.0
2021-01-18,16.1,19.3,16.3,17.0,18.9,16.3,1020.8,14.3,72,9.4,20.0,5.0,1018.2,1022.7,2021-01-18 14:52:00,11.4,2021-01-18 06:55:00,59,2021-01-18 11:16:00,0.0,2021-01-18 00:00:00,0.0,2021-01-18 00:00:00,20.0,14.1,2021-01-18 00:20:00,17.5,2021-01-18 12:59:00,1021.0,16.43,8.9,0,0.0
2021-01-19,17.2,19.3,16.8,17.2,18.9,17.0,1019.1,16.1,76,11.8,20.0,3.7,1017.8,1020.4,2021-01-19 14:55:00,12.5,2021-01-19 07:06:00,54,2021-01-19 11:32:00,0.0,2021-01-19 00:00:00,0.0,2021-01-19 00:00:00,20.0,11.0,2021-01-19 09:21:00,20.0,2021-01-19 13:22:00,1019.4,16.99,9.1,0,0.0
2021-01-20,18.3,19.2,17.7,17.8,19.0,18.0,1017.6,17.0,89,15.2,20.0,4.9,1015.7,1019.4,2021-01-20 15:55:00,15.8,2021-01-20 06:55:00,80,2021-01-20 10:29:00,0.0,2021-01-20 00:00:00,0.0,2021-01-20 00:00:00,20.0,11.5,2021-01-20 09:01:00,18.8,2021-01-20 12:42:00,1017.8,16.54,8.7,0,0.0
2021-01-21,19.7,19.2,18.5,18.4,19.2,19.0,1014.5,18.3,89,16.6,20.0,3.3,1012.2,1016.9,2021-01-21 15:27:00,16.2,2021-01-21 06:38:00,79,2021-01-21 12:34:00,0.0,2021-01-21 00:00:00,0.0,2021-01-21 00:00:00,20.0,8.4,2021-01-21 00:06:00,21.7,2021-01-21 13:39:00,1014.7,13.57,8.0,0,0.0
2021-01-22,19.7,19.3,19.0,19.0,19.5,19.4,1010.9,18.3,93,17.2,20.0,3.5,1008.9,1012.7,2021-01-22 15:46:00,17.1,2021-01-22 08:10:00,86,2021-01-22 11:37:00,0.0,2021-01-22 00:00:00,0.0,2021-01-22 00:00:00,20.0,9.0,2021-01-22 00:09:00,19.8,2021-01-22 11:34:00,1011.2,6.24,6.4,0,0.0
2021-01-23,19.3,19.4,18.8,18.9,19.7,19.1,1012.6,18.1,93,17.0,20.0,3.8,1010.2,1015.4,2021-01-23 15:58:00,16.9,2021-01-23 19:11:00,84,2021-01-23 13:45:00,0.0,2021-01-23 00:00:00,0.0,2021-01-23 00:00:00,20.0,11.4,2021-01-23 23:04:00,20.2,2021-01-23 16:32:00,1012.9,8.81,6.3,0,0.0
2021-01-24,18.8,19.5,18.6,18.8,19.8,18.7,1016.3,17.3,86,14.9,30.0,4.2,1014.7,1017.8,2021-01-24 02:47:00,16.4,2021-01-24 22:48:00,77,2021-01-24 14:18:00,0.0,2021-01-24 00:00:00,0.0,2021-01-24 00:00:00,30.0,14.2,2021-01-24 10:05:00,18.9,2021-01-24 11:43:00,1016.6,9.74,8.2,0,0.0
2021-01-25,18.8,19.5,18.4,18.7,19.8,18.6,1016.9,17.4,84,14.8,20.0,4.8,1014.7,1019.2,2021-01-25 15:15:00,15.3,2021-01-25 07:00:00,67,2021-01-25 10:07:00,0.0,2021-01-25 00:00:00,0.0,2021-01-25 00:00:00,20.0,12.5,2021-01-25 07:24:00,21.2,2021-01-25 10:08:00,1017.2,17.70,9.1,0,0.0
2021-01-26,18.5,19.6,18.4,18.7,19.8,18.5,1016.2,16.9,90,15.3,20.0,3.7,1014.2,1018.2,2021-01-26 15:28:00,15.2,2021-01-26 03:52:00,79,2021-01-26 13:49:00,0.0,2021-01-26 00:00:00,0.0,2021-01-26 00:00:00,30.0,9.3,2021-01-26 10:06:00,18.8,2021-01-26 13:07:00,1016.5,11.91,7.9,0,0.0
2021-01-27,19.1,19.6,18.6,18.8,19.9,18.9,1016.6,17.3,86,14.9,20.0,4.8,1014.2,1018.7,2021-01-27 15:14:00,15.7,2021-01-27 23:38:00,73,2021-01-27 12:05:00,0.0,2021-01-27 00:00:00,0.0,2021-01-27 00:00:00,30.0,11.4,2021-01-27 09:52:00,19.9,2021-01-27 12:35:00,1016.9,14.20,8.1,0,0.0
2021-01-28,18.5,19.6,18.4,18.8,19.9,18.5,1019.0,16.5,81,13.2,20.0,7.1,1017.5,1020.8,2021-01-28 15:16:00,14.9,2021-01-29 00:00:00,62,2021-01-28 22:27:00,0.0,2021-01-28 00:00:00,0.0,2021-01-28 00:00:00,30.0,17.1,2021-01-28 22:46:00,18.7,2021-01-28 10:51:00,1019.3,16.60,8.6,0,0.0
2021-01-29,17.7,19.7,17.9,18.4,19.9,17.9,1020.6,15.6,68,9.7,20.0,5.7,1019.3,1022.4,2021-01-29 03:32:00,13.6,2021-01-29 05:35:00,52,2021-01-29 10:39:00,0.0,2021-01-29 00:00:00,0.0,2021-01-29 00:00:00,360.0,13.7,2021-01-29 22:56:00,18.9,2021-01-29 12:39:00,1020.9,15.16,8.0,0,0.0
2021-01-30,18.1,19.7,18.0,18.4,19.8,18.1,1022.1,16.5,78,12.7,10.0,3.0,1020.5,1023.6,2021-01-30 15:08:00,13.2,2021-01-30 06:54:00,62,2021-01-30 12:28:00,0.0,2021-01-30 00:00:00,0.0,2021-01-30 00:00:00,20.0,8.3,2021-01-30 09:22:00,19.9,2021-01-30 13:31:00,1022.3,17.69,9.2,0,0.0
2021-01-31,18.4,19.7,18.2,18.5,19.8,18.3,1021.7,16.9,86,14.5,30.0,2.9,1019.9,1024.0,2021-01-31 15:33:00,14.5,2021-01-31 05:22:00,67,2021-01-31 13:10:00,0.0,2021-01-31 00:00:00,0.0,2021-01-31 00:00:00,20.0,6.9,2021-01-31 09:34:00,20.8,2021-01-31 13:21:00,1021.9,17.52,9.3,0,0.0
2021-02-01,18.5,19.6,18.3,18.5,19.8,18.4,1019.2,18.1,72,12.7,30.0,2.2,1017.1,1021.4,2021-02-01 15:10:00,13.6,2021-02-01 06:04:00,37,2021-02-01 12:15:00,0.0,2021-02-01 00:00:00,0.0,2021-02-01 00:00:00,20.0,7.9,2021-02-01 09:14:00,23.1,2021-02-01 13:26:00,1019.5,18.68,9.4,0,0.0
2021-02-02,18.5,19.6,18.2,18.6,19.8,18.4,1019.1,17.7,76,13.4,20.0,4.7,1017.2,1021.0,2021-02-02 15:11:00,14.1,2021-02-02 05:38:00,50,2021-02-02 10:11:00,0.0,2021-02-02 00:00:00,0.0,2021-02-02 00:00:00,10.0,15.5,2021-02-02 09:50:00,21.0,2021-02-02 13:48:00,1019.4,18.37,9.3,0,0.0
2021-02-03,19.0,19.6,18.6,18.8,19.8,18.8,1020.9,17.5,79,13.9,30.0,3.4,1019.1,1022.9,2021-02-03 14:53:00,15.4,2021-02-03 07:01:00,65,2021-02-03 11:21:00,0.0,2021-02-03 00:00:00,0.0,2021-02-03 00:00:00,10.0,10.6,2021-02-03 09:04:00,21.6,2021-02-03 13:33:00,1021.2,18.18,9.3,0,0.0
2021-02-04,18.9,19.6,18.6,18.8,19.9,18.7,1020.9,17.1,87,14.9,20.0,3.6,1019.0,1023.4,2021-02-04 15:10:00,14.8,2021-02-04 03:55:00,75,2021-02-04 14:06:00,0.0,2021-02-04 00:00:00,0.0,2021-02-04 00:00:00,30.0,10.4,2021-02-04 09:55:00,20.0,2021-02-04 12:45:00,1021.2,16.20,9.2,0,0.0
2021-02-05,19.6,19.6,18.9,19.0,20.0,19.2,1019.1,18.4,84,15.7,10.0,2.0,1017.4,1021.3,2021-02-05 15:21:00,15.5,2021-02-05 03:53:00,68,2021-02-05 13:59:00,0.0,2021-02-05 00:00:00,0.0,2021-02-05 00:00:00,50.0,4.9,2021-02-05 09:32:00,22.1,2021-02-05 13:58:00,1019.4,18.39,9.3,0,0.0
2021-02-06,20.3,19.6,19.3,19.3,20.1,19.7,1017.4,19.6,79,15.7,20.0,2.2,1015.5,1019.7,2021-02-06 15:31:00,15.7,2021-02-06 07:04:00,59,2021-02-06 11:50:00,0.0,2021-02-06 00:00:00,0.0,2021-02-06 00:00:00,40.0,6.4,2021-02-06 09:48:00,23.3,2021-02-06 15:38:00,1017.7,19.03,9.5,0,0.0
2021-02-07,20.1,19.7,19.5,19.5,20.2,19.8,1017.5,18.2,86,15.9,20.0,3.8,1015.5,1019.7,2021-02-07 15:18:00,15.7,2021-02-07 07:41:00,74,2021-02-07 12:41:00,0.0,2021-02-07 00:00:00,0.0,2021-02-07 00:00:00,360.0,12.7,2021-02-07 09:41:00,21.8,2021-02-07 14:27:00,1017.7,17.70,8.5,0,0.0
2021-02-08,20.7,19.7,19.8,19.8,20.4,20.2,1018.1,19.1,84,16.4,30.0,3.6,1016.5,1019.9,2021-02-08 15:51:00,16.4,2021-02-08 01:55:00,68,2021-02-08 12:49:00,0.0,2021-02-08 00:00:00,0.0,2021-02-08 00:00:00,20.0,12.0,2021-02-08 22:51:00,23.1,2021-02-08 13:00:00,1018.3,16.16,8.3,0,0.0
2021-02-09,20.4,19.8,19.8,19.9,20.5,20.1,1017.9,18.8,79,15.1,10.0,4.7,1016.1,1020.0,2021-02-09 15:58:00,16.6,2021-02-09 06:48:00,70,2021-02-09 13:12:00,0.0,2021-02-09 00:00:00,0.0,2021-02-09 00:00:00,30.0,12.0,2021-02-09 09:52:00,20.8,2021-02-09 10:57:00,1018.1,16.21,9.3,0,0.0
2021-02-10,20.5,19.9,19.9,19.9,20.6,20.2,1013.4,18.6,85,16.2,20.0,4.5,1010.8,1017.1,2021-02-10 16:06:00,17.7,2021-02-10 20:47:00,78,2021-02-10 12:53:00,0.0,2021-02-10 00:00:00,0.0,2021-02-10 00:00:00,10.0,9.6,2021-02-10 00:01:00,20.1,2021-02-10 12:54:00,1013.6,11.82,7.8,0,0.0
2021-02-11,19.2,20.0,19.3,19.7,20.7,19.4,1010.6,17.7,91,16.2,20.0,7.2,1009.0,1012.4,2021-02-11 15:35:00,16.4,2021-02-11 05:44:00,80,2021-02-11 10:38:00,5.0,2021-02-11 05:24:00,2.0,2021-02-11 02:43:00,20.0,17.7,2021-02-11 22:52:00,21.6,2021-02-11 10:36:00,1010.8,11.47,7.2,0,15.0
2021-02-12,18.8,20.0,18.6,19.1,20.5,18.7,1013.5,17.6,88,15.7,20.0,6.4,1011.6,1015.3,2021-02-12 01:12:00,16.2,2021-02-12 05:25:00,80,2021-02-12 11:33:00,0.0,2021-02-12 00:00:00,0.0,2021-02-12 00:00:00,20.0,13.1,2021-02-12 22:37:00,19.3,2021-02-12 12:59:00,1013.7,14.62,7.1,0,0.0
2021-02-13,19.9,20.0,19.2,19.4,20.4,19.5,1014.8,19.0,87,16.9,20.0,4.8,1013.1,1016.5,2021-02-13 16:13:00,17.7,2021-02-13 04:34:00,76,2021-02-13 11:25:00,0.0,2021-02-13 00:00:00,0.0,2021-02-13 00:00:00,20.0,12.0,2021-02-13 09:19:00,21.4,2021-02-13 11:46:00,1015.0,18.10,9.2,0,0.0
2021-02-14,19.9,20.0,19.5,19.6,20.5,19.7,1014.2,18.4,88,16.4,10.0,3.1,1012.5,1016.2,2021-02-14 15:28:00,16.8,2021-02-14 18:31:00,75,2021-02-14 11:57:00,0.0,2021-02-14 00:00:00,0.0,2021-02-14 00:00:00,30.0,10.1,2021-02-14 09:40:00,21.1,2021-02-14 13:18:00,1014.4,13.12,8.2,0,0.0
2021-02-15,19.6,20.0,19.2,19.4,20.5,19.4,1014.5,18.6,85,16.0,20.0,3.8,1013.4,1015.8,2021-02-15 04:27:00,15.7,2021-02-15 06:47:00,71,2021-02-15 10:12:00,0.0,2021-02-15 00:00:00,0.0,2021-02-15 00:00:00,10.0,10.8,2021-02-15 09:50:00,21.2,2021-02-15 11:56:00,1014.8,19.69,9.7,0,0.0
2021-02-16,20.3,20.0,19.6,19.7,20.5,19.9,1015.4,19.5,82,16.3,20.0,3.2,1013.6,1017.1,2021-02-16 15:18:00,17.6,2021-02-16 01:16:00,68,2021-02-16 11:06:00,0.0,2021-02-16 00:00:00,0.0,2021-02-16 00:00:00,350.0,9.9,2021-02-16 08:55:00,23.2,2021-02-16 11:09:00,1015.7,18.69,9.1,0,0.0
2021-02-17,19.1,20.0,19.1,19.5,20.6,19.2,1018.2,17.9,74,13.2,30.0,7.6,1015.9,1021.1,2021-02-17 04:27:00,15.5,2021-02-17 23:55:00,62,2021-02-17 14:06:00,0.0,2021-02-17 00:00:00,0.0,2021-02-17 00:00:00,20.0,16.5,2021-02-17 22:17:00,19.6,2021-02-17 13:08:00,1018.4,17.86,9.5,0,0.0
2021-02-18,17.7,20.0,18.0,18.7,20.4,17.9,1022.5,16.1,61,8.7,30.0,6.3,1020.7,1024.3,2021-02-18 03:08:00,13.4,2021-02-18 23:56:00,47,2021-02-18 10:25:00,0.0,2021-02-18 00:00:00,0.0,2021-02-18 00:00:00,10.0,14.9,2021-02-18 22:10:00,19.0,2021-02-18 11:43:00,1022.7,20.06,9.6,0,0.0
2021-02-19,17.5,20.0,17.6,18.2,20.1,17.6,1022.3,15.9,69,10.2,360.0,1.8,1020.5,1024.4,2021-02-19 17:17:00,11.5,2021-02-19 05:29:00,52,2021-02-19 11:33:00,0.0,2021-02-19 00:00:00,0.0,2021-02-19 00:00:00,320.0,5.8,2021-02-19 09:35:00,19.8,2021-02-19 13:35:00,1022.6,19.84,9.6,0,0.0
2021-02-20,18.4,19.9,18.0,18.4,19.9,18.2,1019.9,17.3,74,12.5,20.0,1.9,1018.1,1022.0,2021-02-20 15:36:00,12.7,2021-02-20 06:49:00,52,2021-02-20 11:29:00,0.0,2021-02-20 00:00:00,0.0,2021-02-20 00:00:00,330.0,6.5,2021-02-20 10:40:00,21.2,2021-02-20 11:27:00,1020.2,20.50,9.8,0,0.0
2021-02-21,19.4,19.8,18.7,18.8,19.9,19.0,1017.8,19.0,69,13.0,30.0,1.9,1016.0,1020.4,2021-02-21 18:07:00,14.2,2021-02-21 04:09:00,45,2021-02-21 10:40:00,0.0,2021-02-21 00:00:00,0.0,2021-02-21 00:00:00,10.0,5.7,2021-02-21 09:50:00,23.4,2021-02-21 14:53:00,1018.1,20.76,9.9,0,0.0
2021-02-22,20.6,19.8,19.5,19.4,20.1,19.9,1015.9,20.6,67,14.0,20.0,2.3,1014.1,1017.7,2021-02-22 17:28:00,15.5,2021-02-22 06:38:00,45,2021-02-22 13:46:00,0.0,2021-02-22 00:00:00,0.0,2021-02-22 00:00:00,320.0,6.6,2021-02-22 09:52:00,25.2,2021-02-22 11:57:00,1016.1,21.05,10.0,0,0.0
2021-02-23,21.2,19.8,20.2,20.0,20.3,20.6,1014.2,19.8,80,16.4,20.0,5.6,1012.2,1016.1,2021-02-23 16:18:00,18.4,2021-02-23 23:53:00,67,2021-02-23 06:20:00,0.0,2021-02-23 00:00:00,0.0,2021-02-23 00:00:00,20.0,13.6,2021-02-23 09:23:00,21.5,2021-02-23 12:29:00,1014.5,15.46,8.9,0,0.0
2021-02-24,21.6,19.8,20.5,20.3,20.6,21.0,1013.1,19.5,87,17.3,20.0,4.3,1011.1,1015.2,2021-02-24 15:44:00,18.4,2021-02-24 01:17:00,76,2021-02-24 11:39:00,0.0,2021-02-24 00:00:00,0.0,2021-02-24 00:00:00,20.0,10.7,2021-02-24 09:27:00,22.2,2021-02-24 12:51:00,1013.4,16.04,8.3,0,0.0
2021-02-25,22.6,19.9,21.2,20.9,20.9,21.8,1010.8,20.6,84,17.9,10.0,3.0,1008.5,1012.9,2021-02-25 19:11:00,18.7,2021-02-25 06:48:00,71,2021-02-25 11:39:00,0.0,2021-02-25 00:00:00,0.0,2021-02-25 00:00:00,20.0,8.6,2021-02-25 00:09:00,23.7,2021-02-25 11:47:00,1011.0,20.50,9.6,0,0.0
2021-02-26,22.8,20.1,21.6,21.3,21.2,22.1,1009.7,20.9,87,18.7,10.0,4.0,1007.9,1011.8,2021-02-26 15:49:00,19.3,2021-02-26 22:20:00,73,2021-02-26 13:31:00,0.0,2021-02-26 00:00:00,0.0,2021-02-26 00:00:00,20.0,10.8,2021-02-26 23:53:00,24.1,2021-02-26 13:30:00,1009.9,19.70,9.7,0,0.0
2021-02-27,21.8,20.2,21.3,21.3,21.5,21.6,1013.3,19.0,85,16.6,20.0,6.0,1011.2,1015.6,2021-02-27 01:47:00,17.6,2021-02-27 22:01:00,75,2021-02-27 10:56:00,0.0,2021-02-27 00:00:00,0.0,2021-02-27 00:00:00,20.0,14.3,2021-02-28 00:00:00,21.5,2021-02-27 14:07:00,1013.6,18.35,8.9,0,0.0
2021-02-28,21.4,20.4,20.9,21.0,21.5,21.2,1015.4,19.0,85,16.5,20.0,4.2,1013.7,1017.4,2021-02-28 15:55:00,16.6,2021-02-28 06:25:00,74,2021-02-28 10:41:00,0.0,2021-02-28 00:00:00,0.0,2021-02-28 00:00:00,10.0,11.4,2021-02-28 09:34:00,21.3,2021-02-28 16:07:00,1015.7,19.48,9.6,0,0.0
2021-03-01,22.9,20.5,21.6,21.3,21.6,22.1,1015.9,21.6,82,18.5,10.0,2.8,1014.1,1018.2,2021-03-01 17:19:00,18.1,2021-03-01 05:52:00,66,2021-03-01 10:49:00,0.0,2021-03-01 00:00:00,0.0,2021-03-01 00:00:00,10.0,9.2,2021-03-01 09:16:00,25.3,2021-03-01 13:36:00,1016.2,17.86,9.2,0,0.0
2021-03-02,22.0,20.5,21.7,21.6,21.8,21.9,1017.2,19.5,81,16.3,20.0,6.9,1014.9,1020.1,2021-03-02 03:58:00,16.3,2021-03-02 23:59:00,72,2021-03-02 12:56:00,0.0,2021-03-02 00:00:00,0.0,2021-03-02 00:00:00,10.0,17.9,2021-03-02 22:29:00,22.5,2021-03-02 00:32:00,1017.4,18.11,9.4,0,0.0
2021-03-03,20.7,20.6,20.6,20.9,21.7,20.8,1019.5,17.9,81,14.6,30.0,4.4,1017.8,1020.8,2021-03-03 15:47:00,15.7,2021-03-03 05:11:00,67,2021-03-03 11:55:00,0.0,2021-03-03 00:00:00,0.0,2021-03-03 00:00:00,10.0,13.5,2021-03-03 10:19:00,21.0,2021-03-03 12:02:00,1019.8,15.82,8.5,0,0.0
2021-03-04,21.4,20.7,20.8,20.9,21.6,21.1,1018.4,19.1,85,16.5,20.0,3.6,1016.6,1020.3,2021-03-04 16:32:00,16.5,2021-03-04 04:34:00,74,2021-03-04 22:27:00,0.0,2021-03-04 00:00:00,0.0,2021-03-04 00:00:00,30.0,8.4,2021-03-04 00:01:00,22.0,2021-03-04 13:02:00,1018.6,12.77,8.1,0,0.0
2021-03-05,22.4,20.7,21.4,21.3,21.7,21.8,1016.4,20.5,85,18.0,20.0,3.4,1014.8,1018.3,2021-03-05 14:09:00,18.8,2021-03-05 06:31:00,74,2021-03-05 13:06:00,0.0,2021-03-05 00:00:00,0.0,2021-03-05 00:00:00,10.0,9.2,2021-03-05 00:05:00,23.9,2021-03-05 13:05:00,1016.7,15.73,9.0,0,0.0
2021-03-06,22.9,20.7,21.9,21.7,21.8,22.4,1016.5,20.6,87,18.3,20.0,4.6,1014.8,1018.5,2021-03-06 15:41:00,18.6,2021-03-06 06:46:00,75,2021-03-06 14:31:00,0.0,2021-03-06 00:00:00,0.0,2021-03-06 00:00:00,20.0,13.4,2021-03-06 22:33:00,23.5,2021-03-06 14:30:00,1016.8,18.96,9.5,0,0.0
2021-03-07,21.9,20.8,21.6,21.7,22.0,21.8,1017.7,18.9,87,16.7,20.0,6.9,1015.7,1019.8,2021-03-07 03:10:00,17.3,2021-03-07 23:58:00,79,2021-03-07 11:47:00,0.0,2021-03-07 00:00:00,0.0,2021-03-07 00:00:00,20.0,16.8,2021-03-07 22:58:00,20.9,2021-03-07 11:49:00,1017.9,14.44,9.0,0,0.0
2021-03-08,21.4,20.9,21.2,21.3,22.0,21.4,1018.9,18.4,85,15.9,20.0,6.1,1016.8,1020.7,2021-03-08 15:40:00,16.8,2021-03-08 06:16:00,76,2021-03-08 11:06:00,0.0,2021-03-08 00:00:00,0.0,2021-03-08 00:00:00,20.0,13.7,2021-03-08 10:24:00,20.5,2021-03-08 14:49:00,1019.2,19.54,9.5,0,0.0
2021-03-09,21.6,20.9,21.2,21.3,22.0,21.4,1019.1,18.6,87,16.4,20.0,5.1,1017.0,1021.0,2021-03-09 15:19:00,17.0,2021-03-09 04:08:00,76,2021-03-09 11:56:00,0.0,2021-03-09 00:00:00,0.0,2021-03-09 00:00:00,20.0,13.9,2021-03-09 08:54:00,21.4,2021-03-09 12:02:00,1019.4,19.21,9.0,0,0.0
2021-03-10,21.9,20.9,21.4,21.4,22.0,21.7,1019.5,19.1,86,16.7,20.0,5.0,1017.2,1021.2,2021-03-10 15:50:00,17.5,2021-03-10 06:38:00,75,2021-03-10 11:11:00,0.0,2021-03-10 00:00:00,0.0,2021-03-10 00:00:00,20.0,13.0,2021-03-10 09:36:00,21.5,2021-03-10 11:46:00,1019.7,19.44,9.5,0,0.0
2021-03-11,21.9,21.0,21.5,21.5,22.0,21.8,1019.5,19.1,87,16.9,20.0,3.3,1017.6,1021.6,2021-03-11 15:57:00,18.0,2021-03-11 05:08:00,79,2021-03-11 09:42:00,0.0,2021-03-11 00:00:00,0.0,2021-03-11 00:00:00,30.0,9.1,2021-03-11 09:01:00,21.2,2021-03-11 10:23:00,1019.8,19.10,9.9,0,0.0
2021-03-12,22.9,21.0,21.9,21.7,22.1,22.3,1018.2,20.7,84,18.0,10.0,3.8,1016.2,1020.1,2021-03-12 16:43:00,18.3,2021-03-12 05:57:00,67,2021-03-12 11:38:00,0.0,2021-03-12 00:00:00,0.0,2021-03-12 00:00:00,10.0,11.0,2021-03-12 09:22:00,24.5,2021-03-12 12:43:00,1018.5,21.38,10.0,0,0.0
2021-03-13,22.4,21.0,21.9,21.9,22.2,22.2,1017.5,19.5,82,16.3,20.0,5.0,1015.5,1019.3,2021-03-13 16:05:00,18.3,2021-03-13 06:25:00,72,2021-03-13 11:53:00,0.0,2021-03-13 00:00:00,0.0,2021-03-13 00:00:00,20.0,15.9,2021-03-13 09:02:00,22.1,2021-03-13 12:42:00,1017.8,20.66,10.0,0,0.0
2021-03-14,22.5,21.1,21.9,21.9,22.3,22.2,1016.0,19.6,82,16.5,20.0,4.6,1014.2,1017.8,2021-03-14 14:57:00,17.6,2021-03-14 06:22:00,69,2021-03-14 10:54:00,0.0,2021-03-14 00:00:00,0.0,2021-03-14 00:00:00,20.0,11.4,2021-03-14 09:51:00,22.5,2021-03-14 10:53:00,1016.2,22.07,10.1,0,0.0
2021-03-15,22.9,21.1,22.2,22.1,22.3,22.6,1014.7,20.5,82,17.3,10.0,3.0,1013.0,1016.6,2021-03-15 16:25:00,17.9,2021-03-15 04:40:00,68,2021-03-15 21:43:00,0.0,2021-03-15 00:00:00,0.0,2021-03-15 00:00:00,30.0,10.4,2021-03-15 09:47:00,23.0,2021-03-15 12:17:00,1015.0,22.78,10.3,0,0.0
2021-03-16,24.4,21.2,23.0,22.6,22.5,23.6,1013.3,22.9,76,18.4,10.0,3.1,1011.5,1014.8,2021-03-16 15:59:00,20.3,2021-03-16 06:25:00,62,2021-03-16 11:10:00,0.0,2021-03-16 00:00:00,0.0,2021-03-16 00:00:00,340.0,8.6,2021-03-16 10:34:00,25.9,2021-03-16 12:42:00,1013.6,23.45,10.3,0,0.0
2021-03-17,24.8,21.2,23.5,23.1,22.8,24.1,1013.0,22.8,83,19.7,20.0,4.4,1011.3,1014.3,2021-03-17 15:37:00,21.5,2021-03-17 07:39:00,77,2021-03-17 10:57:00,0.0,2021-03-17 00:00:00,0.0,2021-03-17 00:00:00,20.0,10.2,2021-03-17 09:45:00,24.6,2021-03-17 12:05:00,1013.2,21.51,10.1,0,0.0
2021-03-18,24.1,21.4,23.5,23.3,23.0,23.9,1013.1,20.9,90,19.3,20.0,4.5,1011.4,1015.0,2021-03-18 15:58:00,19.0,2021-03-18 07:21:00,79,2021-03-18 13:26:00,0.0,2021-03-18 00:00:00,0.0,2021-03-18 00:00:00,20.0,10.5,2021-03-18 08:58:00,23.5,2021-03-18 13:42:00,1013.3,19.83,9.0,0,0.0
2021-03-19,24.8,21.5,23.7,23.4,23.2,24.3,1012.4,22.1,86,19.7,10.0,3.4,1010.1,1014.8,2021-03-19 16:15:00,20.1,2021-03-19 05:11:00,74,2021-03-19 14:02:00,0.0,2021-03-19 00:00:00,0.0,2021-03-19 00:00:00,20.0,8.2,2021-03-19 09:31:00,25.6,2021-03-19 14:01:00,1012.6,20.86,9.7,0,0.0
2021-03-20,25.5,21.6,24.2,23.7,23.3,24.7,1011.0,23.7,81,20.3,10.0,2.5,1009.3,1012.7,2021-03-20 14:59:00,21.5,2021-03-20 06:18:00,64,2021-03-20 11:26:00,0.0,2021-03-20 00:00:00,0.0,2021-03-20 00:00:00,20.0,9.1,2021-03-20 09:07:00,27.2,2021-03-20 12:13:00,1011.3,20.68,9.8,0,0.0
2021-03-21,23.4,21.7,23.6,23.7,23.6,23.7,1014.7,19.9,82,16.8,20.0,8.5,1011.4,1019.1,2021-03-21 01:59:00,16.2,2021-03-21 23:53:00,74,2021-03-21 21:03:00,0.0,2021-03-21 00:00:00,0.0,2021-03-21 00:00:00,20.0,19.6,2021-03-21 23:25:00,22.7,2021-03-21 00:01:00,1015.0,16.77,9.1,0,0.0
2021-03-22,19.4,21.9,20.9,22.0,23.3,20.5,1020.5,15.6,76,11.4,30.0,6.6,1018.2,1022.3,2021-03-22 02:41:00,14.4,2021-03-22 19:12:00,72,2021-03-22 10:20:00,0.0,2021-03-22 00:00:00,0.0,2021-03-22 00:00:00,30.0,16.1,2021-03-22 21:26:00,16.5,2021-03-22 08:49:00,1020.8,6.06,6.2,0,0.0
2021-03-23,20.4,21.9,20.4,21.0,22.7,20.5,1019.1,17.7,78,13.9,30.0,3.4,1016.6,1021.6,2021-03-23 15:46:00,14.5,2021-03-23 01:16:00,69,2021-03-23 13:18:00,0.0,2021-03-23 00:00:00,0.0,2021-03-23 00:00:00,30.0,9.3,2021-03-23 08:29:00,20.5,2021-03-23 14:47:00,1019.4,9.71,7.8,0,0.0
2021-03-24,20.0,21.8,20.4,21.0,22.4,20.3,1016.0,18.8,84,16.1,40.0,4.4,1013.6,1018.7,2021-03-24 17:22:00,17.0,2021-03-24 05:48:00,69,2021-03-24 23:56:00,3.5,2021-03-24 04:33:00,1.5,2021-03-24 04:51:00,20.0,12.1,2021-03-24 09:35:00,21.5,2021-03-24 16:53:00,1016.3,8.63,6.2,0,3.5
2021-03-25,20.3,21.6,20.1,20.5,22.0,20.2,1016.1,19.1,72,13.8,20.0,5.8,1014.4,1018.6,2021-03-25 16:11:00,16.5,2021-03-25 06:09:00,56,2021-03-25 09:11:00,0.0,2021-03-25 00:00:00,0.0,2021-03-25 00:00:00,10.0,13.9,2021-03-25 10:33:00,21.4,2021-03-25 14:56:00,1016.3,23.17,10.4,0,0.0
2021-03-26,22.4,21.5,21.4,21.2,22.0,21.9,1014.9,20.6,82,17.4,20.0,4.3,1012.7,1017.3,2021-03-26 16:34:00,17.5,2021-03-26 05:22:00,74,2021-03-26 09:31:00,0.0,2021-03-26 00:00:00,0.0,2021-03-26 00:00:00,10.0,11.6,2021-03-26 09:25:00,23.1,2021-03-26 13:04:00,1015.2,22.98,10.3,0,0.0
2021-03-27,24.8,21.4,23.0,22.4,22.2,23.8,1011.8,23.8,75,19.1,10.0,1.9,1009.0,1014.5,2021-03-27 16:42:00,20.4,2021-03-27 03:53:00,62,2021-03-27 10:34:00,0.0,2021-03-27 00:00:00,0.0,2021-03-27 00:00:00,330.0,5.5,2021-03-27 00:01:00,27.2,2021-03-27 13:59:00,1012.1,21.37,9.7,0,0.0
2021-03-28,26.0,21.4,24.3,23.5,22.7,25.1,1009.1,25.0,79,21.2,310.0,2.2,1007.3,1010.9,2021-03-28 15:42:00,22.5,2021-03-28 04:20:00,67,2021-03-28 15:13:00,0.0,2021-03-28 00:00:00,0.0,2021-03-28 00:00:00,310.0,8.4,2021-03-28 09:33:00,28.4,2021-03-28 13:29:00,1009.4,21.45,9.6,0,0.0
2021-03-29,26.7,21.5,24.9,24.2,23.2,25.7,1008.2,25.2,81,21.8,270.0,2.2,1005.7,1010.2,2021-03-29 16:38:00,22.2,2021-03-29 05:11:00,68,2021-03-29 12:45:00,0.0,2021-03-29 00:00:00,0.0,2021-03-29 00:00:00,270.0,6.5,2021-03-29 09:50:00,28.2,2021-03-29 12:41:00,1008.5,20.35,10.1,0,0.0
2021-03-30,27.7,21.7,25.7,24.9,23.7,26.6,1007.3,26.1,82,23.0,260.0,2.7,1006.0,1008.7,2021-03-30 17:16:00,24.9,2021-03-30 05:34:00,72,2021-03-30 10:03:00,0.0,2021-03-30 00:00:00,0.0,2021-03-30 00:00:00,290.0,7.8,2021-03-30 09:30:00,28.3,2021-03-30 12:42:00,1007.6,18.54,9.3,0,0.0
2021-03-31,27.9,21.9,26.2,25.4,24.2,27.0,1007.7,26.0,84,23.0,310.0,2.0,1006.3,1009.2,2021-03-31 15:27:00,23.7,2021-03-31 05:50:00,70,2021-03-31 11:01:00,0.0,2021-03-31 00:00:00,0.0,2021-03-31 00:00:00,330.0,6.7,2021-03-31 09:28:00,28.7,2021-03-31 10:21:00,1008.0,21.22,10.3,0,0.0
2021-04-01,28.0,22.2,26.4,25.7,24.5,27.1,1008.4,26.2,81,22.8,250.0,1.8,1006.7,1010.6,2021-04-01 17:02:00,24.3,2021-04-01 05:30:00,65,2021-04-01 13:30:00,0.0,2021-04-01 00:00:00,0.0,2021-04-01 00:00:00,260.0,6.1,2021-04-01 09:23:00,28.9,2021-04-01 13:30:00,1008.7,19.31,9.9,0,0.0
2021-04-02,28.3,22.4,26.7,26.0,24.9,27.4,1010.1,26.4,81,22.8,320.0,2.1,1008.5,1012.2,2021-04-02 03:05:00,24.6,2021-04-02 06:05:00,66,2021-04-02 12:20:00,0.0,2021-04-02 00:00:00,0.0,2021-04-02 00:00:00,310.0,6.5,2021-04-02 09:36:00,29.0,2021-04-02 13:15:00,1010.4,23.76,10.3,0,0.0
2021-04-03,28.2,22.7,26.8,26.2,25.2,27.5,1011.3,25.8,81,22.4,20.0,3.4,1009.7,1012.5,2021-04-03 16:32:00,23.8,2021-04-03 05:10:00,68,2021-04-03 12:22:00,0.0,2021-04-03 00:00:00,0.0,2021-04-03 00:00:00,10.0,8.3,2021-04-03 09:52:00,28.9,2021-04-03 11:42:00,1011.6,21.67,10.3,0,0.0
2021-04-04,26.9,22.9,26.3,26.1,25.4,26.7,1012.9,24.0,80,20.4,20.0,5.7,1011.4,1014.7,2021-04-04 03:43:00,21.2,2021-04-04 23:52:00,71,2021-04-04 23:42:00,0.0,2021-04-04 00:00:00,0.0,2021-04-04 00:00:00,20.0,13.8,2021-04-04 23:58:00,26.2,2021-04-04 10:22:00,1013.2,19.87,10.1,0,0.0
2021-04-05,25.4,23.1,25.2,25.3,25.4,25.4,1015.9,21.9,64,14.9,30.0,5.4,1014.3,1017.9,2021-04-05 15:23:00,19.7,2021-04-05 07:25:00,52,2021-04-05 12:03:00,0.0,2021-04-05 00:00:00,0.0,2021-04-05 00:00:00,30.0,10.9,2021-04-05 09:20:00,25.1,2021-04-05 15:11:00,1016.2,20.96,10.2,0,0.0
2021-04-06,25.2,23.3,24.8,24.9,25.2,25.1,1016.5,21.6,68,15.5,20.0,4.8,1014.7,1018.4,2021-04-06 16:39:00,18.5,2021-04-06 05:51:00,53,2021-04-06 10:19:00,0.0,2021-04-06 00:00:00,0.0,2021-04-06 00:00:00,10.0,12.2,2021-04-06 21:45:00,25.2,2021-04-06 11:48:00,1016.7,21.77,10.4,0,0.0
2021-04-07,25.4,23.3,24.7,24.8,25.0,25.1,1015.1,22.0,73,17.0,20.0,3.2,1013.1,1017.6,2021-04-07 17:25:00,18.6,2021-04-07 05:26:00,61,2021-04-07 12:14:00,0.0,2021-04-07 00:00:00,0.0,2021-04-07 00:00:00,20.0,8.7,2021-04-07 00:09:00,25.6,2021-04-07 13:01:00,1015.4,17.79,10.3,0,0.0
2021-04-08,25.9,23.3,25.2,25.0,25.0,25.5,1013.6,22.1,80,18.5,20.0,5.3,1011.6,1015.5,2021-04-08 16:38:00,19.2,2021-04-08 23:57:00,64,2021-04-08 09:24:00,0.0,2021-04-08 00:00:00,0.0,2021-04-08 00:00:00,30.0,14.6,2021-04-08 22:20:00,25.0,2021-04-08 13:58:00,1013.8,24.31,10.1,0,0.0
2021-04-09,23.9,23.3,24.2,24.5,25.0,24.3,1015.6,19.9,78,15.9,20.0,6.1,1013.7,1017.6,2021-04-09 03:03:00,17.9,2021-04-09 05:56:00,66,2021-04-09 12:54:00,0.0,2021-04-09 00:00:00,0.0,2021-04-09 00:00:00,20.0,14.4,2021-04-09 22:48:00,23.1,2021-04-09 13:21:00,1015.9,17.08,10.2,0,0.0
2021-04-10,24.4,23.3,24.1,24.2,24.7,24.3,1017.9,20.7,79,17.0,20.0,5.8,1016.2,1019.1,2021-04-10 15:29:00,17.9,2021-04-10 05:15:00,68,2021-04-10 09:19:00,0.0,2021-04-10 00:00:00,0.0,2021-04-10 00:00:00,10.0,15.1,2021-04-10 07:48:00,23.7,2021-04-10 13:20:00,1018.1,24.21,10.7,0,0.0
2021-04-11,25.6,23.3,24.8,24.6,24.7,25.2,1018.1,22.0,82,18.8,20.0,3.7,1016.5,1020.0,2021-04-11 16:56:00,19.0,2021-04-11 04:30:00,72,2021-04-11 11:03:00,0.0,2021-04-11 00:00:00,0.0,2021-04-11 00:00:00,20.0,10.0,2021-04-11 08:41:00,25.3,2021-04-11 13:31:00,1018.4,24.72,10.7,0,0.0
2021-04-12,26.7,23.3,25.5,25.2,24.9,26.1,1016.1,23.4,80,19.8,20.0,2.4,1013.8,1018.6,2021-04-12 17:11:00,20.2,2021-04-12 05:52:00,66,2021-04-12 13:06:00,0.0,2021-04-12 00:00:00,0.0,2021-04-12 00:00:00,350.0,7.1,2021-04-12 08:28:00,26.7,2021-04-12 14:00:00,1016.3,24.00,10.7,0,0.0
2021-04-13,28.1,23.3,26.5,25.8,25.1,27.2,1013.9,25.0,79,21.1,10.0,3.1,1012.1,1015.6,2021-04-13 17:04:00,21.9,2021-04-13 06:09:00,61,2021-04-13 08:52:00,0.0,2021-04-13 00:00:00,0.0,2021-04-13 00:00:00,20.0,9.6,2021-04-13 09:04:00,28.9,2021-04-13 13:45:00,1014.2,24.85,10.7,0,0.0
2021-04-14,27.2,23.4,26.6,26.2,25.5,27.0,1013.3,23.3,82,20.1,20.0,6.6,1011.5,1014.9,2021-04-14 16:06:00,21.5,2021-04-14 22:51:00,75,2021-04-14 11:20:00,0.0,2021-04-14 00:00:00,0.0,2021-04-14 00:00:00,20.0,14.4,2021-04-14 09:53:00,25.1,2021-04-14 11:39:00,1013.6,24.28,10.7,0,0.0
2021-04-15,26.3,23.6,25.9,25.9,25.7,26.2,1012.8,22.3,82,19.2,20.0,5.8,1010.4,1014.5,2021-04-15 15:41:00,20.4,2021-04-15 05:55:00,74,2021-04-15 12:26:00,0.0,2021-04-15 00:00:00,0.0,2021-04-15 00:00:00,10.0,12.7,2021-04-15 09:09:00,24.6,2021-04-15 13:33:00,1013.0,23.77,10.9,0,0.0
2021-04-16,27.2,23.7,26.3,26.0,25.7,26.7,1013.1,23.3,81,20.0,20.0,4.3,1011.7,1014.5,2021-04-16 15:56:00,21.2,2021-04-16 06:12:00,70,2021-04-16 12:30:00,0.0,2021-04-16 00:00:00,0.0,2021-04-16 00:00:00,10.0,10.6,2021-04-16 23:34:00,26.3,2021-04-16 12:42:00,1013.4,25.00,10.5,0,0.0
2021-04-17,27.3,23.8,26.5,26.3,25.9,27.0,1013.9,23.8,76,19.4,20.0,5.5,1012.2,1015.4,2021-04-17 15:23:00,22.4,2021-04-17 02:03:00,66,2021-04-17 19:04:00,0.0,2021-04-17 00:00:00,0.0,2021-04-17 00:00:00,10.0,15.0,2021-04-17 08:42:00,25.7,2021-04-17 12:09:00,1014.1,24.35,10.6,0,0.0
2021-04-18,28.5,23.9,27.0,26.6,26.0,27.7,1013.0,24.8,70,19.0,280.0,3.1,1010.7,1014.3,2021-04-18 16:00:00,22.2,2021-04-19 00:00:00,58,2021-04-18 10:30:00,0.0,2021-04-18 00:00:00,0.0,2021-04-18 00:00:00,10.0,8.6,2021-04-18 09:56:00,28.2,2021-04-18 13:07:00,1013.3,23.43,10.6,0,0.0
2021-04-19,28.1,24.0,27.0,26.7,26.2,27.5,1012.1,23.7,69,17.7,10.0,2.6,1010.7,1013.5,2021-04-19 16:36:00,20.1,2021-04-19 05:49:00,57,2021-04-19 12:39:00,0.0,2021-04-19 00:00:00,0.0,2021-04-19 00:00:00,10.0,9.3,2021-04-19 08:36:00,27.5,2021-04-19 13:46:00,1012.4,24.03,10.5,0,0.0
2021-04-20,29.2,24.1,27.8,27.2,26.3,28.4,1011.7,24.7,75,20.0,360.0,3.0,1010.2,1013.5,2021-04-20 17:12:00,22.7,2021-04-20 03:45:00,65,2021-04-20 14:57:00,0.0,2021-04-20 00:00:00,0.0,2021-04-20 00:00:00,340.0,7.7,2021-04-20 09:50:00,27.6,2021-04-20 15:11:00,1011.9,25.50,10.8,0,0.0
2021-04-21,28.9,24.2,27.8,27.4,26.6,28.3,1010.5,24.8,79,21.1,10.0,3.8,1008.6,1012.6,2021-04-21 15:04:00,23.1,2021-04-21 02:44:00,69,2021-04-21 13:02:00,0.0,2021-04-21 00:00:00,0.0,2021-04-21 00:00:00,10.0,10.6,2021-04-21 09:25:00,27.8,2021-04-21 13:09:00,1010.7,25.67,10.9,0,0.0
2021-04-22,28.7,24.3,27.8,27.4,26.7,28.2,1006.6,24.1,82,21.0,10.0,3.0,1005.7,1007.6,2021-04-22 16:25:00,23.7,2021-04-22 22:27:00,76,2021-04-22 16:31:00,0.0,2021-04-22 00:00:00,0.0,2021-04-22 00:00:00,10.0,8.6,2021-04-22 23:22:00,25.5,2021-04-22 16:30:00,1006.9,1.31,1.2,0,0.0
2021-04-23,28.5,24.5,27.7,27.4,26.8,28.1,1006.9,24.8,82,21.6,20.0,5.2,1005.0,1008.5,2021-04-23 16:32:00,23.6,2021-04-24 00:00:00,76,2021-04-23 08:20:00,0.0,2021-04-23 00:00:00,0.0,2021-04-23 00:00:00,10.0,13.6,2021-04-23 22:11:00,26.7,2021-04-23 12:52:00,1007.2,23.61,10.1,0,0.0
2021-04-24,29.2,24.6,28.0,27.5,26.9,28.5,1009.7,25.2,78,21.1,20.0,3.3,1007.7,1011.5,2021-04-24 02:07:00,22.8,2021-04-24 05:00:00,63,2021-04-24 12:59:00,0.0,2021-04-24 00:00:00,0.0,2021-04-24 00:00:00,20.0,11.4,2021-04-24 09:49:00,29.1,2021-04-24 13:10:00,1009.9,24.81,10.6,0,0.0
2021-04-25,26.9,24.7,26.9,27.1,27.0,27.0,1011.6,24.4,83,21.2,170.0,2.5,1009.2,1013.7,2021-04-25 03:21:00,22.0,2021-04-25 21:00:00,73,2021-04-25 09:00:00,8.5,2021-04-25 20:44:00,4.0,2021-04-25 20:50:00,270.0,7.8,2021-04-25 21:33:00,27.2,2021-04-25 08:43:00,1011.6,7.26,7.6,0,10.0
2021-04-26,26.0,24.7,25.7,26.0,26.6,25.9,1013.6,0,0,0,230.0,3.3,1012.0,1015.8,2021-04-26 02:53:00,0,0,0,0,0.0,2021-04-26 00:00:00,0.0,2021-04-26 00:00:00,240.0,10.5,2021-04-26 22:13:00,0,0,1014.0,15.39,10.4,0,0.0
2021-04-27,25.0,24.7,25.0,25.4,26.3,25.1,1015.3,23.6,80,20.1,280.0,3.0,1014.1,1016.8,2021-04-27 16:35:00,22.6,2021-04-27 15:59:00,75,2021-04-27 13:00:00,0.0,2021-04-27 00:00:00,0.0,2021-04-27 00:00:00,30.0,7.9,2021-04-27 23:12:00,25.6,2021-04-27 13:00:00,1015.5,6.44,5.8,0,0.0
2021-04-28,26.9,24.6,25.7,25.5,25.9,26.2,1014.8,24.7,76,20.3,20.0,2.8,1013.1,1016.6,2021-04-28 16:33:00,22.1,2021-04-28 05:44:00,57,2021-04-28 12:53:00,0.0,2021-04-28 00:00:00,0.0,2021-04-28 00:00:00,10.0,8.3,2021-04-28 09:01:00,28.3,2021-04-28 12:49:00,1015.0,23.98,10.1,0,0.0
2021-04-29,24.4,24.6,24.8,25.3,26.0,24.7,1012.3,23.1,84,20.4,30.0,3.0,1011.0,1013.9,2021-04-29 16:53:00,21.8,2021-04-29 23:56:00,72,2021-04-29 15:46:00,8.0,2021-04-29 06:53:00,3.5,2021-04-29 07:30:00,10.0,9.7,2021-04-29 10:13:00,24.5,2021-04-29 03:49:00,1012.5,7.21,6.3,0,16.0
2021-04-30,25.7,24.5,25.0,24.9,25.7,25.3,1012.1,24.4,73,19.1,340.0,1.8,1010.8,1013.6,2021-04-30 16:48:00,21.3,2021-04-30 04:15:00,58,2021-04-30 19:42:00,0.0,2021-04-30 00:00:00,0.0,2021-04-30 00:00:00,320.0,7.1,2021-04-30 09:04:00,27.3,2021-04-30 12:11:00,1012.4,27.14,11.0,0,0.0
2021-05-01,26.2,24.4,25.4,25.4,25.7,25.8,1012.5,25.5,70,19.7,250.0,1.6,1010.8,1014.0,2021-05-01 03:19:00,22.7,2021-05-01 05:58:00,54,2021-05-01 09:58:00,0.0,2021-05-01 00:00:00,0.0,2021-05-01 00:00:00,270.0,5.6,2021-05-01 09:42:00,28.8,2021-05-01 10:45:00,1012.7,20.24,10.3,0,0.0
2021-05-02,26.8,24.4,25.9,25.7,25.8,26.4,1014.1,25.6,78,21.5,20.0,3.1,1012.3,1016.1,2021-05-02 03:19:00,22.8,2021-05-02 05:57:00,57,2021-05-02 14:36:00,0.0,2021-05-02 00:00:00,0.0,2021-05-02 00:00:00,20.0,9.7,2021-05-02 10:28:00,28.9,2021-05-02 14:43:00,1014.3,24.22,10.5,0,0.0
2021-05-03,25.8,24.4,25.5,25.7,26.0,25.7,1013.6,25.3,83,22.2,20.0,3.1,1011.8,1015.4,2021-05-03 15:38:00,24.1,2021-05-04 00:00:00,72,2021-05-03 17:38:00,0.0,2021-05-03 00:00:00,0.0,2021-05-03 00:00:00,20.0,7.1,2021-05-03 09:35:00,26.7,2021-05-03 14:00:00,1013.8,8.33,8.2,0,0.0
2021-05-04,27.4,24.4,26.0,25.7,25.9,26.6,1011.7,26.8,80,23.1,190.0,4.2,1009.5,1013.3,2021-05-04 15:31:00,23.5,2021-05-04 05:26:00,65,2021-05-04 09:02:00,0.0,2021-05-04 00:00:00,0.0,2021-05-04 00:00:00,200.0,13.4,2021-05-04 08:12:00,29.9,2021-05-04 14:13:00,1011.9,19.42,10.9,0,0.0
2021-05-05,28.9,24.4,27.5,26.9,26.1,28.2,1013.0,26.9,81,23.5,10.0,4.8,1011.2,1015.2,2021-05-05 02:30:00,23.3,2021-05-05 23:55:00,72,2021-05-05 10:00:00,0.0,2021-05-05 00:00:00,0.0,2021-05-05 00:00:00,10.0,13.0,2021-05-05 22:27:00,30.4,2021-05-05 10:07:00,1013.3,25.40,11.1,0,0.0
2021-05-06,27.7,24.5,27.1,27.0,26.6,27.5,1014.9,25.1,78,21.2,20.0,3.7,1013.3,1016.3,2021-05-06 16:00:00,22.1,2021-05-06 06:00:00,70,2021-05-06 09:00:00,0.0,2021-05-06 00:00:00,0.0,2021-05-06 00:00:00,22.5,13.9,2021-05-06 09:00:00,28.2,2021-05-06 12:00:00,1014.7,23.80,10.5,0,0.0
2021-05-07,30.1,24.7,28.5,27.8,26.8,29.3,1012.8,27.3,78,23.2,320.0,1.8,1010.3,1015.2,2021-05-07 17:14:00,25.1,2021-05-07 02:14:00,64,2021-05-07 10:01:00,0.0,2021-05-07 00:00:00,0.0,2021-05-07 00:00:00,300.0,8.0,2021-05-07 09:13:00,30.0,2021-05-07 10:27:00,1013.1,26.01,10.6,0,0.0
2021-05-08,31.0,24.8,29.4,28.6,27.3,30.1,1010.1,27.8,82,24.5,220.0,3.5,1008.2,1011.6,2021-05-08 16:18:00,26.3,2021-05-08 01:58:00,66,2021-05-08 12:41:00,0.0,2021-05-08 00:00:00,0.0,2021-05-08 00:00:00,210.0,8.4,2021-05-08 07:14:00,30.7,2021-05-08 12:49:00,1010.4,25.94,10.4,0,0.0
2021-05-09,31.1,25.0,29.7,29.0,27.7,30.4,1009.7,27.7,79,23.8,320.0,2.4,1007.3,1011.9,2021-05-09 16:28:00,25.9,2021-05-09 02:35:00,69,2021-05-09 15:07:00,0.0,2021-05-09 00:00:00,0.0,2021-05-09 00:00:00,300.0,7.5,2021-05-09 21:34:00,30.0,2021-05-09 12:40:00,1009.9,27.55,11.4,0,0.0
2021-05-10,31.5,25.2,30.1,29.4,28.0,30.8,1009.5,28.1,77,23.6,230.0,2.8,1007.5,1011.5,2021-05-10 01:52:00,26.3,2021-05-10 00:43:00,61,2021-05-10 08:33:00,0.0,2021-05-10 00:00:00,0.0,2021-05-10 00:00:00,250.0,7.5,2021-05-10 09:12:00,30.7,2021-05-10 11:51:00,1009.7,26.51,10.6,0,0.0
2021-05-11,31.9,25.4,30.5,29.7,28.3,31.1,1009.4,28.3,80,24.7,210.0,3.4,1007.6,1011.2,2021-05-11 16:30:00,26.6,2021-05-11 03:51:00,71,2021-05-11 10:24:00,0.0,2021-05-11 00:00:00,0.0,2021-05-11 00:00:00,260.0,21.7,2021-05-11 09:41:00,31.3,2021-05-11 10:23:00,1009.7,27.69,11.4,0,0.0
2021-05-12,32.2,25.6,30.8,30.0,28.6,31.5,1009.4,28.8,79,24.8,230.0,2.9,1007.2,1011.1,2021-05-12 16:18:00,26.8,2021-05-12 04:43:00,65,2021-05-12 11:33:00,0.0,2021-05-12 00:00:00,0.0,2021-05-12 00:00:00,310.0,6.9,2021-05-12 09:25:00,31.6,2021-05-12 13:42:00,1009.6,27.78,11.4,0,0.0
2021-05-13,33.0,25.8,31.4,30.5,28.9,32.2,1009.6,29.2,81,25.7,210.0,3.4,1008.2,1011.4,2021-05-13 16:33:00,27.6,2021-05-13 04:01:00,60,2021-05-13 10:28:00,0.0,2021-05-13 00:00:00,0.0,2021-05-13 00:00:00,190.0,7.9,2021-05-13 09:22:00,31.8,2021-05-13 11:19:00,1009.9,26.61,10.8,0,0.0
2021-05-14,33.0,26.1,31.6,30.9,29.3,32.2,1010.0,29.0,77,24.5,210.0,5.7,1008.7,1011.1,2021-05-14 15:37:00,27.6,2021-05-14 22:37:00,61,2021-05-14 15:24:00,0.0,2021-05-14 00:00:00,0.0,2021-05-14 00:00:00,190.0,11.9,2021-05-14 09:25:00,31.1,2021-05-14 14:50:00,1010.2,28.49,11.6,0,0.0
2021-05-15,31.9,25.2,30.3,29.7,28.3,32.4,1009.7,29.0,80,25.1,200.0,5.9,1008.0,1011.4,2021-05-15 17:28:00,26.2,2021-05-15 05:07:00,69,2021-05-15 09:35:00,0.0,2021-05-15 00:00:00,0.0,2021-05-15 00:00:00,200.0,11.9,2021-05-15 08:22:00,31.0,2021-05-15 09:36:00,1009.9,28.63,11.5,0,0.0
2021-05-16,33.4,26.5,31.9,31.2,29.7,32.6,1010.0,29.1,82,25.8,200.0,5.1,1008.1,1011.7,2021-05-16 16:46:00,27.6,2021-05-16 05:13:00,72,2021-05-16 09:15:00,0.0,2021-05-16 00:00:00,0.0,2021-05-16 00:00:00,190.0,11.9,2021-05-16 09:20:00,31.4,2021-05-16 11:35:00,1010.3,28.33,11.2,0,0.0
2021-05-17,33.5,26.7,32.1,31.5,30.0,32.8,1010.4,29.2,80,25.5,220.0,3.5,1008.9,1012.2,2021-05-17 16:24:00,27.7,2021-05-17 03:22:00,66,2021-05-17 15:32:00,0.0,2021-05-17 00:00:00,0.0,2021-05-17 00:00:00,270.0,8.0,2021-05-17 09:11:00,31.8,2021-05-17 13:53:00,1010.7,25.40,11.1,0,0.0
2021-05-18,34.1,26.9,32.5,31.7,30.2,33.2,1010.3,29.3,80,25.5,210.0,4.1,1008.2,1012.3,2021-05-18 16:28:00,28.0,2021-05-18 05:21:00,72,2021-05-18 14:45:00,0.0,2021-05-18 00:00:00,0.0,2021-05-18 00:00:00,220.0,8.9,2021-05-18 08:22:00,31.2,2021-05-18 10:16:00,1010.6,26.58,10.9,0,0.0
2021-05-19,34.3,27.1,32.8,32.1,30.5,33.5,1009.0,29.6,81,26.1,200.0,5.9,1007.2,1010.7,2021-05-19 15:59:00,28.1,2021-05-19 01:01:00,73,2021-05-19 13:16:00,0.0,2021-05-19 00:00:00,0.0,2021-05-19 00:00:00,210.0,11.7,2021-05-19 09:02:00,31.5,2021-05-19 10:29:00,1009.2,28.31,11.0,0,0.0
2021-05-20,34.2,27.3,32.8,32.2,30.7,33.5,1009.5,29.6,78,25.4,200.0,4.6,1008.1,1011.2,2021-05-20 14:15:00,28.3,2021-05-20 05:21:00,68,2021-05-20 17:44:00,0.0,2021-05-20 00:00:00,0.0,2021-05-20 00:00:00,180.0,12.9,2021-05-20 09:55:00,32.3,2021-05-20 10:19:00,1009.8,26.05,11.1,0,0.0
2021-05-21,34.8,27.5,33.1,32.3,30.8,33.8,1009.1,30.2,78,26.1,230.0,3.5,1007.1,1011.0,2021-05-21 16:27:00,28.5,2021-05-21 05:02:00,67,2021-05-21 11:37:00,0.0,2021-05-21 00:00:00,0.0,2021-05-21 00:00:00,220.0,7.3,2021-05-21 09:59:00,32.7,2021-05-21 12:41:00,1009.3,27.96,11.5,0,0.0
2021-05-22,34.0,27.6,32.8,32.4,31.0,33.4,1008.2,29.9,78,25.7,250.0,2.4,1006.2,1010.1,2021-05-22 16:24:00,28.4,2021-05-22 05:28:00,66,2021-05-22 10:52:00,0.0,2021-05-22 00:00:00,0.0,2021-05-22 00:00:00,270.0,7.0,2021-05-22 09:28:00,32.1,2021-05-22 11:20:00,1008.4,22.00,11.1,0,0.0
2021-05-23,34.4,27.8,32.9,32.3,31.0,33.6,1008.8,30.3,77,26.0,240.0,2.1,1007.4,1010.3,2021-05-23 16:05:00,28.4,2021-05-23 04:09:00,64,2021-05-23 09:44:00,0.0,2021-05-23 00:00:00,0.0,2021-05-23 00:00:00,270.0,7.7,2021-05-23 22:25:00,33.2,2021-05-23 13:08:00,1009.1,26.54,11.1,0,0.0
2021-05-24,34.9,27.9,33.3,32.6,31.2,34.0,1010.0,30.5,76,25.7,230.0,3.2,1008.4,1011.6,2021-05-24 16:25:00,28.8,2021-05-24 23:21:00,62,2021-05-24 12:08:00,0.0,2021-05-24 00:00:00,0.0,2021-05-24 00:00:00,210.0,11.6,2021-05-24 22:08:00,33.2,2021-05-24 10:06:00,1010.3,27.30,10.9,0,0.0
2021-05-25,33.9,28.0,33.0,32.6,31.3,33.5,1010.4,29.3,79,25.4,10.0,3.3,1008.6,1012.1,2021-05-25 15:23:00,27.9,2021-05-25 22:35:00,68,2021-05-25 09:02:00,0.0,2021-05-25 00:00:00,0.0,2021-05-25 00:00:00,330.0,9.7,2021-05-25 09:04:00,32.3,2021-05-25 09:44:00,1010.6,28.12,11.5,0,0.0
2021-05-26,34.7,28.2,33.2,32.6,31.4,33.8,1009.9,29.9,77,25.4,250.0,2.1,1008.2,1011.6,2021-05-26 16:25:00,27.5,2021-05-26 04:10:00,62,2021-05-26 10:46:00,0.0,2021-05-26 00:00:00,0.0,2021-05-26 00:00:00,260.0,6.4,2021-05-26 09:49:00,32.4,2021-05-26 09:59:00,1010.1,27.98,11.4,0,0.0
2021-05-27,35.1,28.3,33.6,32.9,31.5,34.3,1009.8,30.2,77,25.7,250.0,2.5,1008.1,1011.1,2021-05-27 15:44:00,28.5,2021-05-27 05:16:00,64,2021-05-27 13:49:00,0.0,2021-05-27 00:00:00,0.0,2021-05-27 00:00:00,250.0,8.5,2021-05-27 08:50:00,33.0,2021-05-27 13:36:00,1010.0,27.44,11.7,0,0.0
2021-05-28,34.6,28.4,33.3,32.9,31.7,33.9,1009.6,30.2,79,26.2,230.0,2.5,1008.0,1011.5,2021-05-28 17:19:00,28.1,2021-05-28 11:54:00,67,2021-05-28 10:39:00,0.0,2021-05-28 00:00:00,0.0,2021-05-28 00:00:00,250.0,8.4,2021-05-28 09:33:00,32.9,2021-05-28 11:29:00,1009.9,24.47,10.2,0,0.0
2021-05-29,32.1,28.5,32.0,32.2,31.7,32.2,1007.8,29.3,80,25.6,190.0,2.8,1006.3,1009.0,2021-05-29 17:36:00,25.8,2021-05-29 13:04:00,67,2021-05-29 09:19:00,5.0,2021-05-29 12:01:00,4.5,2021-05-29 12:51:00,250.0,11.3,2021-05-29 00:01:00,32.6,2021-05-29 09:44:00,1008.1,19.23,10.8,0,9.0
2021-05-30,28.5,28.6,29.2,30.1,31.2,29.0,1005.6,27.4,89,25.6,180.0,3.3,1004.0,1007.2,2021-05-30 16:39:00,25.7,2021-05-30 21:21:00,78,2021-05-30 00:50:00,5.0,2021-05-30 18:26:00,4.5,2021-05-30 19:15:00,280.0,10.3,2021-05-30 00:01:00,29.1,2021-05-30 16:59:00,1005.8,1.73,0.0,0,15.5
2021-05-31,29.2,28.5,28.6,28.9,30.2,28.9,1005.5,27.9,88,25.8,180.0,2.7,1003.9,1007.7,2021-05-31 02:47:00,24.4,2021-05-31 10:38:00,75,2021-05-31 12:43:00,26.0,2021-05-31 08:18:00,9.0,2021-05-31 08:56:00,200.0,9.8,2021-05-31 23:01:00,31.7,2021-05-31 14:42:00,1005.8,14.72,7.0,0,36.5
2021-06-01,29.6,28.3,29.0,29.2,29.9,29.3,1007.3,28.5,82,25.2,170.0,2.7,1006.0,1008.5,2021-06-01 03:20:00,25.2,2021-06-01 05:37:00,70,2021-06-01 16:48:00,1.5,2021-06-01 11:56:00,1.5,2021-06-01 12:46:00,240.0,12.1,2021-06-01 22:09:00,30.9,2021-06-01 09:32:00,1007.6,15.41,11.1,0,1.5
2021-06-02,30.9,28.2,29.7,29.5,29.8,30.2,1008.2,29.7,79,25.6,210.0,3.4,1006.4,1009.6,2021-06-02 15:41:00,27.3,2021-06-02 05:00:00,67,2021-06-02 12:43:00,0.0,2021-06-02 00:00:00,0.0,2021-06-02 00:00:00,220.0,9.0,2021-06-02 22:03:00,32.1,2021-06-02 12:01:00,1008.4,25.10,11.5,0,0.0
2021-06-03,31.6,28.1,30.5,30.1,29.9,31.0,1006.8,30.1,80,26.2,210.0,3.8,1004.4,1008.9,2021-06-03 17:00:00,28.0,2021-06-03 04:04:00,71,2021-06-03 14:26:00,0.0,2021-06-03 00:00:00,0.0,2021-06-03 00:00:00,180.0,10.8,2021-06-03 00:01:00,32.7,2021-06-03 14:26:00,1007.0,27.82,11.8,0,0.0
2021-06-04,31.4,28.0,30.6,30.5,30.1,31.0,1004.2,29.8,80,26.0,200.0,5.5,1001.4,1006.0,2021-06-04 15:49:00,27.0,2021-06-04 23:57:00,68,2021-06-04 09:48:00,0.0,2021-06-04 00:00:00,0.0,2021-06-04 00:00:00,210.0,12.0,2021-06-04 06:57:00,32.2,2021-06-04 12:18:00,1004.4,22.95,10.0,0,0.0
2021-06-05,27.8,28.0,28.3,29.1,30.1,28.2,1004.3,26.7,89,24.9,200.0,4.6,1002.7,1006.1,2021-06-05 04:10:00,24.4,2021-06-05 05:57:00,79,2021-06-05 13:28:00,24.5,2021-06-05 22:41:00,12.5,2021-06-05 23:16:00,280.0,13.2,2021-06-05 09:05:00,29.1,2021-06-05 13:46:00,1004.5,6.60,4.8,0,101.0
2021-06-06,26.5,28.2,26.7,27.5,29.3,26.7,1005.6,25.8,91,24.3,200.0,5.2,1002.9,1008.0,2021-06-06 01:38:00,24.3,2021-06-06 19:35:00,83,2021-06-06 18:42:00,4.0,2021-06-06 00:00:00,3.5,2021-06-06 00:48:00,190.0,14.2,2021-06-06 22:25:00,27.3,2021-06-06 00:18:00,1005.8,3.98,3.7,0,11.5
2021-06-07,27.1,28.0,26.7,27.1,28.7,26.9,1009.3,26.6,84,23.8,170.0,2.3,1007.3,1011.2,2021-06-07 02:14:00,23.8,2021-06-07 09:27:00,71,2021-06-07 15:01:00,8.5,2021-06-07 08:43:00,5.0,2021-06-07 22:00:00,210.0,14.8,2021-06-07 22:23:00,29.1,2021-06-07 15:01:00,1009.6,10.28,7.0,0,13.5
2021-06-08,29.4,27.7,28.4,28.2,28.6,28.9,1009.9,28.1,82,24.7,40.0,2.4,1007.8,1011.3,2021-06-08 15:53:00,25.5,2021-06-08 05:48:00,66,2021-06-08 11:41:00,0.0,2021-06-08 00:00:00,0.0,2021-06-08 00:00:00,240.0,7.8,2021-06-08 09:23:00,32.2,2021-06-08 11:39:00,1010.1,25.25,11.1,0,0.0
2021-06-09,29.6,27.6,28.9,28.8,28.9,29.2,1008.4,28.9,77,24.5,10.0,2.5,1006.6,1010.0,2021-06-09 16:43:00,26.3,2021-06-09 03:34:00,63,2021-06-09 10:59:00,0.0,2021-06-09 00:00:00,0.0,2021-06-09 00:00:00,340.0,8.3,2021-06-09 00:01:00,32.0,2021-06-09 11:44:00,1008.7,26.75,11.2,0,0.0
2021-06-10,30.6,27.5,29.7,29.4,29.2,30.2,1007.0,29.4,77,24.9,10.0,2.4,1005.2,1008.9,2021-06-10 16:40:00,27.1,2021-06-10 05:12:00,67,2021-06-10 16:19:00,0.0,2021-06-10 00:00:00,0.0,2021-06-10 00:00:00,320.0,7.4,2021-06-10 00:01:00,31.9,2021-06-10 15:04:00,1007.2,26.54,11.1,0,0.0
2021-06-11,31.0,27.6,30.2,30.0,29.6,30.6,1007.9,29.6,76,24.9,10.0,2.5,1006.1,1010.9,2021-06-11 05:17:00,26.9,2021-06-11 05:32:00,59,2021-06-11 11:36:00,0.0,2021-06-11 00:00:00,0.0,2021-06-11 00:00:00,340.0,9.2,2021-06-11 22:26:00,32.4,2021-06-11 10:48:00,1008.1,27.56,11.7,0,0.0
2021-06-12,31.8,27.7,30.9,30.5,29.9,31.4,1010.3,29.8,79,25.7,200.0,2.7,1009.0,1012.2,2021-06-12 16:59:00,27.1,2021-06-12 02:43:00,65,2021-06-12 13:23:00,1.0,2021-06-12 01:33:00,1.0,2021-06-12 02:23:00,210.0,9.7,2021-06-12 22:48:00,32.9,2021-06-12 14:06:00,1010.6,27.82,11.4,0,1.0
2021-06-13,32.5,27.8,31.5,31.1,30.2,32.0,1009.9,29.7,79,25.7,230.0,2.6,1007.3,1012.0,2021-06-13 16:19:00,27.4,2021-06-13 03:31:00,65,2021-06-13 10:42:00,0.0,2021-06-13 00:00:00,0.0,2021-06-13 00:00:00,260.0,7.7,2021-06-13 00:06:00,32.6,2021-06-13 10:49:00,1010.2,27.93,11.5,0,0.0
2021-06-14,32.7,27.9,31.9,31.5,30.6,32.4,1007.3,29.8,77,25.4,250.0,2.2,1005.4,1009.7,2021-06-14 18:21:00,27.0,2021-06-14 05:32:00,66,2021-06-14 15:02:00,0.0,2021-06-14 00:00:00,0.0,2021-06-14 00:00:00,270.0,6.8,2021-06-14 00:01:00,32.1,2021-06-14 14:44:00,1007.5,27.10,11.4,0,0.0
2021-06-15,33.0,28.1,32.1,31.7,30.9,32.6,1005.5,29.8,79,25.8,230.0,3.3,1004.5,1006.5,2021-06-15 03:33:00,28.5,2021-06-15 05:24:00,64,2021-06-15 15:50:00,0.0,2021-06-15 00:00:00,0.0,2021-06-15 00:00:00,230.0,7.9,2021-06-15 11:20:00,32.4,2021-06-15 15:26:00,1005.8,23.93,11.2,0,0.0
2021-06-16,30.7,28.2,30.7,31.0,30.9,30.9,1007.5,29.3,83,26.2,230.0,3.6,1004.7,1009.4,2021-06-16 02:43:00,26.2,2021-06-16 06:55:00,72,2021-06-16 16:45:00,11.0,2021-06-16 06:12:00,8.0,2021-06-16 06:46:00,270.0,12.7,2021-06-16 22:30:00,31.9,2021-06-16 16:40:00,1007.8,14.53,7.3,0,11.0
2021-06-17,30.3,28.3,30.0,30.2,30.6,30.2,1008.7,29.2,84,26.3,220.0,2.9,1007.9,1009.8,2021-06-17 16:29:00,26.2,2021-06-17 12:37:00,73,2021-06-17 12:02:00,5.0,2021-06-17 11:35:00,5.0,2021-06-17 12:25:00,280.0,8.9,2021-06-17 09:13:00,31.7,2021-06-17 12:00:00,1009.0,17.70,10.3,0,10.5
2021-06-18,31.0,28.3,30.3,30.2,30.4,30.6,1007.5,29.8,81,26.2,210.0,2.7,1005.8,1009.1,2021-06-18 15:57:00,27.3,2021-06-18 06:16:00,70,2021-06-18 14:37:00,0.0,2021-06-18 00:00:00,0.0,2021-06-18 00:00:00,200.0,6.5,2021-06-18 09:22:00,32.3,2021-06-18 12:03:00,1007.7,23.07,11.1,0,0.0
2021-06-19,31.2,28.3,30.5,30.5,30.4,30.9,1005.4,29.8,83,26.7,240.0,4.0,1003.9,1007.0,2021-06-19 16:13:00,28.0,2021-06-19 03:04:00,75,2021-06-19 10:18:00,0.0,2021-06-19 00:00:00,0.0,2021-06-19 00:00:00,260.0,9.4,2021-06-19 00:01:00,31.4,2021-06-19 14:10:00,1005.6,22.35,10.8,0,0.0
2021-06-20,30.5,28.3,30.1,30.2,30.4,30.3,1003.6,29.4,86,26.9,240.0,4.0,1002.5,1005.0,2021-06-20 17:48:00,28.6,2021-06-20 20:23:00,77,2021-06-20 14:08:00,0.5,2021-06-20 17:41:00,0.5,2021-06-20 18:31:00,270.0,9.4,2021-06-20 10:12:00,31.1,2021-06-20 14:08:00,1003.9,12.86,8.6,0,1.0
2021-06-21,30.4,28.3,29.9,30.0,30.3,30.2,1003.9,29.2,86,26.7,220.0,3.7,1002.2,1005.4,2021-06-21 02:26:00,27.3,2021-06-22 00:00:00,75,2021-06-21 11:20:00,0.5,2021-06-21 13:42:00,0.5,2021-06-21 14:32:00,250.0,9.2,2021-06-21 22:06:00,32.1,2021-06-21 13:07:00,1004.2,13.25,8.5,0,0.5
2021-06-22,27.8,28.3,28.2,29.0,30.1,28.1,1005.8,26.2,90,24.6,210.0,4.1,1003.2,1007.1,2021-06-22 02:03:00,24.6,2021-06-22 14:25:00,81,2021-06-22 11:25:00,26.0,2021-06-22 12:28:00,8.0,2021-06-22 12:28:00,260.0,11.3,2021-06-22 22:01:00,29.0,2021-06-22 01:16:00,1006.1,5.64,4.5,0,46.5
2021-06-23,27.0,28.2,27.0,27.7,29.3,27.1,1007.0,26.0,89,24.2,170.0,3.2,1004.9,1008.8,2021-06-23 03:49:00,24.3,2021-06-23 11:33:00,80,2021-06-23 16:43:00,28.0,2021-06-23 10:01:00,11.0,2021-06-23 10:04:00,240.0,8.6,2021-06-23 11:33:00,27.3,2021-06-23 21:49:00,1007.3,7.34,5.9,0,53.0
2021-06-24,28.3,28.1,27.6,27.7,28.7,28.0,1007.2,26.7,87,24.5,200.0,3.8,1005.8,1009.0,2021-06-24 05:32:00,23.8,2021-06-24 01:55:00,73,2021-06-24 13:04:00,15.5,2021-06-24 00:53:00,7.0,2021-06-24 21:30:00,270.0,15.1,2021-06-24 22:53:00,30.4,2021-06-24 13:02:00,1007.4,19.98,11.2,0,42.5
2021-06-25,28.2,27.9,27.9,28.1,28.8,28.1,1007.2,26.7,87,24.4,170.0,4.1,1005.5,1009.1,2021-06-25 17:14:00,24.9,2021-06-25 03:26:00,73,2021-06-25 12:56:00,7.5,2021-06-25 16:19:00,6.5,2021-06-25 17:03:00,230.0,11.7,2021-06-25 23:03:00,30.6,2021-06-25 12:56:00,1007.4,14.62,8.1,0,8.5
2021-06-26,28.8,27.7,28.1,28.2,28.8,28.5,1008.7,27.4,86,24.8,180.0,3.2,1007.2,1010.2,2021-06-26 04:09:00,24.9,2021-06-26 04:30:00,69,2021-06-26 13:25:00,1.0,2021-06-26 05:56:00,1.0,2021-06-26 06:46:00,220.0,11.1,2021-06-26 22:18:00,31.2,2021-06-26 14:41:00,1009.0,16.70,9.5,0,1.5
2021-06-27,28.8,27.7,28.4,28.5,28.9,28.7,1007.8,27.1,88,25.1,170.0,3.6,1006.2,1009.8,2021-06-27 16:15:00,25.4,2021-06-27 04:42:00,71,2021-06-27 12:19:00,2.5,2021-06-27 15:51:00,1.5,2021-06-27 08:04:00,190.0,10.3,2021-06-27 00:02:00,31.3,2021-06-27 12:42:00,1008.1,16.34,7.8,0,8.0
2021-06-28,27.6,27.6,27.4,27.8,28.9,27.6,1006.8,26.4,92,25.0,150.0,3.8,1005.7,1007.7,2021-06-28 03:06:00,24.5,2021-06-28 02:32:00,78,2021-06-28 12:56:00,24.0,2021-06-28 01:54:00,7.0,2021-06-28 01:51:00,190.0,13.2,2021-06-28 22:57:00,29.8,2021-06-28 13:01:00,1007.1,11.32,7.2,0,71.0
2021-06-29,27.8,27.6,27.5,27.7,28.6,27.7,1007.4,26.8,90,25.2,140.0,3.0,1006.5,1008.6,2021-06-29 14:07:00,24.3,2021-06-29 14:32:00,77,2021-06-29 10:44:00,19.0,2021-06-29 13:33:00,11.0,2021-06-29 14:14:00,220.0,12.3,2021-06-29 22:23:00,29.6,2021-06-29 10:43:00,1007.7,10.74,7.3,0,27.5
2021-06-30,29.7,27.5,28.5,28.2,28.5,29.1,1008.1,28.8,84,25.8,210.0,3.3,1006.8,1009.4,2021-06-30 02:49:00,26.2,2021-06-30 05:38:00,74,2021-06-30 14:56:00,0.0,2021-06-30 00:00:00,0.0,2021-06-30 00:00:00,240.0,8.4,2021-06-30 10:45:00,31.2,2021-06-30 12:37:00,1008.4,26.32,11.0,0,0.0
2021-07-01,30.3,27.4,29.4,29.1,28.9,29.9,1008.2,29.4,82,26.1,210.0,3.0,1006.7,1009.7,2021-07-01 16:12:00,27.3,2021-07-01 05:38:00,70,2021-07-01 14:30:00,0.0,2021-07-01 00:00:00,0.0,2021-07-01 00:00:00,240.0,6.2,2021-07-01 23:07:00,31.6,2021-07-01 14:36:00,1008.4,24.53,11.7,0,0.0
2021-07-02,30.7,27.5,29.7,29.5,29.2,30.2,1008.5,29.4,82,26.0,240.0,2.7,1007.2,1009.5,2021-07-02 17:25:00,28.1,2021-07-02 05:46:00,73,2021-07-02 08:49:00,0.0,2021-07-02 00:00:00,0.0,2021-07-02 00:00:00,250.0,7.0,2021-07-02 22:04:00,31.2,2021-07-02 13:14:00,1008.7,26.64,11.6,0,0.0
2021-07-03,31.0,27.6,30.1,29.8,29.5,30.6,1007.9,29.8,79,25.8,220.0,3.2,1006.6,1009.4,2021-07-03 16:00:00,28.2,2021-07-03 05:16:00,70,2021-07-03 16:51:00,0.0,2021-07-03 00:00:00,0.0,2021-07-03 00:00:00,240.0,7.6,2021-07-03 22:50:00,31.9,2021-07-03 09:15:00,1008.2,28.06,11.7,0,0.0
2021-07-04,31.2,27.7,30.4,30.1,29.7,30.8,1008.2,29.8,79,25.8,340.0,3.2,1007.2,1009.5,2021-07-04 02:32:00,28.2,2021-07-04 04:07:00,66,2021-07-04 10:26:00,0.0,2021-07-04 00:00:00,0.0,2021-07-04 00:00:00,320.0,8.3,2021-07-04 22:39:00,32.7,2021-07-04 10:23:00,1008.4,27.10,11.0,0,0.0
2021-07-05,30.9,27.8,30.4,30.2,29.9,30.7,1007.2,29.4,79,25.5,10.0,3.5,1005.4,1008.7,2021-07-05 18:14:00,27.9,2021-07-05 05:18:00,71,2021-07-05 12:16:00,0.0,2021-07-05 00:00:00,0.0,2021-07-05 00:00:00,310.0,10.6,2021-07-05 00:07:00,31.7,2021-07-05 13:38:00,1007.5,21.99,8.5,0,0.0
2021-07-06,31.1,27.9,30.3,30.2,30.0,30.7,1007.2,29.0,82,25.7,230.0,4.7,1003.4,1011.1,0,26.7,0,72,0,0.5,0,0.5,0,30.0,11.2,0,30.8,0,1007.4,21.54,9.6,0,0.5
2021-07-07,0,0,0,0,0,0,0,0,0,0,0,0,0,0,0,0,0,0,0,0,0,0,0,0,0,0,0,0,0,0,0,0,0
2021-07-08,0,0,0,0,0,0,0,0,0,0,0,0,0,0,0,0,0,0,0,0,0,0,0,0,0,0,0,0,0,0,0,0,0
2021-07-09,0,0,0,0,0,0,0,0,0,0,0,0,0,0,0,0,0,0,0,0,0,0,0,0,0,0,0,0,0,0,0,0,0
2021-07-10,0,0,0,0,0,0,0,0,0,0,0,0,0,0,0,0,0,0,0,0,0,0,0,0,0,0,0,0,0,0,0,0,0
2021-07-11,0,0,0,0,0,0,0,0,0,0,0,0,0,0,0,0,0,0,0,0,0,0,0,0,0,0,0,0,0,0,0,0,0
2021-07-12,0,0,0,0,0,0,0,0,0,0,0,0,0,0,0,0,0,0,0,0,0,0,0,0,0,0,0,0,0,0,0,0,0
2021-07-13,0,0,0,0,0,0,0,0,0,0,0,0,0,0,0,0,0,0,0,0,0,0,0,0,0,0,0,0,0,0,0,0,0
2021-07-14,0,0,0,0,0,0,0,0,0,0,0,0,0,0,0,0,0,0,0,0,0,0,0,0,0,0,0,0,0,0,0,0,0
2021-07-15,0,0,0,0,0,0,0,0,0,0,0,0,0,0,0,0,0,0,0,0,0,0,0,0,0,0,0,0,0,0,0,0,0
2021-07-16,0,0,0,0,0,0,0,0,0,0,0,0,0,0,0,0,0,0,0,0,0,0,0,0,0,0,0,0,0,0,0,0,0
2021-07-17,0,0,0,0,0,0,0,0,0,0,0,0,0,0,0,0,0,0,0,0,0,0,0,0,0,0,0,0,0,0,0,0,0
2021-07-18,0,0,0,0,0,0,0,0,0,0,0,0,0,0,0,0,0,0,0,0,0,0,0,0,0,0,0,0,0,0,0,0,0
2021-07-19,0,0,0,0,0,0,0,0,0,0,0,0,0,0,0,0,0,0,0,0,0,0,0,0,0,0,0,0,0,0,0,0,0
2021-07-20,0,0,0,0,0,0,0,0,0,0,0,0,0,0,0,0,0,0,0,0,0,0,0,0,0,0,0,0,0,0,0,0,0
2021-07-21,0,0,0,0,0,0,0,0,0,0,0,0,0,0,0,0,0,0,0,0,0,0,0,0,0,0,0,0,0,0,0,0,0
2021-07-22,0,0,0,0,0,0,0,0,0,0,0,0,0,0,0,0,0,0,0,0,0,0,0,0,0,0,0,0,0,0,0,0,0
2021-07-23,0,0,0,0,0,0,0,0,0,0,0,0,0,0,0,0,0,0,0,0,0,0,0,0,0,0,0,0,0,0,0,0,0
2021-07-24,0,0,0,0,0,0,0,0,0,0,0,0,0,0,0,0,0,0,0,0,0,0,0,0,0,0,0,0,0,0,0,0,0
2021-07-25,0,0,0,0,0,0,0,0,0,0,0,0,0,0,0,0,0,0,0,0,0,0,0,0,0,0,0,0,0,0,0,0,0
2021-07-26,0,0,0,0,0,0,0,0,0,0,0,0,0,0,0,0,0,0,0,0,0,0,0,0,0,0,0,0,0,0,0,0,0
2021-07-27,0,0,0,0,0,0,0,0,0,0,0,0,0,0,0,0,0,0,0,0,0,0,0,0,0,0,0,0,0,0,0,0,0
2021-07-28,0,0,0,0,0,0,0,0,0,0,0,0,0,0,0,0,0,0,0,0,0,0,0,0,0,0,0,0,0,0,0,0,0
2021-07-29,0,0,0,0,0,0,0,0,0,0,0,0,0,0,0,0,0,0,0,0,0,0,0,0,0,0,0,0,0,0,0,0,0
2021-07-30,0,0,0,0,0,0,0,0,0,0,0,0,0,0,0,0,0,0,0,0,0,0,0,0,0,0,0,0,0,0,0,0,0
2021-07-31,0,0,0,0,0,0,0,0,0,0,0,0,0,0,0,0,0,0,0,0,0,0,0,0,0,0,0,0,0,0,0,0,0
2021-08-01,0,0,0,0,0,0,0,0,0,0,0,0,0,0,0,0,0,0,0,0,0,0,0,0,0,0,0,0,0,0,0,0,0
2021-08-02,0,0,0,0,0,0,0,0,0,0,0,0,0,0,0,0,0,0,0,0,0,0,0,0,0,0,0,0,0,0,0,0,0
2021-08-03,0,0,0,0,0,0,0,0,0,0,0,0,0,0,0,0,0,0,0,0,0,0,0,0,0,0,0,0,0,0,0,0,0
2021-08-04,0,0,0,0,0,0,0,0,0,0,0,0,0,0,0,0,0,0,0,0,0,0,0,0,0,0,0,0,0,0,0,0,0
2021-08-05,0,0,0,0,0,0,0,0,0,0,0,0,0,0,0,0,0,0,0,0,0,0,0,0,0,0,0,0,0,0,0,0,0
2021-08-06,0,0,0,0,0,0,0,0,0,0,0,0,0,0,0,0,0,0,0,0,0,0,0,0,0,0,0,0,0,0,0,0,0
2021-08-07,0,0,0,0,0,0,0,0,0,0,0,0,0,0,0,0,0,0,0,0,0,0,0,0,0,0,0,0,0,0,0,0,0
2021-08-08,0,0,0,0,0,0,0,0,0,0,0,0,0,0,0,0,0,0,0,0,0,0,0,0,0,0,0,0,0,0,0,0,0
2021-08-09,0,0,0,0,0,0,0,0,0,0,0,0,0,0,0,0,0,0,0,0,0,0,0,0,0,0,0,0,0,0,0,0,0
2021-08-10,0,0,0,0,0,0,0,0,0,0,0,0,0,0,0,0,0,0,0,0,0,0,0,0,0,0,0,0,0,0,0,0,0
2021-08-11,0,0,0,0,0,0,0,0,0,0,0,0,0,0,0,0,0,0,0,0,0,0,0,0,0,0,0,0,0,0,0,0,0
2021-08-12,0,0,0,0,0,0,0,0,0,0,0,0,0,0,0,0,0,0,0,0,0,0,0,0,0,0,0,0,0,0,0,0,0
2021-08-13,0,0,0,0,0,0,0,0,0,0,0,0,0,0,0,0,0,0,0,0,0,0,0,0,0,0,0,0,0,0,0,0,0
2021-08-14,0,0,0,0,0,0,0,0,0,0,0,0,0,0,0,0,0,0,0,0,0,0,0,0,0,0,0,0,0,0,0,0,0
2021-08-15,0,0,0,0,0,0,0,0,0,0,0,0,0,0,0,0,0,0,0,0,0,0,0,0,0,0,0,0,0,0,0,0,0
2021-08-16,0,0,0,0,0,0,0,0,0,0,0,0,0,0,0,0,0,0,0,0,0,0,0,0,0,0,0,0,0,0,0,0,0
2021-08-17,0,0,0,0,0,0,0,0,0,0,0,0,0,0,0,0,0,0,0,0,0,0,0,0,0,0,0,0,0,0,0,0,0
2021-08-18,0,0,0,0,0,0,0,0,0,0,0,0,0,0,0,0,0,0,0,0,0,0,0,0,0,0,0,0,0,0,0,0,0
2021-08-19,0,0,0,0,0,0,0,0,0,0,0,0,0,0,0,0,0,0,0,0,0,0,0,0,0,0,0,0,0,0,0,0,0
2021-08-20,0,0,0,0,0,0,0,0,0,0,0,0,0,0,0,0,0,0,0,0,0,0,0,0,0,0,0,0,0,0,0,0,0
2021-08-21,0,0,0,0,0,0,0,0,0,0,0,0,0,0,0,0,0,0,0,0,0,0,0,0,0,0,0,0,0,0,0,0,0
2021-08-22,0,0,0,0,0,0,0,0,0,0,0,0,0,0,0,0,0,0,0,0,0,0,0,0,0,0,0,0,0,0,0,0,0
2021-08-23,0,0,0,0,0,0,0,0,0,0,0,0,0,0,0,0,0,0,0,0,0,0,0,0,0,0,0,0,0,0,0,0,0
2021-08-24,0,0,0,0,0,0,0,0,0,0,0,0,0,0,0,0,0,0,0,0,0,0,0,0,0,0,0,0,0,0,0,0,0
2021-08-25,0,0,0,0,0,0,0,0,0,0,0,0,0,0,0,0,0,0,0,0,0,0,0,0,0,0,0,0,0,0,0,0,0
2021-08-26,0,0,0,0,0,0,0,0,0,0,0,0,0,0,0,0,0,0,0,0,0,0,0,0,0,0,0,0,0,0,0,0,0
2021-08-27,0,0,0,0,0,0,0,0,0,0,0,0,0,0,0,0,0,0,0,0,0,0,0,0,0,0,0,0,0,0,0,0,0
2021-08-28,0,0,0,0,0,0,0,0,0,0,0,0,0,0,0,0,0,0,0,0,0,0,0,0,0,0,0,0,0,0,0,0,0
2021-08-29,0,0,0,0,0,0,0,0,0,0,0,0,0,0,0,0,0,0,0,0,0,0,0,0,0,0,0,0,0,0,0,0,0
2021-08-30,0,0,0,0,0,0,0,0,0,0,0,0,0,0,0,0,0,0,0,0,0,0,0,0,0,0,0,0,0,0,0,0,0
2021-08-31,0,0,0,0,0,0,0,0,0,0,0,0,0,0,0,0,0,0,0,0,0,0,0,0,0,0,0,0,0,0,0,0,0
2021-09-01,0,0,0,0,0,0,0,0,0,0,0,0,0,0,0,0,0,0,0,0,0,0,0,0,0,0,0,0,0,0,0,0,0
2021-09-02,0,0,0,0,0,0,0,0,0,0,0,0,0,0,0,0,0,0,0,0,0,0,0,0,0,0,0,0,0,0,0,0,0
2021-09-03,0,0,0,0,0,0,0,0,0,0,0,0,0,0,0,0,0,0,0,0,0,0,0,0,0,0,0,0,0,0,0,0,0
2021-09-04,0,0,0,0,0,0,0,0,0,0,0,0,0,0,0,0,0,0,0,0,0,0,0,0,0,0,0,0,0,0,0,0,0
2021-09-05,0,0,0,0,0,0,0,0,0,0,0,0,0,0,0,0,0,0,0,0,0,0,0,0,0,0,0,0,0,0,0,0,0
2021-09-06,0,0,0,0,0,0,0,0,0,0,0,0,0,0,0,0,0,0,0,0,0,0,0,0,0,0,0,0,0,0,0,0,0
2021-09-07,0,0,0,0,0,0,0,0,0,0,0,0,0,0,0,0,0,0,0,0,0,0,0,0,0,0,0,0,0,0,0,0,0
2021-09-08,0,0,0,0,0,0,0,0,0,0,0,0,0,0,0,0,0,0,0,0,0,0,0,0,0,0,0,0,0,0,0,0,0
2021-09-09,0,0,0,0,0,0,0,0,0,0,0,0,0,0,0,0,0,0,0,0,0,0,0,0,0,0,0,0,0,0,0,0,0
2021-09-10,0,0,0,0,0,0,0,0,0,0,0,0,0,0,0,0,0,0,0,0,0,0,0,0,0,0,0,0,0,0,0,0,0
2021-09-11,0,0,0,0,0,0,0,0,0,0,0,0,0,0,0,0,0,0,0,0,0,0,0,0,0,0,0,0,0,0,0,0,0
2021-09-12,0,0,0,0,0,0,0,0,0,0,0,0,0,0,0,0,0,0,0,0,0,0,0,0,0,0,0,0,0,0,0,0,0
2021-09-13,0,0,0,0,0,0,0,0,0,0,0,0,0,0,0,0,0,0,0,0,0,0,0,0,0,0,0,0,0,0,0,0,0
2021-09-14,0,0,0,0,0,0,0,0,0,0,0,0,0,0,0,0,0,0,0,0,0,0,0,0,0,0,0,0,0,0,0,0,0
2021-09-15,0,0,0,0,0,0,0,0,0,0,0,0,0,0,0,0,0,0,0,0,0,0,0,0,0,0,0,0,0,0,0,0,0
2021-09-16,0,0,0,0,0,0,0,0,0,0,0,0,0,0,0,0,0,0,0,0,0,0,0,0,0,0,0,0,0,0,0,0,0
2021-09-17,0,0,0,0,0,0,0,0,0,0,0,0,0,0,0,0,0,0,0,0,0,0,0,0,0,0,0,0,0,0,0,0,0
2021-09-18,0,0,0,0,0,0,0,0,0,0,0,0,0,0,0,0,0,0,0,0,0,0,0,0,0,0,0,0,0,0,0,0,0
2021-09-19,0,0,0,0,0,0,0,0,0,0,0,0,0,0,0,0,0,0,0,0,0,0,0,0,0,0,0,0,0,0,0,0,0
2021-09-20,0,0,0,0,0,0,0,0,0,0,0,0,0,0,0,0,0,0,0,0,0,0,0,0,0,0,0,0,0,0,0,0,0
2021-09-21,0,0,0,0,0,0,0,0,0,0,0,0,0,0,0,0,0,0,0,0,0,0,0,0,0,0,0,0,0,0,0,0,0
2021-09-22,0,0,0,0,0,0,0,0,0,0,0,0,0,0,0,0,0,0,0,0,0,0,0,0,0,0,0,0,0,0,0,0,0
2021-09-23,0,0,0,0,0,0,0,0,0,0,0,0,0,0,0,0,0,0,0,0,0,0,0,0,0,0,0,0,0,0,0,0,0
2021-09-24,0,0,0,0,0,0,0,0,0,0,0,0,0,0,0,0,0,0,0,0,0,0,0,0,0,0,0,0,0,0,0,0,0
2021-09-25,0,0,0,0,0,0,0,0,0,0,0,0,0,0,0,0,0,0,0,0,0,0,0,0,0,0,0,0,0,0,0,0,0
2021-09-26,0,0,0,0,0,0,0,0,0,0,0,0,0,0,0,0,0,0,0,0,0,0,0,0,0,0,0,0,0,0,0,0,0
2021-09-27,0,0,0,0,0,0,0,0,0,0,0,0,0,0,0,0,0,0,0,0,0,0,0,0,0,0,0,0,0,0,0,0,0
2021-09-28,0,0,0,0,0,0,0,0,0,0,0,0,0,0,0,0,0,0,0,0,0,0,0,0,0,0,0,0,0,0,0,0,0
2021-09-29,0,0,0,0,0,0,0,0,0,0,0,0,0,0,0,0,0,0,0,0,0,0,0,0,0,0,0,0,0,0,0,0,0
2021-09-30,0,0,0,0,0,0,0,0,0,0,0,0,0,0,0,0,0,0,0,0,0,0,0,0,0,0,0,0,0,0,0,0,0
2021-10-01,0,0,0,0,0,0,0,0,0,0,0,0,0,0,0,0,0,0,0,0,0,0,0,0,0,0,0,0,0,0,0,0,0
2021-10-02,0,0,0,0,0,0,0,0,0,0,0,0,0,0,0,0,0,0,0,0,0,0,0,0,0,0,0,0,0,0,0,0,0
2021-10-03,0,0,0,0,0,0,0,0,0,0,0,0,0,0,0,0,0,0,0,0,0,0,0,0,0,0,0,0,0,0,0,0,0
2021-10-04,0,0,0,0,0,0,0,0,0,0,0,0,0,0,0,0,0,0,0,0,0,0,0,0,0,0,0,0,0,0,0,0,0
2021-10-05,0,0,0,0,0,0,0,0,0,0,0,0,0,0,0,0,0,0,0,0,0,0,0,0,0,0,0,0,0,0,0,0,0
2021-10-06,0,0,0,0,0,0,0,0,0,0,0,0,0,0,0,0,0,0,0,0,0,0,0,0,0,0,0,0,0,0,0,0,0
2021-10-07,0,0,0,0,0,0,0,0,0,0,0,0,0,0,0,0,0,0,0,0,0,0,0,0,0,0,0,0,0,0,0,0,0
2021-10-08,0,0,0,0,0,0,0,0,0,0,0,0,0,0,0,0,0,0,0,0,0,0,0,0,0,0,0,0,0,0,0,0,0
2021-10-09,0,0,0,0,0,0,0,0,0,0,0,0,0,0,0,0,0,0,0,0,0,0,0,0,0,0,0,0,0,0,0,0,0
2021-10-10,0,0,0,0,0,0,0,0,0,0,0,0,0,0,0,0,0,0,0,0,0,0,0,0,0,0,0,0,0,0,0,0,0
2021-10-11,0,0,0,0,0,0,0,0,0,0,0,0,0,0,0,0,0,0,0,0,0,0,0,0,0,0,0,0,0,0,0,0,0
2021-10-12,0,0,0,0,0,0,0,0,0,0,0,0,0,0,0,0,0,0,0,0,0,0,0,0,0,0,0,0,0,0,0,0,0
2021-10-13,0,0,0,0,0,0,0,0,0,0,0,0,0,0,0,0,0,0,0,0,0,0,0,0,0,0,0,0,0,0,0,0,0
2021-10-14,0,0,0,0,0,0,0,0,0,0,0,0,0,0,0,0,0,0,0,0,0,0,0,0,0,0,0,0,0,0,0,0,0
2021-10-15,0,0,0,0,0,0,0,0,0,0,0,0,0,0,0,0,0,0,0,0,0,0,0,0,0,0,0,0,0,0,0,0,0
2021-10-16,0,0,0,0,0,0,0,0,0,0,0,0,0,0,0,0,0,0,0,0,0,0,0,0,0,0,0,0,0,0,0,0,0
2021-10-17,0,0,0,0,0,0,0,0,0,0,0,0,0,0,0,0,0,0,0,0,0,0,0,0,0,0,0,0,0,0,0,0,0
2021-10-18,0,0,0,0,0,0,0,0,0,0,0,0,0,0,0,0,0,0,0,0,0,0,0,0,0,0,0,0,0,0,0,0,0
2021-10-19,0,0,0,0,0,0,0,0,0,0,0,0,0,0,0,0,0,0,0,0,0,0,0,0,0,0,0,0,0,0,0,0,0
2021-10-20,0,0,0,0,0,0,0,0,0,0,0,0,0,0,0,0,0,0,0,0,0,0,0,0,0,0,0,0,0,0,0,0,0
2021-10-21,0,0,0,0,0,0,0,0,0,0,0,0,0,0,0,0,0,0,0,0,0,0,0,0,0,0,0,0,0,0,0,0,0
2021-10-22,0,0,0,0,0,0,0,0,0,0,0,0,0,0,0,0,0,0,0,0,0,0,0,0,0,0,0,0,0,0,0,0,0
2021-10-23,0,0,0,0,0,0,0,0,0,0,0,0,0,0,0,0,0,0,0,0,0,0,0,0,0,0,0,0,0,0,0,0,0
2021-10-24,0,0,0,0,0,0,0,0,0,0,0,0,0,0,0,0,0,0,0,0,0,0,0,0,0,0,0,0,0,0,0,0,0
2021-10-25,0,0,0,0,0,0,0,0,0,0,0,0,0,0,0,0,0,0,0,0,0,0,0,0,0,0,0,0,0,0,0,0,0
2021-10-26,0,0,0,0,0,0,0,0,0,0,0,0,0,0,0,0,0,0,0,0,0,0,0,0,0,0,0,0,0,0,0,0,0
2021-10-27,0,0,0,0,0,0,0,0,0,0,0,0,0,0,0,0,0,0,0,0,0,0,0,0,0,0,0,0,0,0,0,0,0
2021-10-28,0,0,0,0,0,0,0,0,0,0,0,0,0,0,0,0,0,0,0,0,0,0,0,0,0,0,0,0,0,0,0,0,0
2021-10-29,0,0,0,0,0,0,0,0,0,0,0,0,0,0,0,0,0,0,0,0,0,0,0,0,0,0,0,0,0,0,0,0,0
2021-10-30,0,0,0,0,0,0,0,0,0,0,0,0,0,0,0,0,0,0,0,0,0,0,0,0,0,0,0,0,0,0,0,0,0
2021-10-31,0,0,0,0,0,0,0,0,0,0,0,0,0,0,0,0,0,0,0,0,0,0,0,0,0,0,0,0,0,0,0,0,0
2021-11-01,0,0,0,0,0,0,0,0,0,0,0,0,0,0,0,0,0,0,0,0,0,0,0,0,0,0,0,0,0,0,0,0,0
2021-11-02,0,0,0,0,0,0,0,0,0,0,0,0,0,0,0,0,0,0,0,0,0,0,0,0,0,0,0,0,0,0,0,0,0
2021-11-03,0,0,0,0,0,0,0,0,0,0,0,0,0,0,0,0,0,0,0,0,0,0,0,0,0,0,0,0,0,0,0,0,0
2021-11-04,0,0,0,0,0,0,0,0,0,0,0,0,0,0,0,0,0,0,0,0,0,0,0,0,0,0,0,0,0,0,0,0,0
2021-11-05,0,0,0,0,0,0,0,0,0,0,0,0,0,0,0,0,0,0,0,0,0,0,0,0,0,0,0,0,0,0,0,0,0
2021-11-06,0,0,0,0,0,0,0,0,0,0,0,0,0,0,0,0,0,0,0,0,0,0,0,0,0,0,0,0,0,0,0,0,0
2021-11-07,0,0,0,0,0,0,0,0,0,0,0,0,0,0,0,0,0,0,0,0,0,0,0,0,0,0,0,0,0,0,0,0,0
2021-11-08,0,0,0,0,0,0,0,0,0,0,0,0,0,0,0,0,0,0,0,0,0,0,0,0,0,0,0,0,0,0,0,0,0
2021-11-09,0,0,0,0,0,0,0,0,0,0,0,0,0,0,0,0,0,0,0,0,0,0,0,0,0,0,0,0,0,0,0,0,0
2021-11-10,0,0,0,0,0,0,0,0,0,0,0,0,0,0,0,0,0,0,0,0,0,0,0,0,0,0,0,0,0,0,0,0,0
2021-11-11,0,0,0,0,0,0,0,0,0,0,0,0,0,0,0,0,0,0,0,0,0,0,0,0,0,0,0,0,0,0,0,0,0
2021-11-12,0,0,0,0,0,0,0,0,0,0,0,0,0,0,0,0,0,0,0,0,0,0,0,0,0,0,0,0,0,0,0,0,0
2021-11-13,0,0,0,0,0,0,0,0,0,0,0,0,0,0,0,0,0,0,0,0,0,0,0,0,0,0,0,0,0,0,0,0,0
2021-11-14,0,0,0,0,0,0,0,0,0,0,0,0,0,0,0,0,0,0,0,0,0,0,0,0,0,0,0,0,0,0,0,0,0
2021-11-15,0,0,0,0,0,0,0,0,0,0,0,0,0,0,0,0,0,0,0,0,0,0,0,0,0,0,0,0,0,0,0,0,0
2021-11-16,0,0,0,0,0,0,0,0,0,0,0,0,0,0,0,0,0,0,0,0,0,0,0,0,0,0,0,0,0,0,0,0,0
2021-11-17,0,0,0,0,0,0,0,0,0,0,0,0,0,0,0,0,0,0,0,0,0,0,0,0,0,0,0,0,0,0,0,0,0
2021-11-18,0,0,0,0,0,0,0,0,0,0,0,0,0,0,0,0,0,0,0,0,0,0,0,0,0,0,0,0,0,0,0,0,0
2021-11-19,0,0,0,0,0,0,0,0,0,0,0,0,0,0,0,0,0,0,0,0,0,0,0,0,0,0,0,0,0,0,0,0,0
2021-11-20,0,0,0,0,0,0,0,0,0,0,0,0,0,0,0,0,0,0,0,0,0,0,0,0,0,0,0,0,0,0,0,0,0
2021-11-21,0,0,0,0,0,0,0,0,0,0,0,0,0,0,0,0,0,0,0,0,0,0,0,0,0,0,0,0,0,0,0,0,0
2021-11-22,0,0,0,0,0,0,0,0,0,0,0,0,0,0,0,0,0,0,0,0,0,0,0,0,0,0,0,0,0,0,0,0,0
2021-11-23,0,0,0,0,0,0,0,0,0,0,0,0,0,0,0,0,0,0,0,0,0,0,0,0,0,0,0,0,0,0,0,0,0
2021-11-24,0,0,0,0,0,0,0,0,0,0,0,0,0,0,0,0,0,0,0,0,0,0,0,0,0,0,0,0,0,0,0,0,0
2021-11-25,0,0,0,0,0,0,0,0,0,0,0,0,0,0,0,0,0,0,0,0,0,0,0,0,0,0,0,0,0,0,0,0,0
2021-11-26,0,0,0,0,0,0,0,0,0,0,0,0,0,0,0,0,0,0,0,0,0,0,0,0,0,0,0,0,0,0,0,0,0
2021-11-27,0,0,0,0,0,0,0,0,0,0,0,0,0,0,0,0,0,0,0,0,0,0,0,0,0,0,0,0,0,0,0,0,0
2021-11-28,0,0,0,0,0,0,0,0,0,0,0,0,0,0,0,0,0,0,0,0,0,0,0,0,0,0,0,0,0,0,0,0,0
2021-11-29,0,0,0,0,0,0,0,0,0,0,0,0,0,0,0,0,0,0,0,0,0,0,0,0,0,0,0,0,0,0,0,0,0
2021-11-30,0,0,0,0,0,0,0,0,0,0,0,0,0,0,0,0,0,0,0,0,0,0,0,0,0,0,0,0,0,0,0,0,0
2021-12-01,0,0,0,0,0,0,0,0,0,0,0,0,0,0,0,0,0,0,0,0,0,0,0,0,0,0,0,0,0,0,0,0,0
2021-12-02,0,0,0,0,0,0,0,0,0,0,0,0,0,0,0,0,0,0,0,0,0,0,0,0,0,0,0,0,0,0,0,0,0
2021-12-03,0,0,0,0,0,0,0,0,0,0,0,0,0,0,0,0,0,0,0,0,0,0,0,0,0,0,0,0,0,0,0,0,0
2021-12-04,0,0,0,0,0,0,0,0,0,0,0,0,0,0,0,0,0,0,0,0,0,0,0,0,0,0,0,0,0,0,0,0,0
2021-12-05,0,0,0,0,0,0,0,0,0,0,0,0,0,0,0,0,0,0,0,0,0,0,0,0,0,0,0,0,0,0,0,0,0
2021-12-06,0,0,0,0,0,0,0,0,0,0,0,0,0,0,0,0,0,0,0,0,0,0,0,0,0,0,0,0,0,0,0,0,0
2021-12-07,0,0,0,0,0,0,0,0,0,0,0,0,0,0,0,0,0,0,0,0,0,0,0,0,0,0,0,0,0,0,0,0,0
2021-12-08,0,0,0,0,0,0,0,0,0,0,0,0,0,0,0,0,0,0,0,0,0,0,0,0,0,0,0,0,0,0,0,0,0
2021-12-09,0,0,0,0,0,0,0,0,0,0,0,0,0,0,0,0,0,0,0,0,0,0,0,0,0,0,0,0,0,0,0,0,0
2021-12-10,0,0,0,0,0,0,0,0,0,0,0,0,0,0,0,0,0,0,0,0,0,0,0,0,0,0,0,0,0,0,0,0,0
2021-12-11,0,0,0,0,0,0,0,0,0,0,0,0,0,0,0,0,0,0,0,0,0,0,0,0,0,0,0,0,0,0,0,0,0
2021-12-12,0,0,0,0,0,0,0,0,0,0,0,0,0,0,0,0,0,0,0,0,0,0,0,0,0,0,0,0,0,0,0,0,0
2021-12-13,0,0,0,0,0,0,0,0,0,0,0,0,0,0,0,0,0,0,0,0,0,0,0,0,0,0,0,0,0,0,0,0,0
2021-12-14,0,0,0,0,0,0,0,0,0,0,0,0,0,0,0,0,0,0,0,0,0,0,0,0,0,0,0,0,0,0,0,0,0
2021-12-15,0,0,0,0,0,0,0,0,0,0,0,0,0,0,0,0,0,0,0,0,0,0,0,0,0,0,0,0,0,0,0,0,0
2021-12-16,0,0,0,0,0,0,0,0,0,0,0,0,0,0,0,0,0,0,0,0,0,0,0,0,0,0,0,0,0,0,0,0,0
2021-12-17,0,0,0,0,0,0,0,0,0,0,0,0,0,0,0,0,0,0,0,0,0,0,0,0,0,0,0,0,0,0,0,0,0
2021-12-18,0,0,0,0,0,0,0,0,0,0,0,0,0,0,0,0,0,0,0,0,0,0,0,0,0,0,0,0,0,0,0,0,0
2021-12-19,0,0,0,0,0,0,0,0,0,0,0,0,0,0,0,0,0,0,0,0,0,0,0,0,0,0,0,0,0,0,0,0,0
2021-12-20,0,0,0,0,0,0,0,0,0,0,0,0,0,0,0,0,0,0,0,0,0,0,0,0,0,0,0,0,0,0,0,0,0
2021-12-21,0,0,0,0,0,0,0,0,0,0,0,0,0,0,0,0,0,0,0,0,0,0,0,0,0,0,0,0,0,0,0,0,0
2021-12-22,0,0,0,0,0,0,0,0,0,0,0,0,0,0,0,0,0,0,0,0,0,0,0,0,0,0,0,0,0,0,0,0,0
2021-12-23,0,0,0,0,0,0,0,0,0,0,0,0,0,0,0,0,0,0,0,0,0,0,0,0,0,0,0,0,0,0,0,0,0
2021-12-24,0,0,0,0,0,0,0,0,0,0,0,0,0,0,0,0,0,0,0,0,0,0,0,0,0,0,0,0,0,0,0,0,0
2021-12-25,0,0,0,0,0,0,0,0,0,0,0,0,0,0,0,0,0,0,0,0,0,0,0,0,0,0,0,0,0,0,0,0,0
2021-12-26,0,0,0,0,0,0,0,0,0,0,0,0,0,0,0,0,0,0,0,0,0,0,0,0,0,0,0,0,0,0,0,0,0
2021-12-27,0,0,0,0,0,0,0,0,0,0,0,0,0,0,0,0,0,0,0,0,0,0,0,0,0,0,0,0,0,0,0,0,0
2021-12-28,0,0,0,0,0,0,0,0,0,0,0,0,0,0,0,0,0,0,0,0,0,0,0,0,0,0,0,0,0,0,0,0,0
2021-12-29,0,0,0,0,0,0,0,0,0,0,0,0,0,0,0,0,0,0,0,0,0,0,0,0,0,0,0,0,0,0,0,0,0
2021-12-30,0,0,0,0,0,0,0,0,0,0,0,0,0,0,0,0,0,0,0,0,0,0,0,0,0,0,0,0,0,0,0,0,0
2021-12-31,0,0,0,0,0,0,0,0,0,0,0,0,0,0,0,0,0,0,0,0,0,0,0,0,0,0,0,0,0,0,0,0,0
