日期,平均地溫100cm(℃),平均地溫10cm(℃),平均地溫20cm(℃),平均地溫50cm(℃),平均地溫5cm(℃),平均氣壓(hPa),平均氣溫(℃),平均相對溼度( %),平均露點溫度(℃),平均風向(°),平均風速(ms),日最低氣壓(hPa),日最高氣壓(hPa),最低氣壓時間,最低氣溫(℃),最低氣溫時間,最低相對溼度( %),最低相對溼度時間,最大六十分鐘降水量起始時間,最大十分鐘降水量起始時間,最大陣風風向(°),最大陣風風速(ms),最高氣壓時間,最高氣溫(℃),最高氣溫時間,累積日射量(MJm2),累積日照時數(hr),累積蒸發量(mm),累計雨量(mm)
2017-01-01,23.5,21.9,22.0,22.7,21.7,1021.1,19.1,98,18.6,337.5,1.4,1018.9,1023.2,2017-01-01 16:00:00,15.3,2017-01-01 02:00:00,86,2017-01-01 13:00:00,,,337.5,5.6,2017-01-01 10:00:00,25.6,2017-01-01 13:00:00,13.27,6.0,1.7,0.0
2017-01-02,23.4,22.2,22.3,22.7,22.1,1020.2,19.9,97,19.3,360.0,1.7,1018.3,1022.1,2017-01-02 16:00:00,16.8,2017-01-02 07:00:00,82,2017-01-02 13:00:00,,,315.0,7.4,2017-01-02 10:00:00,25.6,2017-01-02 12:00:00,13.97,7.6,2.1,0.0
2017-01-03,23.4,22.5,22.5,22.8,22.4,1019.4,20.1,97,19.5,360.0,1.6,1017.5,1021.5,2017-01-03 15:00:00,17.8,2017-01-03 05:00:00,80,2017-01-03 14:00:00,,,337.5,6.7,2017-01-03 10:00:00,26.5,2017-01-03 14:00:00,12.03,6.4,1.9,0.0
2017-01-04,23.4,22.6,22.7,22.9,22.5,1018.3,20.7,94,19.6,22.5,1.5,1016.2,1020.3,2017-01-04 15:00:00,17.5,2017-01-04 04:00:00,66,2017-01-04 13:00:00,,,315.0,5.8,2017-01-04 10:00:00,27.2,2017-01-04 13:00:00,13.64,6.8,0.1,0.0
2017-01-05,23.5,22.8,22.8,23.0,22.8,1017.3,20.3,95,19.4,337.5,1.6,1014.9,1018.7,2017-01-05 16:00:00,17.0,2017-01-05 08:00:00,68,2017-01-05 16:00:00,,,337.5,5.5,2017-01-05 10:00:00,25.9,2017-01-05 15:00:00,13.22,7.0,0.0,0.0
2017-01-06,23.5,22.8,22.9,23.1,22.6,1016.2,19.5,97,19.0,360.0,2.1,1014.2,1018.1,2017-01-06 15:00:00,15.6,2017-01-06 03:00:00,80,2017-01-06 15:00:00,,,337.5,7.8,2017-01-06 10:00:00,25.8,2017-01-06 14:00:00,13.40,6.0,0.0,0.0
2017-01-07,23.6,22.9,22.9,23.1,22.8,1014.2,21.0,98,20.6,337.5,1.4,1012.0,1015.9,2017-01-07 16:00:00,17.4,2017-01-07 07:00:00,89,2017-01-07 13:00:00,,,360.0,5.1,2017-01-07 01:00:00,25.8,2017-01-07 14:00:00,12.37,6.8,0.0,0.0
2017-01-08,23.6,22.9,23.0,23.1,22.8,1013.4,21.1,91,19.3,22.5,2.3,1010.8,1015.0,2017-01-08 16:00:00,17.4,2017-01-08 06:00:00,67,2017-01-08 13:00:00,,,337.5,7.0,2017-01-08 10:00:00,27.3,2017-01-08 13:00:00,16.73,9.5,0.0,0.0
2017-01-09,23.6,22.9,23.0,23.2,22.7,1015.8,19.1,91,17.3,360.0,2.5,1013.8,1018.0,2017-01-09 15:00:00,15.6,2017-01-09 07:00:00,61,2017-01-09 14:00:00,,,337.5,8.3,2017-01-09 23:59:59,26.5,2017-01-09 14:00:00,16.57,9.3,0.0,0.0
2017-01-10,23.6,22.6,22.8,23.1,22.3,1018.5,18.5,88,16.1,22.5,2.4,1016.7,1020.6,2017-01-10 15:00:00,14.6,2017-01-10 06:00:00,58,2017-01-10 15:00:00,,,22.5,6.2,2017-01-10 10:00:00,25.4,2017-01-10 15:00:00,15.69,8.5,0.0,0.0
2017-01-11,23.6,22.4,22.6,23.0,22.2,1018.3,19.2,90,17.2,360.0,2.4,1015.3,1020.4,2017-01-11 16:00:00,14.4,2017-01-11 07:00:00,59,2017-01-11 14:00:00,,,337.5,6.8,2017-01-11 10:00:00,25.7,2017-01-11 15:00:00,16.22,8.1,0.0,0.0
2017-01-12,23.5,22.5,22.6,23.0,22.4,1015.8,19.9,97,19.3,360.0,2.5,1013.3,1018.1,2017-01-12 16:00:00,17.8,2017-01-12 03:00:00,84,2017-01-12 14:00:00,,,337.5,7.7,2017-01-12 01:00:00,24.9,2017-01-12 14:00:00,14.22,7.7,0.0,0.0
2017-01-13,23.5,22.8,22.9,23.0,22.7,1014.8,19.0,96,18.3,360.0,3.3,1013.2,1016.2,2017-01-13 14:00:00,15.7,2017-01-13 23:00:00,82,2017-01-13 14:00:00,,,315.0,7.4,2017-01-13 22:00:00,24.0,2017-01-13 13:00:00,10.71,3.6,0.0,0.0
2017-01-14,23.6,22.5,22.7,23.1,22.2,1017.3,15.9,98,15.5,22.5,3.3,1015.7,1019.5,2017-01-14 05:00:00,13.4,2017-01-14 09:00:00,93,2017-01-14 23:00:00,,,22.5,8.4,2017-01-14 23:59:59,19.5,2017-01-14 16:00:00,6.97,1.8,0.0,0.0
2017-01-15,23.5,22.0,22.3,22.9,21.7,1019.5,16.6,93,15.3,360.0,2.8,1017.8,1021.2,2017-01-15 15:00:00,14.4,2017-01-15 04:00:00,78,2017-01-15 16:00:00,,,360.0,7.6,2017-01-15 10:00:00,21.4,2017-01-15 15:00:00,11.68,5.6,0.0,0.0
2017-01-16,23.4,21.8,22.1,22.7,21.5,1019.9,16.9,91,15.2,360.0,2.3,1017.4,1021.5,2017-01-16 16:00:00,14.0,2017-01-16 07:00:00,65,2017-01-16 16:00:00,,,22.5,6.3,2017-01-16 23:00:00,22.5,2017-01-16 16:00:00,14.29,7.8,0.0,0.0
2017-01-17,23.3,21.7,22.0,22.6,21.5,1021.5,17.7,92,16.2,360.0,2.5,1019.7,1023.3,2017-01-17 15:00:00,13.0,2017-01-17 02:00:00,70,2017-01-17 13:00:00,,,337.5,8.7,2017-01-17 23:59:59,25.0,2017-01-17 13:00:00,15.88,8.8,0.0,0.0
2017-01-18,23.2,21.9,22.0,22.6,21.8,1022.0,19.4,96,18.5,22.5,3.1,1019.8,1023.8,2017-01-18 15:00:00,16.5,2017-01-18 01:00:00,71,2017-01-18 14:00:00,,,360.0,7.6,2017-01-18 09:00:00,25.7,2017-01-18 14:00:00,16.10,7.2,0.0,0.0
2017-01-19,23.1,22.2,22.3,22.6,22.2,1020.3,20.3,93,18.8,360.0,3.0,1017.6,1022.3,2017-01-19 16:00:00,17.2,2017-01-19 23:59:59,62,2017-01-19 15:00:00,,,337.5,8.2,2017-01-19 09:00:00,27.5,2017-01-19 15:00:00,17.97,9.6,0.0,0.0
2017-01-20,23.2,22.4,22.5,22.7,22.2,1021.5,16.7,89,14.8,22.5,4.5,1019.8,1023.4,2017-01-20 15:00:00,12.5,2017-01-20 22:00:00,72,2017-01-20 15:00:00,,,360.0,9.6,2017-01-20 23:59:59,22.1,2017-01-20 13:00:00,15.15,6.4,0.0,0.0
2017-01-21,23.2,21.7,22.1,22.7,21.3,1024.2,15.0,89,11.7,22.5,3.9,1022.1,1026.6,2017-01-21 15:00:00,12.5,2017-01-21 04:00:00,72,2017-01-20 15:00:00,,,22.5,9.2,2017-01-21 10:00:00,21.8,2017-01-21 15:00:00,10.70,4.5,0.0,0.0
2017-01-22,23.1,21.2,21.6,22.5,20.8,1024.7,16.2,89,11.2,360.0,3.6,1022.2,1026.6,2017-01-22 16:00:00,13.5,2017-01-22 23:59:59,72,2017-01-20 15:00:00,,,360.0,8.0,2017-01-22 10:00:00,22.2,2017-01-22 14:00:00,16.19,8.0,0.0,0.0
2017-01-23,23.0,21.1,21.4,22.2,20.8,1024.7,16.4,89,11.5,360.0,2.2,1022.8,1026.2,2017-01-23 15:00:00,12.1,2017-01-23 06:00:00,72,2017-01-20 15:00:00,,,337.5,7.6,2017-01-23 11:00:00,23.7,2017-01-23 15:00:00,15.37,7.4,0.0,0.0
2017-01-24,22.8,21.3,21.5,22.1,21.0,1025.4,16.7,89,13.9,360.0,2.9,1023.7,1026.8,2017-01-24 16:00:00,13.7,2017-01-24 06:00:00,72,2017-01-20 15:00:00,,,360.0,8.3,2017-01-24 23:00:00,22.2,2017-01-24 14:00:00,13.04,6.9,0.0,0.0
2017-01-25,22.8,21.2,21.5,22.1,20.9,1024.8,16.6,89,14.7,22.5,4.0,1022.6,1026.4,2017-01-25 16:00:00,14.1,2017-01-25 23:59:59,72,2017-01-20 15:00:00,,,360.0,11.7,2017-01-25 01:00:00,22.9,2017-01-25 15:00:00,13.31,7.2,0.0,0.0
2017-01-26,22.7,20.9,21.2,22.0,20.6,1023.1,16.4,89,13.5,22.5,3.3,1020.1,1025.0,2017-01-26 15:00:00,12.5,2017-01-26 07:00:00,72,2017-01-20 15:00:00,,,360.0,7.8,2017-01-26 09:00:00,23.6,2017-01-26 15:00:00,18.49,9.7,0.0,0.0
2017-01-27,22.6,20.8,21.1,21.9,20.5,1022.2,16.9,89,13.9,360.0,3.0,1019.9,1024.7,2017-01-27 16:00:00,12.1,2017-01-27 06:00:00,72,2017-01-20 15:00:00,,,337.5,9.6,2017-01-27 09:00:00,24.7,2017-01-27 14:00:00,19.58,10.0,0.0,0.0
2017-01-28,22.5,20.8,21.1,21.8,20.6,1018.8,17.6,89,15.2,360.0,1.7,1016.7,1020.8,2017-01-28 16:00:00,12.4,2017-01-28 02:00:00,72,2017-01-20 15:00:00,,,337.5,6.3,2017-01-28 01:00:00,25.7,2017-01-28 14:00:00,18.74,9.7,0.0,0.0
2017-01-29,22.4,21.2,21.3,21.8,21.1,1018.0,19.6,89,17.2,22.5,1.8,1015.7,1020.3,2017-01-29 16:00:00,13.9,2017-01-29 04:00:00,72,2017-01-20 15:00:00,,,292.5,5.9,2017-01-29 10:00:00,28.8,2017-01-29 15:00:00,15.74,6.2,0.0,0.0
2017-01-30,22.5,21.8,21.7,21.9,21.7,1018.1,19.8,89,17.8,360.0,3.2,1016.3,1019.5,2017-01-30 15:00:00,15.3,2017-01-30 23:59:59,72,2017-01-20 15:00:00,,,22.5,10.0,2017-01-30 23:00:00,27.2,2017-01-30 12:00:00,18.75,9.2,0.0,0.0
2017-01-31,22.5,21.8,21.9,22.1,21.7,1019.3,17.5,89,16.2,360.0,3.3,1017.8,1020.9,2017-01-31 15:00:00,14.2,2017-01-31 06:00:00,72,2017-01-20 15:00:00,,,337.5,8.4,2017-01-31 10:00:00,22.6,2017-01-31 13:00:00,12.54,6.4,0.0,0.0
2017-02-01,22.6,21.8,21.9,22.1,21.6,1020.6,18.7,89,16.2,360.0,3.8,1019.1,1021.9,2017-02-01 15:00:00,16.1,2017-02-01 23:59:59,72,2017-01-20 15:00:00,,,45.0,8.8,2017-02-01 10:00:00,23.0,2017-02-01 13:00:00,11.27,4.9,0.0,0.0
2017-02-02,22.6,21.7,21.8,22.1,21.5,1021.7,17.2,89,16.2,360.0,3.4,1019.8,1023.6,2017-02-02 16:00:00,14.8,2017-02-02 07:00:00,72,2017-01-20 15:00:00,,,22.5,8.3,2017-02-02 10:00:00,22.3,2017-02-02 14:00:00,13.15,4.9,0.0,0.0
2017-02-03,22.6,21.6,21.7,22.1,21.5,1020.0,18.0,89,16.2,360.0,2.5,1017.4,1022.1,2017-02-03 16:00:00,14.5,2017-02-03 07:00:00,72,2017-01-20 15:00:00,,,337.5,7.9,2017-02-03 10:00:00,24.2,2017-02-03 13:00:00,18.26,9.1,0.0,0.0
2017-02-04,22.6,21.8,21.9,22.1,21.7,1016.5,18.6,89,16.2,360.0,1.9,1013.7,1019.5,2017-02-04 16:00:00,17.0,2017-02-04 01:00:00,72,2017-01-20 15:00:00,,,360.0,4.9,2017-02-04 01:00:00,22.7,2017-02-04 15:00:00,7.75,1.8,0.0,0.0
2017-02-05,22.6,21.8,21.9,22.1,21.6,1013.5,18.6,89,16.2,360.0,2.8,1011.9,1015.4,2017-02-05 17:00:00,15.9,2017-02-05 04:00:00,72,2017-01-20 15:00:00,,,315.0,8.5,2017-02-05 10:00:00,23.3,2017-02-05 14:00:00,9.53,2.6,0.0,0.0
2017-02-06,22.6,21.7,21.8,22.1,21.6,1015.0,18.4,89,16.2,360.0,3.1,1012.8,1017.2,2017-02-06 04:00:00,15.0,2017-02-06 23:00:00,72,2017-01-20 15:00:00,,,22.5,9.5,2017-02-06 10:00:00,25.0,2017-02-06 14:00:00,18.13,9.3,0.0,0.0
2017-02-07,22.6,21.7,21.9,22.2,21.5,1016.9,17.4,89,16.2,360.0,2.1,1015.4,1018.8,2017-02-07 16:00:00,13.5,2017-02-07 07:00:00,72,2017-01-20 15:00:00,,,22.5,8.0,2017-02-07 10:00:00,23.5,2017-02-07 15:00:00,12.96,5.5,0.0,0.0
2017-02-08,22.6,21.6,21.8,22.1,21.5,1016.4,18.3,89,16.2,360.0,2.9,1014.8,1017.7,2017-02-08 17:00:00,14.5,2017-02-08 04:00:00,72,2017-01-20 15:00:00,,,22.5,9.2,2017-02-08 10:00:00,24.0,2017-02-08 14:00:00,18.57,8.7,0.0,0.0
2017-02-09,22.6,21.7,21.9,22.2,21.4,1018.1,14.3,89,16.2,22.5,6.3,1016.3,1020.0,2017-02-09 03:00:00,11.6,2017-02-09 22:00:00,72,2017-01-20 15:00:00,,,360.0,14.0,2017-02-09 10:00:00,18.4,2017-02-09 15:00:00,17.41,6.0,0.0,0.0
2017-02-10,22.6,21.0,21.4,22.1,20.6,1020.9,13.1,89,16.2,22.5,4.2,1019.0,1023.1,2017-02-10 05:00:00,10.1,2017-02-10 06:00:00,72,2017-01-20 15:00:00,,,22.5,10.3,2017-02-10 23:59:59,17.9,2017-02-10 14:00:00,12.08,5.5,0.0,0.0
2017-02-11,22.5,20.4,20.9,21.9,19.8,1024.5,12.2,89,8.2,22.5,2.3,1022.8,1026.1,2017-02-11 02:00:00,9.5,2017-02-11 06:00:00,72,2017-01-20 15:00:00,,,22.5,6.4,2017-02-11 10:00:00,14.2,2017-02-11 15:00:00,2.15,0.0,0.0,0.0
2017-02-12,22.3,19.8,20.3,21.5,19.4,1025.5,14.6,89,10.1,360.0,2.4,1023.6,1027.1,2017-02-12 16:00:00,10.9,2017-02-12 05:00:00,72,2017-01-20 15:00:00,,,360.0,7.2,2017-02-12 10:00:00,21.0,2017-02-12 14:00:00,11.84,4.1,0.0,0.0
2017-02-13,22.1,20.0,20.3,21.3,19.7,1026.4,15.9,89,12.6,360.0,2.4,1024.8,1027.9,2017-02-13 16:00:00,10.5,2017-02-13 07:00:00,72,2017-01-20 15:00:00,,,337.5,8.0,2017-02-13 23:00:00,23.5,2017-02-13 13:00:00,20.20,9.9,0.0,0.0
2017-02-14,22.0,20.3,20.5,21.2,20.1,1028.0,16.1,89,12.8,360.0,2.1,1026.6,1029.6,2017-02-14 16:00:00,10.0,2017-02-14 06:00:00,72,2017-01-20 15:00:00,,,360.0,8.5,2017-02-14 10:00:00,25.2,2017-02-14 14:00:00,20.25,9.9,0.0,0.0
2017-02-15,21.9,20.5,20.7,21.3,20.3,1026.4,16.0,89,13.2,360.0,1.7,1024.2,1028.5,2017-02-15 16:00:00,10.0,2017-02-15 07:00:00,72,2017-01-20 15:00:00,,,360.0,6.6,2017-02-15 01:00:00,23.9,2017-02-15 14:00:00,20.65,10.1,0.0,0.0
2017-02-16,21.9,20.8,20.9,21.3,20.6,1022.3,17.3,89,13.4,360.0,1.8,1019.9,1024.6,2017-02-16 16:00:00,12.4,2017-02-16 03:00:00,72,2017-01-20 15:00:00,,,292.5,6.2,2017-02-16 01:00:00,26.0,2017-02-16 14:00:00,19.94,8.2,0.0,0.0
2017-02-17,21.9,21.0,21.1,21.4,20.8,1021.4,19.3,89,14.7,45.0,2.1,1019.6,1023.3,2017-02-17 16:00:00,12.6,2017-02-17 06:00:00,72,2017-01-20 15:00:00,,,337.5,7.9,2017-02-17 10:00:00,27.6,2017-02-17 14:00:00,20.29,9.8,0.0,0.0
2017-02-18,22.0,21.4,21.4,21.5,21.3,1021.6,18.7,89,17.5,360.0,3.5,1019.6,1023.6,2017-02-18 15:00:00,15.1,2017-02-18 02:00:00,72,2017-01-20 15:00:00,,,360.0,9.0,2017-02-18 10:00:00,25.0,2017-02-18 14:00:00,19.87,8.4,0.0,0.0
2017-02-19,22.0,21.6,21.6,21.6,21.6,1018.3,18.3,89,16.9,337.5,1.5,1015.5,1021.3,2017-02-19 16:00:00,12.8,2017-02-19 06:00:00,72,2017-01-20 15:00:00,,,292.5,6.8,2017-02-19 01:00:00,25.9,2017-02-19 14:00:00,19.64,7.9,0.0,0.0
2017-02-20,22.1,22.1,22.0,21.8,22.2,1015.1,23.0,89,20.7,22.5,2.1,1013.2,1017.2,2017-02-20 15:00:00,17.9,2017-02-20 01:00:00,72,2017-01-20 15:00:00,,,270.0,8.2,2017-02-20 23:00:00,31.1,2017-02-20 12:00:00,19.33,8.9,0.0,0.0
2017-02-21,22.2,22.7,22.5,22.0,22.8,1017.8,20.9,89,19.6,360.0,3.5,1016.2,1019.7,2017-02-21 16:00:00,18.4,2017-02-21 06:00:00,72,2017-01-20 15:00:00,,,337.5,9.7,2017-02-21 10:00:00,25.9,2017-02-21 13:00:00,17.36,8.3,0.0,0.0
2017-02-22,22.4,22.9,22.7,22.3,22.9,1016.2,21.2,89,20.8,22.5,2.3,1013.8,1017.8,2017-02-22 17:00:00,18.1,2017-02-22 04:00:00,72,2017-01-20 15:00:00,,,67.5,6.3,2017-02-22 01:00:00,25.8,2017-02-22 16:00:00,11.18,4.3,0.0,1.5
2017-02-23,22.6,23.1,22.9,22.5,23.3,1016.9,20.1,89,19.5,360.0,3.7,1014.9,1020.3,2017-02-23 04:00:00,13.5,2017-02-23 23:59:59,72,2017-01-20 15:00:00,,,360.0,10.2,2017-02-23 23:59:59,26.7,2017-02-23 13:00:00,16.89,5.9,0.0,0.0
2017-02-24,22.8,22.7,22.9,22.7,22.5,1020.8,14.3,89,14.0,22.5,3.7,1019.2,1022.2,2017-02-24 05:00:00,13.2,2017-02-24 04:00:00,72,2017-01-20 15:00:00,,,22.5,8.8,2017-02-24 10:00:00,16.5,2017-02-24 14:00:00,4.39,0.1,0.0,0.0
2017-02-25,22.8,21.7,22.1,22.5,21.4,1019.1,15.5,89,14.9,22.5,3.7,1016.8,1021.3,2017-02-25 15:00:00,13.0,2017-02-25 02:00:00,72,2017-01-20 15:00:00,,,22.5,9.1,2017-02-25 01:00:00,19.9,2017-02-25 15:00:00,12.82,4.8,0.0,0.0
2017-02-26,22.7,21.7,21.9,22.3,21.5,1019.8,15.3,89,13.7,22.5,4.8,1017.9,1021.6,2017-02-26 16:00:00,13.1,2017-02-26 22:00:00,72,2017-01-20 15:00:00,,,22.5,11.3,2017-02-26 10:00:00,20.1,2017-02-26 13:00:00,16.10,6.2,0.0,0.0
2017-02-27,22.6,21.7,21.9,22.2,21.6,1021.1,16.7,89,13.5,360.0,2.2,1019.8,1022.5,2017-02-27 04:00:00,13.3,2017-02-27 23:59:59,72,2017-01-20 15:00:00,,,337.5,7.2,2017-02-27 10:00:00,23.0,2017-02-27 15:00:00,18.24,8.0,0.0,0.0
2017-02-28,22.6,21.9,22.0,22.2,21.8,1019.9,17.2,89,14.9,360.0,2.2,1017.0,1021.9,2017-02-28 17:00:00,12.3,2017-02-28 03:00:00,72,2017-01-20 15:00:00,,,337.5,7.9,2017-02-28 08:00:00,23.5,2017-02-28 14:00:00,17.09,8.5,0.0,0.0
2017-03-01,22.6,22.2,22.2,22.2,22.2,1018.3,18.4,85,15.5,360.0,3.3,1016.4,1019.8,2017-03-01 16:00:00,15.1,2017-03-01 03:00:00,61,2017-03-01 16:00:00,,,337.5,9.2,2017-03-01 09:00:00,23.8,2017-03-01 12:00:00,21.96,10.2,0.0,0.0
2017-03-02,22.6,22.3,22.4,22.3,22.2,1018.0,17.4,75,12.3,360.0,3.7,1016.5,1019.6,2017-03-02 15:00:00,12.2,2017-03-02 23:59:59,48,2017-03-02 13:00:00,,,360.0,9.7,2017-03-02 10:00:00,23.6,2017-03-02 13:00:00,21.21,9.6,0.0,0.0
2017-03-03,22.7,22.1,22.2,22.3,21.9,1017.0,16.8,80,12.8,360.0,1.9,1014.9,1018.9,2017-03-03 17:00:00,10.7,2017-03-03 05:00:00,47,2017-03-03 13:00:00,,,360.0,6.6,2017-03-03 01:00:00,23.8,2017-03-03 14:00:00,16.57,8.1,0.0,0.0
2017-03-04,22.6,22.3,22.3,22.3,22.3,1015.1,20.3,82,16.4,360.0,1.4,1012.9,1016.9,2017-03-04 16:00:00,15.8,2017-03-04 07:00:00,49,2017-03-04 13:00:00,,,337.5,5.7,2017-03-04 08:00:00,27.0,2017-03-04 13:00:00,20.61,9.6,0.0,0.0
2017-03-05,22.7,22.7,22.6,22.4,22.7,1013.0,22.2,83,18.5,180.0,1.6,1010.9,1015.1,2017-03-05 16:00:00,16.3,2017-03-05 03:00:00,46,2017-03-05 14:00:00,,,270.0,7.1,2017-03-05 08:00:00,29.9,2017-03-05 14:00:00,19.25,9.1,0.0,0.0
2017-03-06,22.8,23.2,23.0,22.6,23.2,1013.5,19.5,93,18.3,360.0,3.7,1011.8,1015.7,2017-03-06 04:00:00,15.7,2017-03-06 23:59:59,78,2017-03-06 15:00:00,,,360.0,11.3,2017-03-06 23:00:00,23.2,2017-03-06 13:00:00,17.16,6.6,0.0,6.0
2017-03-07,22.9,22.9,23.0,22.8,22.6,1016.4,15.9,90,14.1,22.5,3.0,1014.8,1018.2,2017-03-07 04:00:00,14.2,2017-03-07 20:00:00,70,2017-03-07 15:00:00,,,22.5,7.1,2017-03-07 23:00:00,19.5,2017-03-07 11:00:00,6.86,1.3,2.4,0.0
2017-03-08,23.0,21.8,22.2,22.7,21.4,1017.4,14.8,99,14.6,22.5,2.3,1015.9,1019.2,2017-03-08 17:00:00,13.5,2017-03-08 10:00:00,98,2017-03-08 06:00:00,,,45.0,6.0,2017-03-08 11:00:00,15.9,2017-03-08 19:00:00,2.28,0.0,0.6,4.5
2017-03-09,22.8,21.2,21.5,22.3,20.9,1016.3,18.0,95,17.0,360.0,1.1,1014.4,1017.8,2017-03-09 16:00:00,14.0,2017-03-09 07:00:00,76,2017-03-09 12:00:00,,,337.5,4.6,2017-03-09 01:00:00,23.5,2017-03-09 12:00:00,10.96,4.2,1.1,0.0
2017-03-10,22.6,21.7,21.7,22.1,21.7,1013.4,21.0,92,19.3,22.5,2.2,1011.1,1014.8,2017-03-10 15:00:00,17.3,2017-03-10 02:00:00,60,2017-03-10 14:00:00,,,360.0,8.6,2017-03-10 10:00:00,30.6,2017-03-10 14:00:00,14.95,5.0,2.6,0.0
2017-03-11,22.6,22.3,22.2,22.1,22.3,1015.0,20.6,92,20.1,360.0,3.1,1013.6,1016.6,2017-03-11 02:00:00,17.2,2017-03-11 06:00:00,60,2017-03-10 14:00:00,,,45.0,7.3,2017-03-11 22:00:00,24.8,2017-03-11 14:00:00,13.61,5.4,3.2,0.0
2017-03-12,22.6,22.8,22.6,22.3,22.8,1014.5,22.1,92,21.0,337.5,1.6,1012.8,1016.0,2017-03-12 16:00:00,18.6,2017-03-12 04:00:00,60,2017-03-10 14:00:00,,,292.5,8.1,2017-03-12 08:00:00,28.7,2017-03-12 12:00:00,15.84,5.9,3.2,0.0
2017-03-13,22.7,23.5,23.1,22.5,23.7,1012.7,24.5,92,21.4,360.0,2.1,1009.7,1014.8,2017-03-13 16:00:00,20.7,2017-03-13 23:59:59,60,2017-03-10 14:00:00,,,22.5,8.0,2017-03-13 01:00:00,30.7,2017-03-13 14:00:00,23.00,9.8,5.0,0.0
2017-03-14,22.9,23.9,23.7,22.9,23.9,1016.4,17.9,92,15.8,22.5,4.6,1013.6,1019.0,2017-03-14 04:00:00,15.1,2017-03-14 22:00:00,60,2017-03-10 14:00:00,,,22.5,10.1,2017-03-14 23:00:00,22.0,2017-03-14 15:00:00,17.00,6.5,4.9,0.0
2017-03-15,23.1,23.1,23.2,23.0,23.0,1018.0,18.5,92,15.1,360.0,2.2,1015.8,1020.5,2017-03-15 18:00:00,15.0,2017-03-15 02:00:00,60,2017-03-10 14:00:00,,,337.5,5.5,2017-03-15 10:00:00,25.0,2017-03-15 16:00:00,17.22,6.3,4.3,0.0
2017-03-16,23.1,23.1,23.1,23.0,23.0,1017.1,19.4,92,18.4,360.0,2.8,1015.1,1018.5,2017-03-16 16:00:00,17.5,2017-03-16 04:00:00,60,2017-03-10 14:00:00,,,22.5,6.9,2017-03-16 23:00:00,24.2,2017-03-16 15:00:00,12.76,4.4,3.2,0.0
2017-03-17,23.1,23.1,23.1,22.9,23.0,1018.2,20.3,92,19.0,360.0,2.9,1016.3,1020.2,2017-03-17 15:00:00,16.4,2017-03-17 06:00:00,60,2017-03-10 14:00:00,,,22.5,8.0,2017-03-17 22:00:00,26.2,2017-03-17 13:00:00,13.46,5.5,3.7,0.0
2017-03-18,23.2,23.4,23.2,23.0,23.4,1018.7,22.1,92,20.8,360.0,2.0,1016.9,1020.6,2017-03-18 17:00:00,19.1,2017-03-18 07:00:00,60,2017-03-10 14:00:00,,,315.0,5.4,2017-03-18 09:00:00,27.9,2017-03-18 15:00:00,15.62,5.3,2.9,0.0
2017-03-19,23.2,23.8,23.6,23.1,23.9,1018.5,22.4,92,21.5,360.0,2.5,1017.0,1019.6,2017-03-19 15:00:00,19.8,2017-03-19 06:00:00,60,2017-03-10 14:00:00,,,360.0,8.6,2017-03-19 07:00:00,28.5,2017-03-19 11:00:00,13.61,4.9,3.0,0.0
2017-03-20,23.3,24.0,23.7,23.2,24.1,1015.6,23.4,92,21.8,22.5,1.9,1013.8,1017.6,2017-03-20 16:00:00,20.1,2017-03-20 08:00:00,66,2017-03-20 17:00:00,,,22.5,5.9,2017-03-20 10:00:00,29.3,2017-03-20 15:00:00,18.77,8.1,3.3,0.0
2017-03-21,23.4,24.4,24.1,23.4,24.5,1015.5,23.3,92,21.2,360.0,2.9,1013.2,1017.2,2017-03-21 15:00:00,19.1,2017-03-21 23:59:59,66,2017-03-20 17:00:00,,,337.5,8.7,2017-03-21 09:00:00,31.0,2017-03-21 14:00:00,22.71,9.5,5.9,0.0
2017-03-22,23.6,24.7,24.4,23.6,24.8,1014.8,21.8,92,19.4,360.0,2.8,1012.4,1017.0,2017-03-22 16:00:00,18.3,2017-03-22 03:00:00,66,2017-03-20 17:00:00,,,22.5,7.5,2017-03-22 23:00:00,28.7,2017-03-22 12:00:00,22.26,8.3,6.0,0.0
2017-03-23,23.7,24.8,24.6,23.9,24.8,1014.9,22.2,92,18.9,22.5,3.8,1012.1,1016.9,2017-03-23 16:00:00,18.2,2017-03-23 03:00:00,66,2017-03-20 17:00:00,,,22.5,11.8,2017-03-23 23:00:00,30.7,2017-03-23 15:00:00,21.41,9.7,5.2,0.0
2017-03-24,23.9,24.7,24.5,24.0,24.8,1016.4,22.3,92,19.4,360.0,2.3,1013.5,1018.3,2017-03-24 16:00:00,17.4,2017-03-24 06:00:00,66,2017-03-20 17:00:00,,,270.0,8.1,2017-03-24 09:00:00,30.2,2017-03-24 15:00:00,24.70,9.8,5.2,0.0
2017-03-25,24.0,25.1,24.8,24.1,25.1,1017.2,21.1,92,19.1,360.0,4.1,1015.4,1019.4,2017-03-25 16:00:00,15.6,2017-03-25 23:59:59,66,2017-03-20 17:00:00,,,22.5,11.3,2017-03-25 23:00:00,27.1,2017-03-25 15:00:00,21.63,9.0,5.8,0.0
2017-03-26,24.2,24.3,24.5,24.3,24.0,1021.0,15.0,92,14.7,22.5,3.3,1018.7,1023.3,2017-03-26 01:00:00,13.3,2017-03-26 13:00:00,66,2017-03-20 17:00:00,,,22.5,9.7,2017-03-26 23:59:59,16.4,2017-03-26 03:00:00,2.55,0.0,0.7,3.0
2017-03-27,24.1,23.1,23.4,23.9,22.9,1022.4,19.8,92,15.6,360.0,1.5,1020.1,1024.2,2017-03-27 17:00:00,12.9,2017-03-27 07:00:00,66,2017-03-20 17:00:00,,,360.0,7.1,2017-03-27 10:00:00,27.6,2017-03-27 15:00:00,25.84,10.6,4.4,0.0
2017-03-28,24.0,23.6,23.6,23.7,23.5,1020.6,20.8,92,16.8,337.5,1.5,1018.3,1022.6,2017-03-28 16:00:00,15.6,2017-03-28 06:00:00,66,2017-03-20 17:00:00,,,292.5,6.3,2017-03-28 09:00:00,27.3,2017-03-28 14:00:00,22.81,9.5,4.0,0.0
2017-03-29,23.9,24.0,23.9,23.7,24.0,1020.1,22.5,92,17.6,22.5,2.1,1018.1,1022.2,2017-03-29 16:00:00,18.2,2017-03-29 06:00:00,66,2017-03-20 17:00:00,,,22.5,7.2,2017-03-29 11:00:00,29.5,2017-03-29 15:00:00,22.38,8.8,0.0,0.0
2017-03-30,23.9,24.3,24.2,23.8,24.3,1018.5,22.8,92,19.3,337.5,1.2,1016.4,1020.4,2017-03-30 18:00:00,17.3,2017-03-30 05:00:00,66,2017-03-20 17:00:00,,,315.0,6.3,2017-03-30 09:00:00,29.5,2017-03-30 11:00:00,16.63,7.5,0.0,0.0
2017-03-31,24.0,24.4,24.3,23.9,24.5,1014.6,22.7,92,19.9,22.5,3.5,1012.0,1018.2,2017-03-31 16:00:00,16.3,2017-03-31 22:00:00,66,2017-03-20 17:00:00,,,22.5,15.2,2017-03-31 23:59:59,31.4,2017-03-31 13:00:00,21.40,8.9,0.1,0.0
2017-04-01,24.1,24.2,24.3,24.1,24.0,1018.9,17.0,77,12.4,22.5,4.9,1017.0,1020.7,2017-04-01 06:00:00,12.3,2017-04-01 23:59:59,50,2017-04-01 17:00:00,,,22.5,13.1,2017-04-01 23:59:59,23.1,2017-04-01 14:00:00,16.41,5.9,0.1,2.5
2017-04-02,24.1,23.1,23.4,23.9,22.7,1021.2,17.9,63,9.5,360.0,2.5,1019.6,1022.9,2017-04-02 16:00:00,9.7,2017-04-02 06:00:00,33,2017-04-02 14:00:00,,,315.0,8.4,2017-04-02 10:00:00,26.6,2017-04-02 14:00:00,26.99,11.0,0.1,0.0
2017-04-03,24.0,23.1,23.3,23.7,22.9,1021.3,20.4,67,12.6,157.5,1.8,1020.0,1022.9,2017-04-03 16:00:00,13.7,2017-04-03 01:00:00,34,2017-04-03 12:00:00,,,315.0,7.4,2017-04-03 10:00:00,28.2,2017-04-03 13:00:00,26.01,10.5,0.1,0.0
2017-04-04,23.9,23.4,23.4,23.6,23.3,1019.7,20.7,76,15.9,112.5,1.6,1017.3,1021.8,2017-04-04 16:00:00,14.2,2017-04-04 06:00:00,55,2017-04-04 11:00:00,,,337.5,9.2,2017-04-04 01:00:00,26.8,2017-04-04 14:00:00,22.15,9.4,0.1,0.0
2017-04-05,23.8,23.9,23.8,23.6,23.9,1016.4,22.8,73,16.7,112.5,2.1,1013.8,1018.6,2017-04-05 16:00:00,16.4,2017-04-05 06:00:00,42,2017-04-05 13:00:00,,,337.5,8.9,2017-04-05 01:00:00,29.4,2017-04-05 14:00:00,25.56,10.4,0.1,0.0
2017-04-06,23.9,24.3,24.1,23.8,24.4,1014.5,23.7,81,19.7,90.0,1.0,1013.0,1016.1,2017-04-06 15:00:00,17.3,2017-04-06 04:00:00,48,2017-04-06 13:00:00,,,292.5,6.8,2017-04-06 10:00:00,30.1,2017-04-06 14:00:00,19.45,6.8,0.1,0.0
2017-04-07,24.0,24.7,24.5,24.0,24.8,1013.8,24.9,89,22.8,67.5,1.9,1011.6,1016.1,2017-04-07 06:00:00,21.6,2017-04-07 05:00:00,62,2017-04-07 15:00:00,,,202.5,7.3,2017-04-07 11:00:00,31.3,2017-04-07 15:00:00,13.18,2.9,0.1,0.0
2017-04-08,24.1,25.0,24.7,24.2,25.2,1013.6,26.1,86,23.2,247.5,1.8,1011.3,1015.7,2017-04-08 17:00:00,22.1,2017-04-08 01:00:00,61,2017-04-08 14:00:00,,,270.0,8.7,2017-04-08 10:00:00,32.4,2017-04-08 11:00:00,22.88,9.1,0.1,0.0
2017-04-09,24.3,25.5,25.2,24.4,25.7,1010.9,26.5,87,23.8,202.5,2.4,1008.7,1012.6,2017-04-09 16:00:00,21.6,2017-04-09 05:00:00,56,2017-04-09 14:00:00,,,225.0,9.3,2017-04-09 01:00:00,32.9,2017-04-09 14:00:00,22.54,8.7,0.1,0.0
2017-04-10,24.4,26.0,25.6,24.7,26.2,1009.4,27.9,78,22.9,202.5,2.7,1006.9,1011.7,2017-04-10 17:00:00,23.8,2017-04-10 01:00:00,43,2017-04-10 14:00:00,,,247.5,9.2,2017-04-10 10:00:00,34.6,2017-04-10 14:00:00,22.33,8.0,0.1,0.0
2017-04-11,24.7,26.3,26.0,25.0,26.4,1009.9,27.6,78,25.0,180.0,2.8,1008.7,1011.5,2017-04-11 16:00:00,24.7,2017-04-11 05:00:00,43,2017-04-10 14:00:00,,,225.0,7.7,2017-04-11 23:59:59,32.3,2017-04-11 12:00:00,12.57,4.0,0.0,6.5
2017-04-12,24.9,25.5,25.6,25.2,25.3,1013.5,20.0,78,19.9,22.5,3.2,1011.1,1017.3,2017-04-12 02:00:00,16.7,2017-04-12 23:59:59,43,2017-04-10 14:00:00,,,157.5,8.1,2017-04-12 23:59:59,25.5,2017-04-12 01:00:00,4.26,0.3,0.4,68.5
2017-04-13,25.0,24.3,24.6,25.0,24.0,1017.0,18.8,78,18.6,22.5,1.9,1015.7,1018.3,2017-04-13 04:00:00,16.4,2017-04-13 04:00:00,43,2017-04-10 14:00:00,,,360.0,5.5,2017-04-13 10:00:00,21.8,2017-04-13 15:00:00,7.56,0.9,0.1,10.0
2017-04-14,24.8,24.2,24.2,24.6,24.2,1015.4,23.4,78,22.1,22.5,1.1,1013.5,1017.3,2017-04-14 16:00:00,19.4,2017-04-14 01:00:00,43,2017-04-10 14:00:00,,,360.0,6.7,2017-04-14 01:00:00,29.2,2017-04-14 14:00:00,18.94,8.4,3.6,0.0
2017-04-15,24.6,25.0,24.8,24.5,25.2,1014.6,25.3,78,23.7,292.5,1.0,1013.2,1016.5,2017-04-15 17:00:00,20.9,2017-04-15 05:00:00,43,2017-04-10 14:00:00,,,292.5,5.9,2017-04-15 10:00:00,30.8,2017-04-15 14:00:00,21.93,8.6,4.0,0.0
2017-04-16,24.7,25.9,25.5,24.7,26.1,1014.3,26.4,78,24.9,360.0,1.3,1012.8,1015.9,2017-04-16 17:00:00,22.7,2017-04-16 06:00:00,43,2017-04-10 14:00:00,,,292.5,7.0,2017-04-16 10:00:00,31.3,2017-04-16 12:00:00,20.27,8.4,4.9,0.0
2017-04-17,24.8,26.4,26.0,25.0,26.6,1011.1,27.4,78,25.0,247.5,1.6,1008.3,1013.5,2017-04-17 17:00:00,22.6,2017-04-17 05:00:00,43,2017-04-10 14:00:00,,,270.0,8.2,2017-04-17 09:00:00,33.5,2017-04-17 14:00:00,22.58,10.0,5.4,0.0
2017-04-18,25.0,26.7,26.3,25.3,27.0,1009.8,26.9,78,25.8,247.5,2.2,1008.8,1011.3,2017-04-18 05:00:00,23.6,2017-04-18 06:00:00,43,2017-04-10 14:00:00,,,270.0,7.8,2017-04-18 23:00:00,31.0,2017-04-18 13:00:00,24.35,8.9,5.8,0.0
2017-04-19,25.2,27.1,26.7,25.5,27.3,1010.8,27.7,78,25.7,247.5,2.1,1008.3,1013.4,2017-04-19 16:00:00,23.9,2017-04-19 05:00:00,43,2017-04-10 14:00:00,,,225.0,8.9,2017-04-19 23:00:00,33.2,2017-04-19 14:00:00,24.19,10.5,1.5,1.0
2017-04-20,25.4,27.3,26.9,25.8,27.5,1011.4,26.4,78,25.6,247.5,1.4,1009.7,1012.8,2017-04-20 16:00:00,23.5,2017-04-20 06:00:00,43,2017-04-10 14:00:00,,,337.5,7.1,2017-04-20 10:00:00,30.8,2017-04-20 15:00:00,15.39,6.1,0.0,1.0
2017-04-21,25.6,27.2,26.9,25.9,27.3,1010.4,26.8,78,25.6,247.5,1.9,1007.9,1012.1,2017-04-21 16:00:00,23.3,2017-04-21 06:00:00,43,2017-04-10 14:00:00,,,247.5,7.7,2017-04-21 09:00:00,32.1,2017-04-21 14:00:00,16.34,6.4,0.0,6.5
2017-04-22,25.8,26.8,26.7,26.1,26.7,1012.1,20.3,78,25.6,22.5,3.4,1009.7,1014.2,2017-04-22 04:00:00,17.4,2017-04-22 23:00:00,43,2017-04-10 14:00:00,,,22.5,8.5,2017-04-22 22:00:00,24.5,2017-04-22 01:00:00,10.96,2.0,2.5,6.5
2017-04-23,25.8,25.8,26.0,25.9,25.6,1014.1,20.3,78,25.6,180.0,1.2,1012.2,1015.5,2017-04-23 05:00:00,17.7,2017-04-23 01:00:00,43,2017-04-10 14:00:00,,,22.5,5.6,2017-04-23 20:00:00,24.4,2017-04-23 16:00:00,1.24,0.0,1.0,0.0
2017-04-24,25.7,25.5,25.6,25.6,25.5,1014.9,23.6,78,25.6,360.0,1.1,1013.5,1016.3,2017-04-24 17:00:00,20.9,2017-04-24 07:00:00,43,2017-04-10 14:00:00,,,360.0,4.6,2017-04-24 09:00:00,27.7,2017-04-24 14:00:00,12.75,3.5,0.8,0.0
2017-04-25,25.5,25.9,25.7,25.4,26.0,1013.7,25.1,78,25.6,360.0,1.3,1011.9,1015.4,2017-04-25 16:00:00,22.1,2017-04-25 06:00:00,43,2017-04-10 14:00:00,,,360.0,5.6,2017-04-25 10:00:00,29.8,2017-04-25 12:00:00,16.10,4.7,0.8,0.0
2017-04-26,25.5,26.3,26.1,25.5,26.4,1011.6,26.4,99,23.8,292.5,1.7,1009.4,1013.4,2017-04-26 17:00:00,22.7,2017-04-26 05:00:00,99,2017-04-26 23:59:59,,,270.0,6.9,2017-04-26 01:00:00,32.1,2017-04-26 11:00:00,22.85,8.2,0.0,0.0
2017-04-27,25.6,26.7,26.5,25.7,26.7,1012.2,19.9,99,23.8,22.5,3.4,1010.0,1014.8,2017-04-27 04:00:00,16.0,2017-04-27 23:00:00,99,2017-04-26 23:59:59,,,22.5,9.1,2017-04-27 23:00:00,23.6,2017-04-27 01:00:00,4.47,0.1,0.0,7.0
2017-04-28,25.7,25.4,25.6,25.7,25.1,1013.8,20.1,99,23.8,22.5,3.4,1012.3,1015.3,2017-04-28 16:00:00,15.4,2017-04-28 05:00:00,99,2017-04-26 23:59:59,,,22.5,7.8,2017-04-28 09:00:00,26.0,2017-04-28 16:00:00,25.40,9.2,0.0,0.0
2017-04-29,25.5,25.5,25.5,25.4,25.5,1014.2,22.1,99,23.8,360.0,1.6,1012.6,1015.4,2017-04-29 17:00:00,16.9,2017-04-29 02:00:00,99,2017-04-26 23:59:59,,,337.5,7.4,2017-04-29 10:00:00,28.2,2017-04-29 13:00:00,27.73,10.6,0.0,0.0
2017-04-30,25.5,25.7,25.6,25.3,25.7,1014.2,23.1,99,23.8,292.5,1.1,1012.8,1015.3,2017-04-30 17:00:00,17.2,2017-04-30 06:00:00,99,2017-04-26 23:59:59,,,270.0,5.4,2017-04-30 09:00:00,29.3,2017-04-30 13:00:00,27.86,11.7,0.0,0.0
2017-05-01,25.4,25.8,25.7,25.3,25.9,1014.1,24.2,78,19.5,67.5,1.4,1012.5,1015.2,2017-05-01 17:00:00,18.1,2017-05-01 06:00:00,49,2017-05-01 11:00:00,,,292.5,6.5,2017-05-01 10:00:00,30.0,2017-05-01 13:00:00,21.84,8.8,0.0,0.0
2017-05-02,25.4,26.1,25.9,25.4,26.2,1013.3,25.8,87,23.1,315.0,1.1,1011.9,1014.8,2017-05-02 16:00:00,21.7,2017-05-02 06:00:00,62,2017-05-02 14:00:00,,,270.0,7.3,2017-05-02 09:00:00,31.7,2017-05-02 13:00:00,19.85,6.7,0.0,0.0
2017-05-03,25.4,26.5,26.2,25.5,26.7,1013.1,26.7,90,24.8,45.0,1.5,1011.7,1014.6,2017-05-03 15:00:00,22.7,2017-05-03 05:00:00,70,2017-05-03 12:00:00,,,292.5,8.1,2017-05-03 09:00:00,32.2,2017-05-03 13:00:00,24.25,10.4,0.0,0.0
2017-05-04,25.5,27.0,26.6,25.7,27.2,1013.1,27.2,92,25.7,292.5,1.4,1011.8,1014.3,2017-05-04 14:00:00,23.1,2017-05-04 06:00:00,74,2017-05-04 14:00:00,,,270.0,8.1,2017-05-04 22:00:00,32.3,2017-05-04 14:00:00,24.06,9.7,0.0,0.0
2017-05-05,25.7,27.3,27.0,26.0,27.6,1014.5,27.6,91,25.8,292.5,1.3,1012.8,1016.6,2017-05-05 03:00:00,23.6,2017-05-05 06:00:00,75,2017-05-05 14:00:00,,,315.0,7.4,2017-05-05 23:00:00,32.5,2017-05-05 13:00:00,22.70,9.7,0.0,0.0
2017-05-06,25.9,27.7,27.3,26.2,28.0,1015.7,27.4,91,25.6,360.0,2.3,1013.9,1017.5,2017-05-06 16:00:00,24.0,2017-05-06 23:59:59,72,2017-05-06 15:00:00,,,315.0,9.0,2017-05-06 10:00:00,33.2,2017-05-06 13:00:00,24.32,10.3,0.0,0.0
2017-05-07,26.1,27.9,27.5,26.5,28.1,1015.0,26.4,90,24.4,360.0,2.0,1012.6,1016.4,2017-05-07 16:00:00,21.8,2017-05-07 06:00:00,67,2017-05-07 15:00:00,,,337.5,6.7,2017-05-07 08:00:00,32.7,2017-05-07 15:00:00,23.03,9.7,0.0,0.0
2017-05-08,26.3,27.9,27.6,26.6,28.1,1012.8,27.5,90,25.5,270.0,1.5,1010.3,1015.5,2017-05-08 17:00:00,24.0,2017-05-08 04:00:00,73,2017-05-08 11:00:00,,,270.0,7.5,2017-05-08 01:00:00,32.0,2017-05-08 11:00:00,22.51,9.8,0.1,0.0
2017-05-09,26.4,28.0,27.7,26.7,28.2,1012.7,28.2,87,25.4,180.0,2.6,1011.6,1014.0,2017-05-09 04:00:00,25.1,2017-05-09 06:00:00,61,2017-05-09 10:00:00,,,270.0,9.6,2017-05-09 22:00:00,33.8,2017-05-09 11:00:00,27.03,11.6,0.0,0.0
2017-05-10,26.5,28.1,27.8,26.9,28.2,1014.8,27.7,90,25.6,360.0,1.3,1013.2,1016.5,2017-05-10 02:00:00,23.9,2017-05-10 06:00:00,72,2017-05-10 11:00:00,,,337.5,8.1,2017-05-10 22:00:00,32.7,2017-05-10 11:00:00,17.99,7.4,0.0,0.0
2017-05-11,26.6,28.1,27.8,27.0,28.3,1014.9,28.1,90,25.2,315.0,1.3,1013.4,1016.1,2017-05-11 17:00:00,24.8,2017-05-11 03:00:00,72,2017-05-10 11:00:00,,,292.5,8.4,2017-05-11 09:00:00,33.6,2017-05-11 15:00:00,21.24,7.7,0.0,0.0
2017-05-12,26.7,28.2,28.0,27.1,28.4,1011.2,29.5,90,25.0,202.5,2.4,1009.1,1014.0,2017-05-12 17:00:00,24.2,2017-05-12 05:00:00,72,2017-05-10 11:00:00,,,247.5,11.2,2017-05-12 01:00:00,36.5,2017-05-12 13:00:00,22.81,7.8,0.0,0.0
2017-05-13,26.8,28.4,28.1,27.2,28.5,1010.5,28.3,90,26.7,292.5,1.7,1009.3,1012.0,2017-05-13 05:00:00,26.0,2017-05-13 06:00:00,72,2017-05-10 11:00:00,,,292.5,6.9,2017-05-13 22:00:00,33.3,2017-05-13 14:00:00,16.70,4.7,0.0,0.0
2017-05-14,27.0,28.4,28.2,27.3,28.6,1011.2,28.1,90,25.1,315.0,1.7,1009.1,1012.6,2017-05-14 17:00:00,24.4,2017-05-14 06:00:00,72,2017-05-10 11:00:00,,,292.5,7.6,2017-05-14 09:00:00,34.3,2017-05-14 14:00:00,22.97,9.0,0.0,0.0
2017-05-15,27.1,28.5,28.3,27.4,28.6,1010.6,27.2,90,25.2,22.5,2.1,1008.3,1011.8,2017-05-15 16:00:00,23.7,2017-05-15 06:00:00,72,2017-05-10 11:00:00,,,337.5,7.6,2017-05-15 01:00:00,32.4,2017-05-15 11:00:00,17.74,6.8,0.0,0.0
2017-05-16,27.2,28.3,28.2,27.5,28.3,1008.0,23.3,90,23.1,22.5,2.4,1005.6,1009.7,2017-05-16 18:00:00,20.5,2017-05-16 20:00:00,72,2017-05-10 11:00:00,,,360.0,10.8,2017-05-16 01:00:00,25.8,2017-05-16 11:00:00,2.76,0.0,0.0,34.0
2017-05-17,27.2,27.5,27.5,27.4,27.4,1009.0,24.7,90,23.2,360.0,2.2,1007.0,1011.6,2017-05-17 03:00:00,20.8,2017-05-17 04:00:00,72,2017-05-10 11:00:00,,,360.0,8.0,2017-05-17 23:00:00,30.2,2017-05-17 15:00:00,22.56,7.4,0.0,0.0
2017-05-18,27.1,27.9,27.7,27.2,28.0,1011.9,26.2,90,24.4,360.0,1.0,1010.2,1013.4,2017-05-18 04:00:00,22.2,2017-05-18 06:00:00,72,2017-05-10 11:00:00,,,292.5,5.3,2017-05-18 22:00:00,32.2,2017-05-18 13:00:00,17.84,5.0,0.0,0.0
2017-05-19,27.1,28.3,28.1,27.3,28.3,1012.0,24.8,90,24.6,22.5,1.3,1011.2,1013.0,2017-05-19 04:00:00,22.6,2017-05-19 20:00:00,72,2017-05-10 11:00:00,,,22.5,6.8,2017-05-19 08:00:00,29.0,2017-05-19 11:00:00,3.89,0.3,0.0,1.0
2017-05-20,27.2,27.6,27.7,27.3,27.5,1009.3,23.9,90,23.7,360.0,2.0,1007.9,1011.2,2017-05-20 18:00:00,21.6,2017-05-20 04:00:00,72,2017-05-10 11:00:00,,,337.5,7.3,2017-05-20 01:00:00,27.4,2017-05-20 15:00:00,8.29,1.0,0.0,7.0
2017-05-21,27.1,27.5,27.3,27.1,27.5,1007.8,26.4,90,24.9,360.0,1.9,1005.8,1008.9,2017-05-21 17:00:00,21.9,2017-05-21 06:00:00,72,2017-05-10 11:00:00,,,360.0,6.6,2017-05-21 09:00:00,31.7,2017-05-21 13:00:00,8.29,10.0,0.0,0.0
2017-05-22,27.0,28.3,27.9,27.1,28.5,1008.9,27.9,90,25.9,270.0,1.7,1007.4,1010.6,2017-05-22 04:00:00,24.7,2017-05-22 04:00:00,72,2017-05-10 11:00:00,,,292.5,9.3,2017-05-22 23:00:00,32.3,2017-05-22 12:00:00,8.29,9.9,0.0,0.0
2017-05-23,27.1,28.6,28.2,27.3,28.8,1009.2,28.2,90,26.9,292.5,1.3,1007.4,1010.6,2017-05-23 17:00:00,25.1,2017-05-23 04:00:00,72,2017-05-10 11:00:00,,,292.5,7.6,2017-05-23 10:00:00,32.3,2017-05-23 15:00:00,8.29,7.7,0.0,0.0
2017-05-24,27.2,28.8,28.5,27.5,29.0,1007.7,27.8,90,27.5,180.0,1.7,1006.4,1008.4,2017-05-24 16:00:00,26.3,2017-05-24 06:00:00,72,2017-05-10 11:00:00,,,247.5,6.9,2017-05-24 01:00:00,31.1,2017-05-24 09:00:00,8.29,4.2,0.0,12.5
2017-05-25,27.3,28.7,28.4,27.6,28.8,1008.0,26.6,90,26.2,360.0,1.8,1006.5,1010.1,2017-05-25 04:00:00,23.4,2017-05-25 23:59:59,72,2017-05-10 11:00:00,,,180.0,8.4,2017-05-25 22:00:00,31.3,2017-05-25 14:00:00,8.29,3.8,0.0,6.0
2017-05-26,27.4,28.6,28.4,27.6,28.7,1009.4,25.9,90,23.5,360.0,1.6,1008.3,1010.7,2017-05-26 05:00:00,22.5,2017-05-26 06:00:00,72,2017-05-10 11:00:00,,,292.5,6.6,2017-05-26 22:00:00,31.4,2017-05-26 14:00:00,8.29,7.8,0.0,0.0
2017-05-27,27.4,28.7,28.5,27.6,28.8,1009.5,26.5,90,25.2,337.5,1.0,1008.4,1010.8,2017-05-27 05:00:00,23.7,2017-05-27 04:00:00,72,2017-05-10 11:00:00,,,270.0,5.2,2017-05-27 11:00:00,30.7,2017-05-27 13:00:00,8.29,2.3,0.0,0.0
2017-05-28,27.5,28.4,28.3,27.6,28.4,1009.3,26.0,90,25.0,360.0,1.0,1008.0,1010.5,2017-05-28 17:00:00,23.4,2017-05-28 05:00:00,72,2017-05-10 11:00:00,,,360.0,4.8,2017-05-28 23:00:00,30.2,2017-05-28 15:00:00,8.29,3.5,0.0,0.0
2017-05-29,27.4,28.3,28.1,27.6,28.5,1010.0,27.6,90,25.7,315.0,0.9,1008.2,1011.4,2017-05-29 17:00:00,23.7,2017-05-29 05:00:00,72,2017-05-10 11:00:00,,,292.5,5.6,2017-05-29 23:59:59,32.9,2017-05-29 15:00:00,8.29,8.8,0.0,0.0
2017-05-30,27.5,28.6,28.4,27.7,28.7,1010.2,25.8,90,25.6,180.0,1.4,1008.7,1011.8,2017-05-30 17:00:00,23.9,2017-05-30 09:00:00,72,2017-05-10 11:00:00,,,157.5,5.4,2017-05-30 10:00:00,28.6,2017-05-30 13:00:00,8.29,0.8,0.0,19.0
2017-05-31,27.5,28.3,28.2,27.6,28.4,1007.4,27.5,90,27.1,270.0,2.2,1005.2,1009.4,2017-05-31 19:00:00,25.5,2017-05-31 04:00:00,72,2017-05-10 11:00:00,,,247.5,7.0,2017-05-31 09:00:00,31.2,2017-05-31 14:00:00,8.29,8.8,0.0,2.0
2017-06-01,27.5,28.6,28.4,27.6,28.7,1005.7,27.9,90,27.6,180.0,2.9,1004.1,1007.0,2017-06-01 18:00:00,26.0,2017-06-01 02:00:00,72,2017-05-10 11:00:00,,,247.5,9.2,2017-06-01 11:00:00,31.3,2017-06-01 11:00:00,12.76,3.1,0.0,8.0
2017-06-02,27.5,28.4,28.3,27.7,28.5,1005.3,28.0,90,27.8,247.5,4.4,1004.6,1006.2,2017-06-02 03:00:00,24.2,2017-06-02 23:59:59,72,2017-05-10 11:00:00,,,247.5,13.6,2017-06-02 22:00:00,30.2,2017-06-02 13:00:00,8.37,1.1,0.0,12.5
2017-06-03,27.5,28.2,28.1,27.6,28.2,1005.3,28.1,90,27.9,247.5,5.1,1004.2,1007.0,2017-06-03 02:00:00,24.3,2017-06-03 01:00:00,72,2017-05-10 11:00:00,,,247.5,11.6,2017-06-03 23:59:59,33.2,2017-06-03 11:00:00,9.14,1.4,0.0,2.0
2017-06-04,27.5,27.9,27.9,27.6,27.9,1007.4,26.9,90,26.4,135.0,1.8,1006.1,1009.5,2017-06-04 04:00:00,24.4,2017-06-04 04:00:00,72,2017-05-10 11:00:00,,,270.0,9.4,2017-06-04 23:59:59,33.5,2017-06-04 15:00:00,13.64,3.4,1.9,51.5
2017-06-05,27.5,28.1,27.9,27.5,28.1,1009.6,27.9,90,27.7,270.0,1.0,1008.2,1011.5,2017-06-05 03:00:00,25.2,2017-06-05 04:00:00,72,2017-05-10 11:00:00,,,270.0,5.2,2017-06-05 23:59:59,32.1,2017-06-05 14:00:00,13.45,3.8,1.9,0.0
2017-06-06,27.5,28.4,28.1,27.5,28.5,1011.4,29.2,90,28.3,247.5,1.6,1010.0,1012.4,2017-06-06 16:00:00,25.3,2017-06-06 05:00:00,72,2017-05-10 11:00:00,,,247.5,7.7,2017-06-06 23:00:00,34.2,2017-06-06 12:00:00,27.47,11.0,6.1,0.0
2017-06-07,27.5,28.9,28.5,27.6,29.1,1011.7,29.4,90,28.7,292.5,1.5,1010.1,1013.0,2017-06-07 16:00:00,26.1,2017-06-07 04:00:00,72,2017-05-10 11:00:00,,,247.5,6.9,2017-06-07 23:59:59,34.8,2017-06-07 12:00:00,24.94,9.8,6.1,0.0
2017-06-08,27.6,29.4,29.0,27.9,29.7,1011.9,29.1,90,27.9,360.0,1.3,1010.2,1013.0,2017-06-08 17:00:00,26.2,2017-06-08 05:00:00,72,2017-05-10 11:00:00,,,315.0,6.8,2017-06-08 09:00:00,33.4,2017-06-08 13:00:00,22.29,7.8,5.7,0.0
2017-06-09,27.8,29.8,29.3,28.1,30.0,1011.3,29.2,90,28.1,90.0,1.1,1010.0,1012.4,2017-06-09 15:00:00,25.7,2017-06-09 06:00:00,72,2017-05-10 11:00:00,,,315.0,8.5,2017-06-09 23:59:59,33.5,2017-06-09 11:00:00,25.62,9.1,6.0,0.0
2017-06-10,27.9,30.0,29.6,28.3,30.2,1010.1,30.3,90,28.1,225.0,1.8,1008.9,1012.1,2017-06-10 16:00:00,25.9,2017-06-10 06:00:00,72,2017-05-10 11:00:00,,,225.0,9.9,2017-06-10 01:00:00,35.0,2017-06-10 11:00:00,29.90,12.2,8.8,0.0
2017-06-11,28.1,30.1,29.7,28.5,30.3,1009.0,30.6,90,28.1,202.5,2.4,1007.2,1010.4,2017-06-11 17:00:00,26.1,2017-06-11 05:00:00,72,2017-05-10 11:00:00,,,247.5,10.5,2017-06-11 22:00:00,35.9,2017-06-11 13:00:00,26.39,10.1,7.6,0.0
2017-06-12,28.3,30.1,29.8,28.7,30.3,1009.8,31.0,90,28.1,180.0,3.6,1007.9,1012.8,2017-06-12 16:00:00,26.0,2017-06-12 23:00:00,72,2017-05-10 11:00:00,,,225.0,12.0,2017-06-12 23:00:00,35.9,2017-06-12 15:00:00,28.20,12.1,8.9,1.0
2017-06-13,28.4,30.0,29.8,28.8,30.1,1010.8,29.6,90,28.1,180.0,3.5,1010.0,1012.1,2017-06-13 14:00:00,26.0,2017-06-13 02:00:00,72,2017-05-10 11:00:00,,,180.0,10.3,2017-06-13 01:00:00,35.8,2017-06-13 13:00:00,20.02,7.1,5.4,4.0
2017-06-14,28.6,29.2,29.2,28.8,28.9,1011.1,26.4,90,28.1,157.5,2.6,1009.8,1012.2,2017-06-14 04:00:00,24.4,2017-06-14 18:00:00,72,2017-05-10 11:00:00,,,292.5,12.8,2017-06-14 22:00:00,28.6,2017-06-14 17:00:00,3.65,0.0,0.5,46.0
2017-06-15,28.6,28.0,28.1,28.4,27.6,1010.1,25.4,90,28.1,157.5,2.2,1009.2,1011.1,2017-06-15 18:00:00,23.5,2017-06-15 12:00:00,72,2017-05-10 11:00:00,,,247.5,8.5,2017-06-15 12:00:00,26.7,2017-06-15 15:00:00,4.10,0.0,4.4,70.0
2017-06-16,28.2,27.5,27.6,27.8,27.4,1008.4,26.7,90,28.1,135.0,2.5,1007.0,1010.2,2017-06-16 23:59:59,23.5,2017-06-16 02:00:00,72,2017-05-10 11:00:00,,,247.5,7.8,2017-06-16 01:00:00,32.3,2017-06-16 11:00:00,13.76,3.1,6.2,17.0
2017-06-17,28.0,27.8,27.8,27.6,27.6,1006.9,25.9,90,28.1,180.0,1.5,1005.4,1008.7,2017-06-17 04:00:00,24.0,2017-06-17 19:00:00,72,2017-05-10 11:00:00,,,292.5,10.7,2017-06-17 23:00:00,28.0,2017-06-17 13:00:00,6.39,0.0,5.5,109.0
2017-06-18,27.9,27.3,27.4,27.3,27.1,1008.1,26.0,90,28.1,180.0,1.9,1006.7,1010.3,2017-06-18 03:00:00,24.2,2017-06-18 22:00:00,72,2017-05-10 11:00:00,,,157.5,8.9,2017-06-18 23:00:00,30.5,2017-06-18 14:00:00,4.54,0.5,3.1,40.5
2017-06-19,27.7,27.2,27.2,27.2,27.1,1008.6,27.8,90,28.1,180.0,2.3,1007.7,1009.7,2017-06-19 06:00:00,24.2,2017-06-19 02:00:00,72,2017-05-10 11:00:00,,,180.0,6.8,2017-06-19 10:00:00,31.5,2017-06-19 12:00:00,10.00,0.8,3.7,0.0
2017-06-20,27.6,27.6,27.5,27.3,27.6,1008.1,28.6,90,28.1,180.0,2.6,1006.4,1009.5,2017-06-20 04:00:00,26.0,2017-06-20 05:00:00,72,2017-05-10 11:00:00,,,180.0,6.8,2017-06-20 10:00:00,33.9,2017-06-20 15:00:00,15.76,3.9,3.7,0.0
2017-06-21,27.6,28.0,27.8,27.4,28.2,1008.7,29.6,90,28.1,180.0,3.0,1007.3,1011.1,2017-06-21 16:00:00,26.7,2017-06-21 02:00:00,72,2017-05-10 11:00:00,,,247.5,10.9,2017-06-21 23:00:00,34.3,2017-06-21 11:00:00,26.27,10.2,7.2,0.0
2017-06-22,27.6,28.6,28.3,27.6,28.8,1010.5,29.5,90,28.1,180.0,2.4,1009.3,1012.0,2017-06-22 04:00:00,26.0,2017-06-22 06:00:00,72,2017-05-10 11:00:00,,,270.0,9.3,2017-06-22 23:00:00,34.8,2017-06-22 11:00:00,23.48,11.5,6.1,0.0
2017-06-23,27.7,29.0,28.6,27.8,29.2,1009.8,29.2,90,28.1,247.5,1.7,1008.4,1011.0,2017-06-23 18:00:00,26.0,2017-06-23 06:00:00,72,2017-05-10 11:00:00,,,270.0,8.8,2017-06-23 01:00:00,33.4,2017-06-23 10:00:00,26.68,9.4,6.6,0.0
2017-06-24,27.8,29.4,29.0,28.0,29.6,1008.4,29.4,90,28.1,180.0,2.4,1007.0,1009.7,2017-06-24 16:00:00,26.2,2017-06-24 05:00:00,72,2017-05-10 11:00:00,,,270.0,9.4,2017-06-24 22:00:00,33.7,2017-06-24 10:00:00,27.65,11.2,7.3,0.0
2017-06-25,27.9,29.7,29.3,28.2,30.0,1009.0,29.4,90,28.1,180.0,2.5,1008.1,1010.7,2017-06-25 16:00:00,26.3,2017-06-25 04:00:00,72,2017-05-10 11:00:00,,,247.5,8.5,2017-06-25 23:59:59,33.2,2017-06-25 13:00:00,28.05,10.7,7.4,0.0
2017-06-26,28.1,29.9,29.5,28.4,30.1,1010.5,29.7,90,28.1,247.5,2.5,1009.3,1011.9,2017-06-26 16:00:00,26.9,2017-06-26 06:00:00,72,2017-05-10 11:00:00,,,247.5,8.4,2017-06-26 23:00:00,33.4,2017-06-26 10:00:00,29.08,12.0,7.7,0.0
2017-06-27,28.2,30.1,29.7,28.6,30.3,1011.4,29.6,90,28.1,270.0,1.7,1010.2,1013.1,2017-06-27 16:00:00,26.5,2017-06-27 06:00:00,72,2017-05-10 11:00:00,,,270.0,6.6,2017-06-27 23:00:00,33.8,2017-06-27 14:00:00,28.29,11.4,6.8,0.0
2017-06-28,28.3,30.3,29.9,28.7,30.5,1011.6,29.8,90,28.1,270.0,1.5,1010.6,1012.8,2017-06-28 17:00:00,26.4,2017-06-28 06:00:00,72,2017-05-10 11:00:00,,,270.0,6.6,2017-06-28 23:00:00,34.2,2017-06-28 15:00:00,28.47,11.3,7.0,0.0
2017-06-29,28.5,30.5,30.1,28.9,30.7,1011.2,29.2,90,28.1,45.0,1.4,1010.3,1012.3,2017-06-29 15:00:00,26.3,2017-06-29 05:00:00,72,2017-05-10 11:00:00,,,157.5,11.6,2017-06-29 09:00:00,35.1,2017-06-29 14:00:00,27.77,10.8,5.6,4.5
2017-06-30,28.6,30.5,30.1,29.0,30.6,1010.3,28.3,90,28.1,45.0,1.4,1008.5,1011.4,2017-06-30 16:00:00,25.2,2017-06-30 06:00:00,72,2017-05-10 11:00:00,,,135.0,11.1,2017-06-30 01:00:00,35.2,2017-06-30 12:00:00,23.11,9.0,5.0,6.0
2017-07-01,28.7,30.2,30.0,29.1,30.3,1009.1,30.1,90,26.6,202.5,2.4,1007.4,1010.3,2017-07-01 16:00:00,25.2,2017-07-01 06:00:00,72,2017-05-10 11:00:00,,,225.0,11.9,2017-07-01 23:00:00,35.9,2017-07-01 13:00:00,29.46,12.3,7.6,0.0
2017-07-02,28.8,30.0,29.9,29.0,29.9,1009.4,28.7,90,27.2,135.0,2.3,1007.6,1011.3,2017-07-02 16:00:00,24.4,2017-07-02 21:00:00,72,2017-05-10 11:00:00,,,90.0,9.2,2017-07-02 22:00:00,34.9,2017-07-02 13:00:00,19.49,7.1,4.6,67.0
2017-07-03,28.8,29.3,29.3,28.9,29.2,1009.5,29.0,90,27.7,135.0,1.3,1008.0,1011.9,2017-07-03 16:00:00,24.7,2017-07-03 01:00:00,72,2017-05-10 11:00:00,,,247.5,7.5,2017-07-03 23:00:00,34.4,2017-07-03 12:00:00,23.36,8.9,4.9,0.0
2017-07-04,28.8,29.7,29.5,29.0,29.6,1011.1,27.5,90,26.8,45.0,1.3,1009.2,1012.0,2017-07-04 04:00:00,24.2,2017-07-04 17:00:00,72,2017-05-10 11:00:00,,,180.0,8.8,2017-07-04 10:00:00,33.9,2017-07-04 11:00:00,12.47,5.3,2.5,37.5
2017-07-05,28.9,29.2,29.2,28.9,29.2,1012.2,29.2,90,27.0,45.0,1.7,1010.7,1013.4,2017-07-05 17:00:00,24.7,2017-07-05 04:00:00,72,2017-05-10 11:00:00,,,292.5,5.1,2017-07-05 23:00:00,34.5,2017-07-05 13:00:00,25.41,10.8,5.7,0.0
2017-07-06,28.8,29.8,29.6,28.9,29.9,1012.1,28.2,90,27.7,270.0,1.8,1010.6,1013.8,2017-07-06 15:00:00,25.2,2017-07-06 18:00:00,72,2017-05-10 11:00:00,,,157.5,8.6,2017-07-06 22:00:00,32.9,2017-07-06 10:00:00,17.26,7.1,3.4,9.0
2017-07-07,28.8,29.6,29.5,29.0,29.5,1012.4,28.1,90,26.8,90.0,1.9,1011.1,1015.1,2017-07-07 04:00:00,24.9,2017-07-07 05:00:00,72,2017-05-10 11:00:00,,,225.0,9.3,2017-07-07 23:00:00,34.5,2017-07-07 12:00:00,15.98,5.8,4.1,0.0
2017-07-08,28.8,29.4,29.3,28.9,29.5,1012.7,27.8,90,27.1,270.0,2.1,1010.9,1014.2,2017-07-08 16:00:00,23.5,2017-07-08 19:00:00,72,2017-05-10 11:00:00,,,90.0,9.5,2017-07-08 01:00:00,33.2,2017-07-08 14:00:00,20.20,6.4,3.5,9.0
2017-07-09,28.8,29.5,29.3,28.8,29.5,1011.7,28.6,90,28.0,90.0,1.1,1010.0,1013.7,2017-07-09 18:00:00,25.1,2017-07-09 01:00:00,72,2017-05-10 11:00:00,,,247.5,10.0,2017-07-09 01:00:00,33.2,2017-07-09 11:00:00,19.60,7.3,2.5,10.5
2017-07-10,28.8,29.8,29.5,28.9,30.0,1010.3,29.9,90,27.9,225.0,2.2,1009.2,1012.0,2017-07-10 17:00:00,26.2,2017-07-10 05:00:00,72,2017-05-10 11:00:00,,,247.5,8.9,2017-07-10 23:00:00,34.8,2017-07-10 14:00:00,27.54,10.7,7.0,0.0
2017-07-11,28.8,30.1,29.8,29.0,30.3,1012.0,29.2,90,27.8,247.5,1.9,1010.6,1014.4,2017-07-11 03:00:00,25.7,2017-07-11 06:00:00,72,2017-05-10 11:00:00,,,270.0,9.1,2017-07-11 23:00:00,34.3,2017-07-11 11:00:00,25.90,10.3,6.4,0.5
2017-07-12,28.8,30.2,29.9,29.1,30.4,1013.0,29.2,90,28.0,90.0,1.0,1012.0,1013.7,2017-07-12 19:00:00,25.7,2017-07-12 06:00:00,72,2017-05-10 11:00:00,,,270.0,8.5,2017-07-12 01:00:00,34.4,2017-07-12 11:00:00,21.74,8.6,5.0,0.0
2017-07-13,28.9,30.3,30.0,29.2,30.5,1010.9,28.9,90,27.6,90.0,1.4,1009.0,1012.1,2017-07-13 17:00:00,24.8,2017-07-13 05:00:00,72,2017-05-10 11:00:00,,,90.0,6.9,2017-07-13 01:00:00,34.7,2017-07-13 11:00:00,24.92,9.6,6.3,0.0
2017-07-14,29.0,30.5,30.2,29.2,30.6,1010.2,28.7,90,27.8,45.0,1.7,1009.2,1011.4,2017-07-14 15:00:00,25.7,2017-07-14 05:00:00,72,2017-05-10 11:00:00,,,135.0,8.1,2017-07-14 23:00:00,33.7,2017-07-14 11:00:00,23.04,7.6,5.0,1.0
2017-07-15,29.1,30.5,30.2,29.3,30.6,1010.6,28.9,90,27.7,45.0,1.4,1009.1,1012.2,2017-07-15 15:00:00,25.3,2017-07-15 17:00:00,72,2017-05-10 11:00:00,,,157.5,8.6,2017-07-15 23:00:00,35.0,2017-07-15 13:00:00,21.31,7.8,3.6,10.5
2017-07-16,29.2,30.4,30.2,29.4,30.3,1011.3,27.8,90,26.5,90.0,1.4,1009.3,1012.8,2017-07-16 15:00:00,22.7,2017-07-16 16:00:00,72,2017-05-10 11:00:00,,,202.5,17.7,2017-07-16 23:00:00,35.6,2017-07-16 13:00:00,17.89,6.0,3.4,56.0
2017-07-17,29.4,29.7,29.7,29.4,29.6,1013.1,28.2,90,27.6,22.5,0.9,1010.9,1014.5,2017-07-17 01:00:00,25.0,2017-07-17 05:00:00,72,2017-05-10 11:00:00,,,22.5,4.2,2017-07-17 22:00:00,32.8,2017-07-17 14:00:00,12.10,3.0,2.1,0.0
2017-07-18,29.2,30.0,29.8,29.3,30.1,1013.5,29.0,90,28.2,45.0,1.4,1011.9,1014.8,2017-07-18 16:00:00,25.8,2017-07-18 23:00:00,72,2017-05-10 11:00:00,,,315.0,7.8,2017-07-18 22:00:00,35.4,2017-07-18 13:00:00,21.30,7.0,5.4,0.0
2017-07-19,29.2,30.4,30.1,29.3,30.5,1011.3,28.9,90,27.9,90.0,1.2,1009.6,1013.7,2017-07-19 18:00:00,25.2,2017-07-19 06:00:00,72,2017-05-10 11:00:00,,,67.5,6.7,2017-07-19 01:00:00,34.0,2017-07-19 11:00:00,23.95,9.6,5.3,0.0
2017-07-20,29.2,30.6,30.3,29.4,30.7,1010.5,28.9,90,27.9,45.0,1.3,1009.3,1011.8,2017-07-20 16:00:00,25.6,2017-07-20 06:00:00,72,2017-05-10 11:00:00,,,292.5,6.1,2017-07-20 10:00:00,34.3,2017-07-20 12:00:00,25.67,9.7,6.2,0.0
2017-07-21,29.2,30.8,30.4,29.5,30.9,1011.0,29.6,90,27.9,315.0,1.4,1009.3,1012.2,2017-07-21 17:00:00,25.5,2017-07-21 06:00:00,72,2017-05-10 11:00:00,,,337.5,7.1,2017-07-21 09:00:00,34.4,2017-07-21 12:00:00,24.24,10.5,5.6,0.0
2017-07-22,29.3,30.9,30.6,29.6,31.0,1009.9,29.7,90,27.9,292.5,1.6,1008.4,1011.4,2017-07-22 17:00:00,27.1,2017-07-22 04:00:00,72,2017-05-10 11:00:00,,,22.5,7.1,2017-07-22 01:00:00,33.6,2017-07-22 13:00:00,14.57,3.7,3.8,0.0
2017-07-23,29.4,30.8,30.5,29.7,30.9,1008.9,29.8,90,27.9,292.5,1.3,1007.8,1010.2,2017-07-23 16:00:00,27.6,2017-07-23 05:00:00,72,2017-05-10 11:00:00,,,292.5,7.1,2017-07-23 01:00:00,34.2,2017-07-23 12:00:00,17.80,4.9,4.3,0.0
2017-07-24,29.4,30.8,30.5,29.7,30.8,1007.5,29.1,90,27.9,292.5,1.2,1005.5,1008.5,2017-07-24 16:00:00,26.8,2017-07-24 21:00:00,72,2017-05-10 11:00:00,,,292.5,6.9,2017-07-24 01:00:00,33.1,2017-07-24 10:00:00,19.23,6.7,3.2,1.5
2017-07-25,29.5,30.6,30.4,29.7,30.7,1006.7,28.5,90,27.9,90.0,1.1,1005.3,1007.9,2017-07-25 16:00:00,25.0,2017-07-25 06:00:00,72,2017-05-10 11:00:00,,,135.0,7.6,2017-07-25 23:00:00,34.0,2017-07-25 11:00:00,20.84,7.9,4.6,1.0
2017-07-26,29.5,30.6,30.4,29.7,30.6,1006.0,28.7,90,27.9,67.5,0.8,1005.2,1006.9,2017-07-26 15:00:00,25.4,2017-07-26 06:00:00,72,2017-05-10 11:00:00,,,270.0,6.1,2017-07-26 01:00:00,34.4,2017-07-26 12:00:00,19.99,7.7,4.6,0.5
2017-07-27,29.5,30.5,30.3,29.7,30.5,1005.7,29.4,90,27.9,315.0,1.5,1004.1,1006.9,2017-07-27 17:00:00,25.0,2017-07-27 06:00:00,72,2017-05-10 11:00:00,,,292.5,7.1,2017-07-27 08:00:00,34.2,2017-07-27 12:00:00,23.48,9.8,5.6,0.0
2017-07-28,29.5,30.5,30.3,29.6,30.6,1003.7,30.2,90,27.9,315.0,1.0,1001.9,1005.7,2017-07-28 17:00:00,27.5,2017-07-28 06:00:00,72,2017-05-10 11:00:00,,,292.5,5.7,2017-07-28 01:00:00,34.2,2017-07-28 11:00:00,20.21,8.5,4.9,0.0
2017-07-29,29.5,30.6,30.4,29.7,30.5,997.4,28.5,90,27.9,180.0,2.2,993.4,1001.7,2017-07-29 19:00:00,26.1,2017-07-29 19:00:00,72,2017-05-10 11:00:00,,,157.5,6.7,2017-07-29 01:00:00,31.9,2017-07-29 11:00:00,8.10,0.8,1.9,5.0
2017-07-30,29.5,30.0,30.0,29.6,29.8,994.6,28.3,90,27.9,360.0,3.8,991.5,996.7,2017-07-30 18:00:00,24.8,2017-07-30 23:59:59,72,2017-05-10 11:00:00,,,202.5,11.7,2017-07-30 03:00:00,33.9,2017-07-30 12:00:00,12.85,3.2,2.0,63.5
2017-07-31,29.4,28.6,28.9,28.1,27.9,1001.5,25.8,90,27.9,180.0,4.3,996.4,1005.1,2017-07-31 01:00:00,23.1,2017-07-31 06:00:00,72,2017-05-10 11:00:00,,,225.0,16.6,2017-07-31 23:59:59,28.4,2017-07-31 16:00:00,1.70,0.0,8.7,232.5
2017-08-01,29.0,28.1,28.2,28.0,27.8,1005.7,26.6,90,27.9,157.5,3.4,1004.3,1007.2,2017-08-01 04:00:00,25.0,2017-08-01 10:00:00,72,2017-05-10 11:00:00,,,247.5,9.5,2017-08-01 23:00:00,31.1,2017-08-01 14:00:00,7.77,1.2,5.9,35.0
2017-08-02,28.8,28.2,28.2,28.1,28.1,1005.2,27.4,90,27.9,180.0,1.8,1002.6,1007.0,2017-08-02 17:00:00,25.4,2017-08-02 01:00:00,72,2017-05-10 11:00:00,,,135.0,6.9,2017-08-02 11:00:00,31.5,2017-08-02 16:00:00,11.75,3.5,4.9,5.5
2017-08-03,28.7,28.8,28.6,28.3,28.9,1003.9,29.2,90,27.9,247.5,1.5,1001.7,1006.0,2017-08-03 16:00:00,25.3,2017-08-03 23:00:00,72,2017-05-10 11:00:00,,,247.5,8.3,2017-08-03 23:00:00,35.2,2017-08-03 13:00:00,23.62,8.9,6.7,34.0
2017-08-04,28.8,29.5,29.2,28.8,29.6,1005.2,28.9,90,27.9,247.5,1.6,1003.9,1006.6,2017-08-04 04:00:00,26.0,2017-08-04 04:00:00,72,2017-05-10 11:00:00,,,270.0,7.7,2017-08-04 23:00:00,33.8,2017-08-04 12:00:00,22.95,8.7,8.0,0.0
2017-08-05,28.9,29.9,29.5,28.8,30.0,1007.0,29.4,90,27.9,270.0,1.4,1006.0,1008.1,2017-08-05 03:00:00,26.1,2017-08-05 05:00:00,72,2017-05-10 11:00:00,,,247.5,7.3,2017-08-05 23:00:00,33.2,2017-08-05 10:00:00,22.24,9.5,5.3,0.0
2017-08-06,29.0,30.1,29.8,29.0,30.3,1007.6,29.8,90,27.9,180.0,2.0,1006.0,1008.9,2017-08-06 17:00:00,26.8,2017-08-06 06:00:00,72,2017-05-10 11:00:00,,,247.5,6.8,2017-08-06 10:00:00,33.4,2017-08-06 14:00:00,26.41,11.0,6.4,0.0
2017-08-07,29.0,30.5,30.1,29.2,30.7,1007.9,29.9,90,27.9,180.0,2.4,1006.7,1009.3,2017-08-07 16:00:00,27.4,2017-08-07 06:00:00,72,2017-05-10 11:00:00,,,270.0,7.8,2017-08-07 23:59:59,34.0,2017-08-07 12:00:00,23.03,9.4,5.9,0.0
2017-08-08,29.1,30.6,30.2,29.3,30.7,1008.8,29.9,90,27.9,180.0,3.0,1007.9,1009.5,2017-08-08 17:00:00,27.3,2017-08-08 06:00:00,72,2017-05-10 11:00:00,,,247.5,9.8,2017-08-08 09:00:00,33.7,2017-08-08 12:00:00,22.96,9.6,6.1,0.0
2017-08-09,29.2,30.4,30.2,29.4,30.5,1008.4,29.8,90,27.9,180.0,2.6,1007.1,1009.5,2017-08-09 17:00:00,27.1,2017-08-09 05:00:00,72,2017-05-10 11:00:00,,,247.5,7.7,2017-08-09 11:00:00,33.4,2017-08-09 14:00:00,25.02,10.2,5.9,1.0
2017-08-10,29.3,30.3,30.2,29.5,30.4,1008.7,29.2,90,27.9,180.0,2.5,1007.4,1010.4,2017-08-10 16:00:00,26.2,2017-08-10 09:00:00,72,2017-05-10 11:00:00,,,247.5,10.2,2017-08-10 11:00:00,33.5,2017-08-10 15:00:00,18.82,7.7,3.8,12.5
2017-08-11,29.3,30.3,30.1,29.4,30.4,1009.8,29.6,88,27.3,180.0,2.0,1008.2,1011.0,2017-08-11 18:00:00,27.0,2017-08-11 05:00:00,74,2017-08-11 13:00:00,,,270.0,7.2,2017-08-11 10:00:00,33.5,2017-08-11 13:00:00,23.87,9.8,5.9,0.0
2017-08-12,29.3,30.6,30.3,29.5,30.7,1010.5,29.5,90,27.6,270.0,1.5,1009.4,1011.5,2017-08-12 18:00:00,27.0,2017-08-12 06:00:00,73,2017-08-12 14:00:00,,,270.0,7.1,2017-08-12 09:00:00,33.3,2017-08-12 15:00:00,25.15,9.5,5.9,0.0
2017-08-13,29.4,30.7,30.4,29.6,30.8,1010.6,29.3,90,27.6,270.0,2.0,1009.7,1011.4,2017-08-13 15:00:00,26.5,2017-08-13 06:00:00,73,2017-08-12 14:00:00,,,270.0,8.0,2017-08-13 23:00:00,33.1,2017-08-13 14:00:00,23.51,9.6,6.1,0.0
2017-08-14,29.5,30.6,30.4,29.7,30.7,1010.4,29.4,90,27.6,270.0,1.6,1009.1,1011.5,2017-08-14 18:00:00,26.1,2017-08-14 06:00:00,73,2017-08-12 14:00:00,,,270.0,7.2,2017-08-14 10:00:00,33.7,2017-08-14 12:00:00,25.37,10.5,6.3,0.0
2017-08-15,29.5,30.5,30.3,29.7,30.6,1009.7,29.4,90,27.6,270.0,1.8,1008.2,1011.3,2017-08-15 17:00:00,25.8,2017-08-15 05:00:00,73,2017-08-12 14:00:00,,,292.5,7.6,2017-08-15 11:00:00,34.3,2017-08-15 14:00:00,22.05,9.4,5.9,0.0
2017-08-16,29.5,30.4,30.2,29.7,30.4,1009.6,29.6,90,27.6,270.0,1.7,1008.3,1011.0,2017-08-16 16:00:00,26.3,2017-08-16 05:00:00,73,2017-08-12 14:00:00,,,292.5,8.5,2017-08-16 23:59:59,33.7,2017-08-16 14:00:00,23.59,10.1,6.4,0.0
2017-08-17,29.5,30.3,30.1,29.6,30.4,1010.6,29.7,90,27.6,292.5,1.2,1009.4,1012.4,2017-08-17 16:00:00,25.6,2017-08-17 06:00:00,73,2017-08-12 14:00:00,,,292.5,6.4,2017-08-17 23:00:00,34.8,2017-08-17 14:00:00,25.37,11.4,6.2,0.0
2017-08-18,29.5,30.7,30.4,29.7,30.8,1011.7,30.0,90,27.6,67.5,1.2,1010.8,1012.8,2017-08-18 17:00:00,26.3,2017-08-18 06:00:00,73,2017-08-12 14:00:00,,,292.5,7.3,2017-08-18 22:00:00,35.7,2017-08-18 13:00:00,23.66,9.9,6.8,0.0
2017-08-19,29.6,30.7,30.5,29.8,30.9,1010.9,30.2,90,27.6,315.0,1.5,1009.1,1012.3,2017-08-19 17:00:00,26.0,2017-08-19 06:00:00,73,2017-08-12 14:00:00,,,315.0,6.3,2017-08-19 01:00:00,35.3,2017-08-19 13:00:00,26.00,11.4,7.3,0.0
2017-08-20,29.7,30.9,30.6,30.0,31.0,1007.9,29.8,90,27.6,292.5,1.5,1005.3,1010.2,2017-08-20 17:00:00,26.4,2017-08-20 06:00:00,73,2017-08-12 14:00:00,,,315.0,7.2,2017-08-20 01:00:00,35.1,2017-08-20 15:00:00,23.68,9.8,7.0,0.0
2017-08-21,29.8,31.0,30.8,30.1,31.1,1002.0,30.0,90,27.6,360.0,2.0,998.4,1006.3,2017-08-21 19:00:00,26.8,2017-08-21 06:00:00,73,2017-08-12 14:00:00,,,360.0,8.6,2017-08-21 01:00:00,35.9,2017-08-21 13:00:00,18.65,7.5,7.0,0.0
2017-08-22,29.8,30.8,30.8,30.2,30.9,1000.3,28.5,90,27.6,90.0,1.2,996.0,1004.9,2017-08-22 04:00:00,25.1,2017-08-22 17:00:00,73,2017-08-12 14:00:00,,,225.0,7.9,2017-08-22 23:00:00,34.8,2017-08-22 14:00:00,15.71,5.5,7.0,43.0
2017-08-23,29.9,30.1,30.2,30.1,30.0,1008.0,29.5,90,27.6,180.0,1.6,1005.0,1011.8,2017-08-23 01:00:00,26.0,2017-08-23 01:00:00,73,2017-08-12 14:00:00,,,225.0,9.3,2017-08-23 23:00:00,34.7,2017-08-23 15:00:00,19.23,7.2,4.7,0.0
2017-08-24,29.8,30.0,30.1,29.9,29.9,1011.4,28.0,90,27.6,22.5,1.7,1010.5,1012.2,2017-08-24 14:00:00,25.8,2017-08-24 23:59:59,73,2017-08-12 14:00:00,,,270.0,7.2,2017-08-24 22:00:00,32.4,2017-08-24 12:00:00,11.81,4.6,2.1,9.0
2017-08-25,29.7,29.6,29.6,29.7,29.5,1009.6,28.3,90,27.6,337.5,1.3,1007.5,1011.4,2017-08-25 18:00:00,24.8,2017-08-25 05:00:00,73,2017-08-12 14:00:00,,,315.0,7.2,2017-08-25 01:00:00,32.1,2017-08-25 14:00:00,17.45,7.4,3.4,0.0
2017-08-26,29.6,29.9,29.8,29.6,30.0,1008.8,29.1,90,27.6,292.5,0.8,1007.4,1010.3,2017-08-26 14:00:00,26.9,2017-08-26 04:00:00,73,2017-08-12 14:00:00,,,225.0,7.2,2017-08-26 23:00:00,34.0,2017-08-26 12:00:00,16.59,5.5,3.9,0.0
2017-08-27,29.6,30.1,30.0,29.6,30.1,1012.2,27.8,90,27.6,90.0,1.5,1009.9,1015.1,2017-08-27 02:00:00,24.8,2017-08-27 17:00:00,73,2017-08-12 14:00:00,,,45.0,9.3,2017-08-27 23:00:00,33.6,2017-08-27 13:00:00,14.11,4.6,1.7,5.5
2017-08-28,29.6,29.7,29.8,29.6,29.7,1011.6,28.5,90,27.6,360.0,2.1,1009.6,1014.3,2017-08-28 16:00:00,24.2,2017-08-28 06:00:00,73,2017-08-12 14:00:00,,,337.5,7.7,2017-08-28 01:00:00,33.7,2017-08-28 12:00:00,23.76,9.4,4.9,0.0
2017-08-29,29.6,30.1,29.9,29.6,30.3,1009.2,29.6,90,27.6,315.0,1.1,1007.1,1011.0,2017-08-29 16:00:00,26.6,2017-08-29 05:00:00,73,2017-08-12 14:00:00,,,292.5,6.9,2017-08-29 01:00:00,34.1,2017-08-29 12:00:00,21.78,9.1,5.6,0.0
2017-08-30,29.6,30.5,30.3,29.7,30.6,1007.2,29.4,90,27.6,135.0,1.5,1005.5,1009.0,2017-08-30 15:00:00,25.9,2017-08-30 05:00:00,73,2017-08-12 14:00:00,,,337.5,7.9,2017-08-30 01:00:00,34.4,2017-08-30 13:00:00,18.86,7.6,5.3,0.0
2017-08-31,29.7,30.3,30.3,29.8,30.3,1005.8,28.7,90,27.6,225.0,0.4,1004.4,1007.1,2017-08-31 17:00:00,27.0,2017-08-31 06:00:00,73,2017-08-12 14:00:00,,,337.5,6.9,2017-08-31 10:00:00,31.9,2017-08-31 14:00:00,6.92,0.2,0.9,0.0
2017-09-01,29.7,29.8,29.9,29.8,29.7,1003.8,27.7,90,27.6,180.0,0.7,1002.9,1004.7,2017-09-01 06:00:00,26.3,2017-09-01 09:00:00,73,2017-08-12 14:00:00,,,180.0,5.6,2017-09-01 08:00:00,30.6,2017-09-01 15:00:00,6.69,0.4,0.8,5.0
2017-09-02,29.6,29.5,29.6,29.6,29.4,1005.4,27.4,90,27.6,45.0,1.5,1003.1,1008.3,2017-09-02 04:00:00,25.6,2017-09-02 21:00:00,73,2017-08-12 14:00:00,,,247.5,7.1,2017-09-02 23:00:00,32.4,2017-09-02 12:00:00,10.73,3.2,1.3,1.5
2017-09-03,29.5,29.2,29.3,29.4,29.1,1008.8,28.9,90,27.6,180.0,2.3,1006.8,1011.5,2017-09-03 02:00:00,25.1,2017-09-03 06:00:00,73,2017-08-12 14:00:00,,,180.0,10.0,2017-09-03 23:59:59,34.4,2017-09-03 12:00:00,18.98,7.9,3.6,5.0
2017-09-04,29.4,29.4,29.3,29.3,29.4,1010.7,28.8,90,27.6,292.5,1.4,1009.2,1012.4,2017-09-04 15:00:00,25.3,2017-09-04 04:00:00,73,2017-08-12 14:00:00,,,292.5,6.1,2017-09-04 23:00:00,33.5,2017-09-04 13:00:00,21.96,8.3,4.2,3.0
2017-09-05,29.4,29.8,29.6,29.3,29.9,1009.7,28.8,90,27.6,360.0,1.8,1007.8,1011.5,2017-09-05 17:00:00,25.7,2017-09-05 06:00:00,73,2017-08-12 14:00:00,,,315.0,7.7,2017-09-05 01:00:00,33.8,2017-09-05 13:00:00,23.52,10.2,6.0,0.0
2017-09-06,29.4,30.1,29.9,29.4,30.2,1007.9,28.8,90,27.6,360.0,1.8,1006.8,1009.8,2017-09-06 15:00:00,26.5,2017-09-06 06:00:00,73,2017-08-12 14:00:00,,,270.0,7.7,2017-09-06 22:00:00,32.8,2017-09-06 11:00:00,16.14,5.8,0.0,0.0
2017-09-07,29.5,30.1,30.0,29.5,30.2,1010.0,28.8,90,27.6,180.0,3.1,1008.5,1012.2,2017-09-07 01:00:00,26.2,2017-09-07 22:00:00,73,2017-08-12 14:00:00,,,247.5,10.9,2017-09-07 23:00:00,33.6,2017-09-07 14:00:00,20.28,6.6,0.1,0.0
2017-09-08,29.5,30.0,29.9,29.6,30.0,1011.4,28.6,90,27.6,247.5,1.6,1009.8,1012.9,2017-09-08 18:00:00,25.9,2017-09-08 05:00:00,73,2017-08-12 14:00:00,,,247.5,6.1,2017-09-08 10:00:00,32.5,2017-09-08 13:00:00,15.63,6.2,0.0,0.0
2017-09-09,29.5,30.0,29.9,29.6,30.1,1011.1,28.8,90,27.6,270.0,1.0,1009.7,1012.3,2017-09-09 17:00:00,26.2,2017-09-09 06:00:00,73,2017-08-12 14:00:00,,,270.0,6.3,2017-09-09 10:00:00,32.5,2017-09-09 14:00:00,17.42,7.4,0.0,0.0
2017-09-10,29.6,30.2,30.1,29.6,30.4,1011.9,29.0,90,27.6,292.5,1.1,1011.0,1012.8,2017-09-10 15:00:00,25.9,2017-09-10 06:00:00,73,2017-08-12 14:00:00,,,292.5,7.5,2017-09-10 22:00:00,33.3,2017-09-10 13:00:00,20.17,9.6,0.0,0.0
2017-09-11,29.6,30.5,30.3,29.7,30.8,1010.5,28.8,90,27.6,292.5,1.2,1009.0,1011.6,2017-09-11 17:00:00,25.4,2017-09-11 06:00:00,73,2017-08-12 14:00:00,,,292.5,7.6,2017-09-11 10:00:00,33.0,2017-09-11 14:00:00,22.51,9.8,0.0,0.0
2017-09-12,29.7,30.8,30.6,29.9,31.0,1009.7,29.2,90,27.6,360.0,1.7,1007.8,1011.4,2017-09-12 17:00:00,25.3,2017-09-12 03:00:00,73,2017-08-12 14:00:00,,,337.5,7.9,2017-09-12 09:00:00,34.7,2017-09-12 13:00:00,23.18,10.5,0.0,0.0
2017-09-13,29.8,31.1,30.8,30.1,31.3,1009.2,29.3,90,27.6,22.5,2.3,1007.6,1010.9,2017-09-13 16:00:00,25.7,2017-09-13 23:59:59,73,2017-08-12 14:00:00,,,22.5,9.6,2017-09-13 10:00:00,35.2,2017-09-13 13:00:00,17.04,7.3,0.0,0.0
2017-09-14,29.9,30.8,30.7,30.2,31.0,1008.2,28.6,90,27.6,22.5,2.4,1006.3,1009.3,2017-09-14 17:00:00,25.3,2017-09-14 06:00:00,73,2017-08-12 14:00:00,,,337.5,8.5,2017-09-14 22:00:00,34.7,2017-09-14 13:00:00,23.38,10.3,0.0,0.0
2017-09-15,29.9,31.1,31.0,30.2,31.4,1009.3,29.2,90,27.6,337.5,2.0,1007.7,1010.7,2017-09-15 15:00:00,25.8,2017-09-15 05:00:00,73,2017-08-12 14:00:00,,,292.5,8.9,2017-09-15 09:00:00,35.8,2017-09-15 12:00:00,23.70,10.0,0.0,0.0
2017-09-16,30.0,31.3,31.1,30.3,31.6,1009.1,29.1,90,27.6,315.0,1.4,1006.8,1010.8,2017-09-16 16:00:00,24.6,2017-09-16 07:00:00,73,2017-08-12 14:00:00,,,292.5,6.8,2017-09-16 09:00:00,36.2,2017-09-16 13:00:00,24.59,10.7,0.0,0.0
2017-09-17,30.1,31.5,31.3,30.5,31.8,1009.6,29.2,90,27.6,360.0,1.5,1007.9,1011.2,2017-09-17 15:00:00,25.2,2017-09-17 04:00:00,73,2017-08-12 14:00:00,,,337.5,7.8,2017-09-17 22:00:00,35.5,2017-09-17 13:00:00,22.39,9.5,0.0,0.0
2017-09-18,30.2,31.6,31.4,30.6,31.8,1010.6,28.5,90,27.6,337.5,1.2,1008.8,1011.8,2017-09-18 15:00:00,24.6,2017-09-18 06:00:00,73,2017-08-12 14:00:00,,,292.5,7.5,2017-09-18 09:00:00,35.5,2017-09-18 15:00:00,19.70,9.0,4.7,0.0
2017-09-19,30.3,31.6,31.4,30.6,31.8,1011.2,28.9,90,27.6,360.0,1.2,1009.6,1012.4,2017-09-19 15:00:00,24.9,2017-09-19 06:00:00,73,2017-08-12 14:00:00,,,292.5,5.7,2017-09-19 09:00:00,35.3,2017-09-19 13:00:00,20.81,8.7,5.9,0.0
2017-09-20,30.3,31.6,31.4,30.7,31.8,1010.2,29.3,90,27.6,22.5,1.8,1008.2,1012.0,2017-09-20 15:00:00,24.7,2017-09-20 05:00:00,73,2017-08-12 14:00:00,,,337.5,8.2,2017-09-20 09:00:00,35.9,2017-09-20 14:00:00,22.48,8.2,7.1,0.0
2017-09-21,30.4,31.6,31.5,30.7,31.8,1009.7,29.4,76,24.2,292.5,1.4,1008.1,1011.3,2017-09-21 16:00:00,25.5,2017-09-21 06:00:00,54,2017-09-21 17:00:00,,,270.0,6.3,2017-09-21 23:59:59,34.8,2017-09-21 14:00:00,22.48,9.4,7.1,0.0
2017-09-22,30.4,31.7,31.5,30.8,31.9,1011.3,29.8,80,25.5,360.0,1.3,1010.0,1012.9,2017-09-22 16:00:00,26.2,2017-09-22 06:00:00,56,2017-09-22 12:00:00,,,337.5,6.8,2017-09-22 23:59:59,34.9,2017-09-22 13:00:00,22.48,9.3,7.1,0.0
2017-09-23,30.5,32.0,31.7,30.8,32.3,1012.4,30.0,87,27.2,315.0,1.2,1011.0,1013.6,2017-09-23 15:00:00,26.6,2017-09-23 06:00:00,65,2017-09-23 11:00:00,,,315.0,6.7,2017-09-23 09:00:00,35.3,2017-09-23 14:00:00,22.48,8.8,7.1,0.0
2017-09-24,30.6,32.2,31.9,30.9,32.4,1012.3,30.1,85,26.9,22.5,1.4,1010.7,1013.5,2017-09-24 15:00:00,26.9,2017-09-24 06:00:00,58,2017-09-24 14:00:00,,,292.5,7.0,2017-09-24 23:59:59,35.9,2017-09-24 13:00:00,22.48,8.8,7.1,0.0
2017-09-25,30.6,32.1,32.0,31.0,32.3,1012.6,29.6,87,26.9,67.5,1.4,1010.9,1013.7,2017-09-25 15:00:00,26.1,2017-09-25 06:00:00,64,2017-09-25 11:00:00,,,315.0,6.3,2017-09-25 10:00:00,34.6,2017-09-25 12:00:00,22.48,7.4,7.1,0.0
2017-09-26,30.7,31.9,31.7,31.0,32.0,1011.9,29.4,87,26.7,292.5,1.0,1010.6,1013.4,2017-09-26 16:00:00,26.1,2017-09-26 06:00:00,70,2017-09-26 13:00:00,,,292.5,6.7,2017-09-26 10:00:00,34.9,2017-09-26 13:00:00,22.48,7.4,7.1,0.0
2017-09-27,30.7,32.0,31.8,31.0,32.2,1010.6,29.8,86,26.8,292.5,1.0,1008.4,1012.4,2017-09-27 15:00:00,26.2,2017-09-27 06:00:00,60,2017-09-27 15:00:00,,,292.5,6.1,2017-09-27 09:00:00,35.6,2017-09-27 14:00:00,22.48,8.2,7.1,0.0
2017-09-28,30.8,32.1,31.9,31.1,32.3,1010.9,29.5,88,27.0,292.5,1.5,1009.4,1013.0,2017-09-28 16:00:00,26.3,2017-09-28 06:00:00,69,2017-09-28 12:00:00,,,292.5,8.4,2017-09-28 23:59:59,34.4,2017-09-28 14:00:00,22.48,9.3,7.1,0.0
2017-09-29,30.8,31.9,31.8,31.1,32.1,1013.6,28.3,87,26.6,360.0,1.7,1011.6,1015.7,2017-09-29 03:00:00,24.8,2017-09-29 18:00:00,64,2017-09-29 13:00:00,,,22.5,8.6,2017-09-29 23:59:59,34.9,2017-09-29 13:00:00,22.48,6.8,7.1,0.0
2017-09-30,30.8,31.7,31.6,31.0,31.8,1014.4,29.2,87,26.6,292.5,1.0,1013.2,1015.5,2017-09-30 15:00:00,25.1,2017-09-30 03:00:00,64,2017-09-29 13:00:00,,,270.0,6.4,2017-09-30 09:00:00,35.0,2017-09-30 12:00:00,22.48,9.0,7.1,0.0
2017-10-01,30.8,31.9,31.7,31.0,32.2,1013.1,29.8,87,26.6,292.5,1.5,1010.7,1015.0,2017-10-01 17:00:00,25.7,2017-10-01 06:00:00,64,2017-09-29 13:00:00,,,315.0,6.8,2017-10-01 09:00:00,35.8,2017-10-01 13:00:00,22.79,10.1,6.4,0.0
2017-10-02,30.8,32.3,32.0,31.1,32.6,1012.4,29.9,87,26.6,180.0,1.5,1010.2,1013.7,2017-10-02 16:00:00,25.8,2017-10-02 06:00:00,64,2017-09-29 13:00:00,,,315.0,7.1,2017-10-02 10:00:00,35.5,2017-10-02 12:00:00,20.31,8.4,4.9,0.0
2017-10-03,30.9,32.4,32.2,31.2,32.6,1013.3,29.5,87,26.6,360.0,1.8,1011.8,1015.0,2017-10-03 16:00:00,26.1,2017-10-03 06:00:00,64,2017-09-29 13:00:00,,,315.0,8.0,2017-10-03 23:00:00,34.9,2017-10-03 14:00:00,19.49,8.9,5.8,0.0
2017-10-04,31.0,32.3,32.1,31.3,32.4,1013.8,28.8,87,26.6,22.5,1.8,1012.3,1015.7,2017-10-04 16:00:00,25.9,2017-10-04 06:00:00,64,2017-09-29 13:00:00,,,22.5,6.8,2017-10-04 10:00:00,34.3,2017-10-04 14:00:00,16.87,7.0,5.1,0.0
2017-10-05,31.0,32.0,31.9,31.3,32.1,1013.4,28.4,87,26.6,360.0,1.7,1011.4,1014.7,2017-10-05 16:00:00,24.6,2017-10-05 06:00:00,64,2017-09-29 13:00:00,,,337.5,6.9,2017-10-05 01:00:00,34.3,2017-10-05 14:00:00,18.54,8.2,5.2,0.0
2017-10-06,31.0,32.1,31.9,31.3,32.3,1013.1,28.9,87,26.6,337.5,1.2,1011.4,1014.3,2017-10-06 16:00:00,25.4,2017-10-06 06:00:00,64,2017-09-29 13:00:00,,,315.0,7.5,2017-10-06 01:00:00,34.5,2017-10-06 13:00:00,14.45,7.3,4.5,0.0
2017-10-07,31.0,32.1,32.0,31.3,32.3,1012.3,29.2,87,26.6,292.5,1.1,1010.6,1013.5,2017-10-07 17:00:00,25.5,2017-10-07 06:00:00,64,2017-09-29 13:00:00,,,292.5,5.7,2017-10-07 09:00:00,34.2,2017-10-07 14:00:00,16.16,8.3,4.1,0.0
2017-10-08,31.0,32.0,31.9,31.3,32.0,1010.8,29.2,87,26.6,360.0,0.9,1008.9,1012.5,2017-10-08 15:00:00,25.9,2017-10-08 06:00:00,64,2017-09-29 13:00:00,,,360.0,5.2,2017-10-08 01:00:00,33.1,2017-10-08 13:00:00,11.23,4.5,2.8,0.0
2017-10-09,31.0,31.6,31.6,31.2,31.7,1011.0,29.6,87,26.6,180.0,1.7,1009.7,1012.1,2017-10-09 16:00:00,26.0,2017-10-09 06:00:00,64,2017-09-29 13:00:00,,,247.5,8.0,2017-10-09 01:00:00,34.5,2017-10-09 12:00:00,16.60,6.9,4.6,0.0
2017-10-10,30.9,31.7,31.6,31.1,31.8,1011.1,29.3,87,26.6,292.5,0.9,1009.7,1012.7,2017-10-10 16:00:00,24.5,2017-10-10 06:00:00,64,2017-09-29 13:00:00,,,292.5,6.4,2017-10-10 09:00:00,36.4,2017-10-10 13:00:00,21.36,10.2,0.4,0.0
2017-10-11,30.9,32.1,31.8,31.1,32.3,1010.4,29.7,87,26.6,180.0,1.4,1008.5,1012.3,2017-10-11 15:00:00,25.9,2017-10-11 06:00:00,64,2017-09-29 13:00:00,,,315.0,8.0,2017-10-11 09:00:00,35.9,2017-10-11 12:00:00,22.05,10.2,0.0,0.0
2017-10-12,31.0,32.2,32.0,31.2,32.3,1007.9,28.2,87,26.6,22.5,1.8,1005.3,1010.2,2017-10-12 16:00:00,25.5,2017-10-12 23:59:59,64,2017-09-29 13:00:00,,,360.0,7.0,2017-10-12 08:00:00,33.7,2017-10-12 15:00:00,14.98,6.1,0.0,0.0
2017-10-13,31.0,31.4,31.6,31.3,31.2,1003.9,26.2,87,26.6,22.5,3.7,1001.1,1006.1,2017-10-13 17:00:00,24.5,2017-10-13 21:00:00,64,2017-09-29 13:00:00,,,22.5,9.7,2017-10-13 10:00:00,29.0,2017-10-13 13:00:00,6.81,0.8,0.0,10.5
2017-10-14,31.0,29.9,30.5,31.0,29.5,1002.9,25.2,87,26.6,22.5,0.9,1001.3,1004.5,2017-10-14 06:00:00,24.4,2017-10-14 01:00:00,64,2017-09-29 13:00:00,,,45.0,5.2,2017-10-14 23:00:00,27.5,2017-10-14 10:00:00,3.60,0.0,0.0,12.0
2017-10-15,30.7,28.7,29.3,30.4,28.2,1007.7,25.2,87,26.6,67.5,2.5,1004.2,1011.1,2017-10-15 03:00:00,24.2,2017-10-15 08:00:00,64,2017-09-29 13:00:00,,,67.5,7.7,2017-10-15 23:00:00,26.3,2017-10-15 17:00:00,4.29,0.0,0.2,2.0
2017-10-16,30.4,28.6,28.8,29.8,28.4,1011.3,27.2,87,26.6,360.0,2.2,1009.7,1012.9,2017-10-16 15:00:00,25.2,2017-10-16 05:00:00,64,2017-09-29 13:00:00,,,337.5,6.6,2017-10-16 23:00:00,31.6,2017-10-16 13:00:00,18.01,7.6,3.2,0.5
2017-10-17,30.0,29.2,29.3,29.5,29.2,1011.9,27.2,87,26.6,360.0,2.2,1009.9,1013.7,2017-10-17 16:00:00,25.3,2017-10-17 23:59:59,64,2017-09-29 13:00:00,,,360.0,9.0,2017-10-17 09:00:00,31.2,2017-10-17 14:00:00,17.60,7.9,4.0,0.0
2017-10-18,29.9,29.0,29.2,29.5,28.8,1011.3,26.2,87,26.6,22.5,3.2,1009.9,1012.8,2017-10-18 16:00:00,24.0,2017-10-18 23:59:59,64,2017-09-29 13:00:00,,,22.5,8.3,2017-10-18 09:00:00,30.0,2017-10-18 14:00:00,18.07,8.8,4.1,0.0
2017-10-19,29.8,28.4,28.8,29.4,28.1,1009.1,25.4,87,26.6,22.5,3.7,1007.3,1011.2,2017-10-19 16:00:00,23.3,2017-10-19 04:00:00,64,2017-09-29 13:00:00,,,45.0,9.1,2017-10-19 09:00:00,30.3,2017-10-19 14:00:00,18.94,9.4,4.5,0.0
2017-10-20,29.6,28.0,28.4,29.1,27.7,1008.2,24.7,87,26.6,22.5,4.5,1006.8,1009.5,2017-10-20 15:00:00,22.2,2017-10-20 23:59:59,64,2017-09-29 13:00:00,,,360.0,10.9,2017-10-20 09:00:00,29.6,2017-10-20 12:00:00,15.73,7.6,5.2,0.0
2017-10-21,29.4,27.2,27.8,28.9,26.8,1008.7,22.8,87,26.6,22.5,6.5,1007.4,1010.5,2017-10-21 16:00:00,20.7,2017-10-21 21:00:00,64,2017-09-29 13:00:00,,,22.5,16.2,2017-10-21 10:00:00,26.6,2017-10-21 12:00:00,14.72,6.3,6.0,0.0
2017-10-22,29.2,26.4,27.0,28.4,26.0,1010.4,22.0,87,26.6,22.5,4.3,1008.5,1013.3,2017-10-22 15:00:00,18.2,2017-10-22 23:59:59,64,2017-09-29 13:00:00,,,45.0,9.8,2017-10-22 23:00:00,27.2,2017-10-22 14:00:00,20.52,9.0,5.6,0.0
2017-10-23,28.8,26.3,26.8,28.1,26.1,1014.4,21.6,87,26.6,360.0,1.7,1012.4,1017.2,2017-10-23 04:00:00,16.0,2017-10-23 04:00:00,64,2017-09-29 13:00:00,,,360.0,7.9,2017-10-23 23:00:00,29.8,2017-10-23 14:00:00,19.83,9.4,4.2,0.0
2017-10-24,28.6,26.6,26.9,27.8,26.5,1017.5,22.9,87,26.6,360.0,2.8,1015.9,1019.3,2017-10-24 15:00:00,18.4,2017-10-24 05:00:00,64,2017-09-29 13:00:00,,,360.0,8.6,2017-10-24 09:00:00,29.9,2017-10-24 12:00:00,19.73,9.4,4.6,0.0
2017-10-25,28.4,26.8,27.1,27.7,26.8,1017.3,22.9,87,26.6,360.0,2.2,1015.8,1019.0,2017-10-25 16:00:00,18.3,2017-10-25 06:00:00,64,2017-09-29 13:00:00,,,337.5,8.9,2017-10-25 10:00:00,29.4,2017-10-25 13:00:00,19.56,9.3,3.3,0.0
2017-10-26,28.3,26.8,27.1,27.7,26.6,1014.6,22.9,87,26.6,360.0,2.3,1012.3,1017.1,2017-10-26 16:00:00,18.1,2017-10-26 07:00:00,64,2017-09-29 13:00:00,,,22.5,8.2,2017-10-26 09:00:00,29.4,2017-10-26 14:00:00,19.30,9.4,0.0,0.5
2017-10-27,28.2,26.5,26.9,27.6,26.2,1012.0,22.6,87,26.6,22.5,4.5,1009.8,1013.9,2017-10-27 15:00:00,18.6,2017-10-27 05:00:00,64,2017-09-29 13:00:00,,,360.0,11.2,2017-10-27 09:00:00,28.2,2017-10-27 14:00:00,19.46,9.5,0.0,0.0
2017-10-28,28.1,26.0,26.5,27.5,25.7,1012.9,22.4,87,26.6,22.5,3.8,1010.6,1015.3,2017-10-28 03:00:00,17.9,2017-10-28 23:59:59,64,2017-09-29 13:00:00,,,22.5,9.7,2017-10-28 22:00:00,27.2,2017-10-28 14:00:00,18.08,8.5,0.0,0.0
2017-10-29,27.9,25.8,26.2,27.2,25.5,1016.5,21.8,87,26.6,22.5,3.2,1014.9,1018.4,2017-10-29 01:00:00,16.7,2017-10-29 03:00:00,64,2017-09-29 13:00:00,,,22.5,11.4,2017-10-29 22:00:00,29.3,2017-10-29 14:00:00,19.48,9.6,0.0,0.0
2017-10-30,27.8,25.5,26.0,27.1,25.2,1019.0,20.8,87,26.6,22.5,3.3,1017.7,1020.9,2017-10-30 16:00:00,16.6,2017-10-30 23:59:59,64,2017-09-29 13:00:00,,,22.5,10.9,2017-10-30 09:00:00,27.4,2017-10-30 13:00:00,19.53,9.5,0.0,0.0
2017-10-31,27.6,25.3,25.7,26.9,25.0,1018.3,21.4,87,26.6,360.0,1.4,1016.3,1020.0,2017-10-31 16:00:00,15.6,2017-10-31 06:00:00,64,2017-09-29 13:00:00,,,292.5,7.1,2017-10-31 09:00:00,28.4,2017-10-31 13:00:00,19.33,9.4,0.0,0.0
2017-11-01,27.4,25.4,25.7,26.7,25.2,1016.4,22.4,87,26.6,360.0,1.8,1014.7,1018.3,2017-11-01 15:00:00,16.6,2017-11-01 06:00:00,64,2017-09-29 13:00:00,,,337.5,7.3,2017-11-01 01:00:00,29.3,2017-11-01 13:00:00,19.33,9.5,0.0,0.0
2017-11-02,27.3,25.7,25.9,26.6,25.5,1013.8,24.3,87,26.6,360.0,3.1,1011.8,1015.7,2017-11-02 14:00:00,20.4,2017-11-02 06:00:00,64,2017-09-29 13:00:00,,,22.5,8.7,2017-11-02 01:00:00,31.3,2017-11-02 12:00:00,19.33,7.3,0.0,0.0
2017-11-03,27.2,25.9,26.1,26.6,25.8,1014.9,23.9,87,26.6,22.5,4.0,1013.1,1017.0,2017-11-03 05:00:00,21.6,2017-11-03 20:00:00,64,2017-09-29 13:00:00,,,22.5,9.4,2017-11-03 23:00:00,28.8,2017-11-03 14:00:00,19.33,2.4,0.0,0.5
2017-11-04,27.2,25.7,26.0,26.6,25.5,1016.7,22.6,87,26.6,22.5,4.1,1015.4,1018.3,2017-11-04 14:00:00,19.1,2017-11-04 23:59:59,64,2017-09-29 13:00:00,,,22.5,10.4,2017-11-04 23:00:00,28.1,2017-11-04 13:00:00,19.33,5.4,0.0,0.0
2017-11-05,27.1,25.5,25.8,26.5,25.2,1017.2,22.0,87,26.6,360.0,1.9,1015.7,1018.8,2017-11-05 15:00:00,18.2,2017-11-05 07:00:00,64,2017-09-29 13:00:00,,,360.0,6.8,2017-11-05 09:00:00,27.9,2017-11-05 14:00:00,19.33,6.5,0.0,0.0
2017-11-06,27.0,25.5,25.8,26.4,25.3,1016.2,23.2,87,26.6,360.0,1.1,1014.4,1017.9,2017-11-06 16:00:00,19.8,2017-11-06 06:00:00,64,2017-09-29 13:00:00,,,22.5,6.7,2017-11-06 10:00:00,28.2,2017-11-06 14:00:00,19.33,1.3,0.0,0.0
2017-11-07,27.0,25.8,25.9,26.4,25.7,1016.2,24.6,87,26.6,337.5,1.5,1014.9,1017.5,2017-11-07 14:00:00,22.0,2017-11-07 05:00:00,64,2017-09-29 13:00:00,,,292.5,7.1,2017-11-07 10:00:00,30.2,2017-11-07 12:00:00,19.33,9.0,0.0,0.0
2017-11-08,26.9,26.2,26.2,26.4,26.1,1015.3,24.6,87,26.6,22.5,3.1,1013.6,1016.8,2017-11-08 16:00:00,21.7,2017-11-08 23:59:59,64,2017-09-29 13:00:00,,,337.5,8.6,2017-11-08 09:00:00,30.4,2017-11-08 12:00:00,19.33,9.2,0.0,0.0
2017-11-09,27.0,26.3,26.4,26.5,26.2,1014.7,24.2,87,26.6,360.0,1.4,1013.4,1015.9,2017-11-09 15:00:00,20.1,2017-11-09 05:00:00,64,2017-09-29 13:00:00,,,360.0,6.4,2017-11-09 09:00:00,30.2,2017-11-09 12:00:00,19.33,8.1,0.0,0.0
2017-11-10,27.0,26.4,26.5,26.6,26.3,1015.0,24.3,87,26.6,360.0,1.7,1013.5,1016.4,2017-11-10 15:00:00,21.7,2017-11-10 06:00:00,64,2017-09-29 13:00:00,,,22.5,6.2,2017-11-10 09:00:00,28.4,2017-11-10 12:00:00,19.33,2.0,0.0,0.0
2017-11-11,27.0,26.4,26.5,26.7,26.2,1014.6,23.2,87,26.6,360.0,2.1,1013.6,1015.7,2017-11-11 15:00:00,20.8,2017-11-11 23:00:00,64,2017-09-29 13:00:00,,,22.5,5.8,2017-11-11 11:00:00,25.6,2017-11-11 12:00:00,4.70,0.0,0.6,8.0
2017-11-12,27.1,25.9,26.2,26.6,25.7,1013.8,22.0,87,26.6,360.0,2.3,1012.3,1015.3,2017-11-12 15:00:00,20.2,2017-11-12 03:00:00,64,2017-09-29 13:00:00,,,337.5,6.1,2017-11-12 10:00:00,25.2,2017-11-12 12:00:00,7.73,1.1,1.2,1.0
2017-11-13,27.0,25.7,26.0,26.5,25.6,1013.1,23.1,87,26.6,22.5,2.6,1011.3,1014.5,2017-11-13 16:00:00,21.1,2017-11-13 03:00:00,64,2017-09-29 13:00:00,,,45.0,7.6,2017-11-13 10:00:00,26.8,2017-11-13 13:00:00,10.65,3.5,2.2,0.0
2017-11-14,26.9,25.9,26.0,26.4,25.8,1014.3,24.1,87,26.6,22.5,2.1,1012.6,1015.9,2017-11-14 15:00:00,21.3,2017-11-14 23:59:59,64,2017-09-29 13:00:00,,,337.5,7.1,2017-11-14 10:00:00,29.9,2017-11-14 13:00:00,15.29,7.5,3.1,0.0
2017-11-15,26.9,26.1,26.2,26.5,26.0,1015.6,23.8,87,26.6,360.0,1.7,1014.2,1017.2,2017-11-15 16:00:00,21.3,2017-11-15 01:00:00,64,2017-09-29 13:00:00,,,337.5,6.4,2017-11-15 10:00:00,29.8,2017-11-15 14:00:00,13.73,6.3,2.7,0.0
2017-11-16,26.9,26.0,26.2,26.5,26.0,1015.1,23.7,87,26.6,22.5,1.2,1012.7,1017.2,2017-11-16 15:00:00,20.1,2017-11-16 06:00:00,64,2017-09-29 13:00:00,,,292.5,6.0,2017-11-16 10:00:00,31.1,2017-11-16 14:00:00,15.97,7.7,1.6,0.0
2017-11-17,26.8,26.2,26.2,26.5,26.1,1012.1,25.1,87,26.6,22.5,0.7,1009.5,1014.2,2017-11-17 15:00:00,21.4,2017-11-17 02:00:00,64,2017-09-29 13:00:00,,,292.5,5.1,2017-11-17 09:00:00,33.3,2017-11-17 14:00:00,16.37,7.3,3.4,0.0
2017-11-18,26.9,26.4,26.4,26.5,26.3,1012.1,23.9,87,26.6,360.0,3.1,1010.3,1015.5,2017-11-18 15:00:00,19.5,2017-11-18 23:00:00,64,2017-09-29 13:00:00,,,360.0,9.9,2017-11-18 23:59:59,30.0,2017-11-18 11:00:00,16.59,9.4,7.1,0.0
2017-11-19,26.9,25.8,26.2,26.5,25.6,1016.8,21.1,87,26.6,360.0,2.4,1014.8,1019.0,2017-11-19 15:00:00,18.2,2017-11-19 05:00:00,64,2017-09-29 13:00:00,,,22.5,7.2,2017-11-19 23:00:00,26.5,2017-11-19 14:00:00,10.83,5.9,3.7,0.0
2017-11-20,26.8,25.5,25.8,26.4,25.3,1017.6,21.4,87,26.6,360.0,3.1,1015.4,1018.7,2017-11-20 15:00:00,18.7,2017-11-20 23:59:59,64,2017-09-29 13:00:00,,,337.5,9.6,2017-11-20 01:00:00,27.5,2017-11-20 13:00:00,15.07,7.1,3.6,0.0
2017-11-21,26.7,25.4,25.6,26.2,25.2,1016.3,22.2,87,26.6,360.0,2.1,1014.0,1018.3,2017-11-21 15:00:00,18.6,2017-11-21 03:00:00,64,2017-09-29 13:00:00,,,337.5,6.1,2017-11-21 01:00:00,28.9,2017-11-21 13:00:00,16.32,8.3,3.1,0.0
2017-11-22,26.7,25.5,25.7,26.2,25.3,1015.0,21.8,87,26.6,360.0,4.2,1012.5,1016.8,2017-11-22 14:00:00,18.3,2017-11-22 23:59:59,64,2017-09-29 13:00:00,,,22.5,10.3,2017-11-22 23:59:59,27.6,2017-11-22 13:00:00,12.52,5.1,3.8,0.0
2017-11-23,26.6,25.0,25.4,26.1,24.6,1017.9,19.1,87,26.6,22.5,4.7,1016.5,1019.7,2017-11-23 15:00:00,16.4,2017-11-23 23:00:00,64,2017-09-29 13:00:00,,,22.5,11.6,2017-11-23 22:00:00,25.0,2017-11-23 13:00:00,14.86,7.8,7.9,0.0
2017-11-24,26.5,24.2,24.8,25.9,23.8,1020.3,19.2,87,26.6,22.5,3.6,1018.8,1022.6,2017-11-24 16:00:00,17.1,2017-11-24 01:00:00,64,2017-09-29 13:00:00,,,22.5,9.9,2017-11-24 10:00:00,23.2,2017-11-24 13:00:00,10.24,5.4,2.9,0.0
2017-11-25,26.3,23.9,24.4,25.6,23.5,1020.6,20.5,87,26.6,22.5,3.7,1018.4,1022.2,2017-11-25 16:00:00,17.1,2017-11-25 04:00:00,64,2017-09-29 13:00:00,,,337.5,9.9,2017-11-25 09:00:00,25.4,2017-11-25 14:00:00,16.13,7.3,2.8,0.0
2017-11-26,26.1,24.1,24.4,25.3,23.9,1019.3,22.1,87,26.6,22.5,4.1,1017.5,1021.2,2017-11-26 16:00:00,19.4,2017-11-26 23:59:59,64,2017-09-29 13:00:00,,,337.5,10.2,2017-11-26 09:00:00,27.9,2017-11-26 12:00:00,13.32,5.8,2.9,1.0
2017-11-27,26.0,24.3,24.6,25.3,24.2,1017.1,22.0,87,26.6,22.5,2.2,1014.8,1019.0,2017-11-27 15:00:00,19.1,2017-11-27 06:00:00,64,2017-09-29 13:00:00,,,360.0,6.7,2017-11-27 09:00:00,28.4,2017-11-27 14:00:00,15.72,8.5,2.7,0.0
2017-11-28,25.9,24.6,24.8,25.3,24.4,1017.2,22.7,87,26.6,360.0,1.0,1015.4,1019.1,2017-11-28 15:00:00,18.5,2017-11-28 07:00:00,64,2017-09-29 13:00:00,,,315.0,6.9,2017-11-28 10:00:00,30.3,2017-11-28 14:00:00,15.82,8.7,3.4,0.0
2017-11-29,25.9,24.9,25.0,25.3,24.9,1017.2,23.6,87,26.6,360.0,1.1,1015.1,1018.7,2017-11-29 15:00:00,21.3,2017-11-29 01:00:00,64,2017-09-29 13:00:00,,,247.5,5.3,2017-11-29 09:00:00,28.4,2017-11-29 14:00:00,13.99,7.7,3.6,0.0
2017-11-30,25.9,25.1,25.2,25.4,24.9,1016.0,22.3,87,26.6,360.0,3.2,1013.8,1017.6,2017-11-30 16:00:00,20.0,2017-11-30 23:59:59,64,2017-09-29 13:00:00,,,360.0,7.9,2017-11-30 10:00:00,26.1,2017-11-30 14:00:00,7.08,2.7,2.8,0.0
2017-12-01,26.0,24.7,25.0,25.5,24.5,1016.6,21.2,87,26.6,22.5,3.8,1015.4,1018.0,2017-12-01 15:00:00,19.4,2017-12-01 23:00:00,64,2017-09-29 13:00:00,,,22.5,9.4,2017-12-01 22:00:00,26.5,2017-12-01 14:00:00,12.68,5.2,3.3,0.0
2017-12-02,25.9,24.5,24.8,25.4,24.3,1017.0,21.1,87,26.6,360.0,3.4,1015.3,1018.6,2017-12-02 15:00:00,18.9,2017-12-02 02:00:00,64,2017-09-29 13:00:00,,,360.0,8.2,2017-12-02 09:00:00,25.6,2017-12-02 14:00:00,9.99,3.0,2.6,0.0
2017-12-03,25.8,24.3,24.6,25.3,24.1,1015.8,21.3,87,26.6,22.5,3.4,1013.3,1017.8,2017-12-03 16:00:00,19.2,2017-12-03 03:00:00,64,2017-09-29 13:00:00,,,22.5,8.3,2017-12-03 09:00:00,25.3,2017-12-03 16:00:00,7.97,2.1,1.5,0.5
2017-12-04,25.8,24.0,24.4,25.2,23.7,1016.2,19.7,87,26.6,22.5,4.1,1014.5,1017.3,2017-12-04 15:00:00,15.8,2017-12-04 23:59:59,64,2017-09-29 13:00:00,,,22.5,13.6,2017-12-04 09:00:00,24.8,2017-12-04 14:00:00,14.42,8.6,2.7,0.0
2017-12-05,25.7,23.5,24.0,25.0,23.1,1018.5,18.1,87,26.6,22.5,3.7,1016.8,1021.0,2017-12-05 17:00:00,13.8,2017-12-05 23:59:59,64,2017-09-29 13:00:00,,,360.0,10.4,2017-12-05 09:00:00,23.0,2017-12-05 13:00:00,15.53,7.9,4.6,0.0
2017-12-06,25.5,23.0,23.6,24.8,22.6,1018.0,16.9,87,26.6,360.0,2.6,1016.9,1019.1,2017-12-06 03:00:00,13.1,2017-12-06 02:00:00,64,2017-09-29 13:00:00,,,360.0,7.9,2017-12-06 10:00:00,22.2,2017-12-06 12:00:00,7.02,2.2,1.9,0.5
2017-12-07,25.4,22.7,23.2,24.5,22.4,1016.8,18.8,87,26.6,22.5,3.7,1014.8,1018.2,2017-12-07 15:00:00,15.4,2017-12-07 06:00:00,64,2017-09-29 13:00:00,,,337.5,8.8,2017-12-07 08:00:00,26.1,2017-12-07 11:00:00,15.21,6.9,1.9,0.5
2017-12-08,25.2,22.6,23.2,24.3,22.1,1018.5,15.3,87,26.6,22.5,5.5,1017.1,1019.7,2017-12-08 16:00:00,13.3,2017-12-08 20:00:00,64,2017-09-29 13:00:00,,,22.5,13.3,2017-12-08 21:00:00,17.3,2017-12-08 01:00:00,3.98,0.0,2.6,0.0
2017-12-09,25.0,21.6,22.4,24.1,21.1,1018.2,14.3,87,26.6,360.0,1.8,1016.5,1019.8,2017-12-09 16:00:00,11.9,2017-12-09 23:59:59,64,2017-09-29 13:00:00,,,45.0,6.5,2017-12-09 10:00:00,18.8,2017-12-09 15:00:00,6.59,2.1,0.6,0.5
2017-12-10,24.7,21.2,21.9,23.7,20.8,1017.3,16.4,87,26.6,360.0,2.4,1016.0,1018.8,2017-12-10 15:00:00,11.6,2017-12-10 07:00:00,64,2017-09-29 13:00:00,,,337.5,7.7,2017-12-10 10:00:00,23.0,2017-12-10 13:00:00,15.36,9.1,1.8,0.0
2017-12-11,24.5,21.4,21.9,23.4,21.0,1016.8,18.1,75,13.1,360.0,2.9,1015.0,1018.0,2017-12-11 15:00:00,13.6,2017-12-11 05:00:00,51,2017-12-11 13:00:00,,,337.5,8.8,2017-12-11 10:00:00,24.5,2017-12-11 13:00:00,15.74,8.0,3.1,0.0
2017-12-12,24.3,21.5,22.0,23.3,21.2,1018.0,17.8,80,14.2,360.0,2.5,1016.6,1020.4,2017-12-12 05:00:00,15.7,2017-12-12 05:00:00,68,2017-12-12 14:00:00,,,360.0,9.9,2017-12-12 10:00:00,20.6,2017-12-12 14:00:00,3.05,0.0,1.4,0.0
2017-12-13,24.1,21.5,21.9,23.1,21.3,1017.2,19.4,83,16.2,360.0,1.9,1015.7,1018.5,2017-12-13 15:00:00,16.4,2017-12-13 07:00:00,55,2017-12-13 14:00:00,,,337.5,6.4,2017-12-13 09:00:00,26.5,2017-12-13 14:00:00,12.24,4.8,2.1,0.0
2017-12-14,24.0,21.9,22.2,23.1,21.7,1017.8,19.3,83,15.9,360.0,1.6,1016.4,1019.0,2017-12-14 15:00:00,13.9,2017-12-14 07:00:00,62,2017-12-14 15:00:00,,,360.0,6.8,2017-12-14 10:00:00,25.4,2017-12-14 14:00:00,15.88,9.0,3.0,0.0
2017-12-15,24.0,22.2,22.4,23.2,22.0,1018.4,19.5,88,17.3,360.0,1.8,1016.4,1019.6,2017-12-15 15:00:00,15.7,2017-12-15 07:00:00,69,2017-12-15 12:00:00,,,315.0,6.8,2017-12-15 10:00:00,25.3,2017-12-15 13:00:00,15.18,8.0,2.6,0.0
2017-12-16,24.0,22.4,22.6,23.2,22.1,1020.0,17.8,87,15.5,360.0,5.2,1018.2,1021.4,2017-12-16 15:00:00,14.7,2017-12-16 23:00:00,76,2017-12-16 23:59:59,,,22.5,14.4,2017-12-16 10:00:00,20.8,2017-12-16 14:00:00,4.43,0.4,2.7,0.0
2017-12-17,24.0,21.6,22.2,23.3,21.2,1022.5,15.0,73,10.0,360.0,4.1,1021.2,1023.8,2017-12-17 01:00:00,12.5,2017-12-17 23:59:59,62,2017-12-17 13:00:00,,,22.5,9.5,2017-12-17 10:00:00,17.7,2017-12-17 15:00:00,7.06,0.2,2.6,0.0
2017-12-18,23.9,21.1,21.7,23.0,20.7,1021.8,16.6,75,11.9,360.0,3.8,1019.4,1023.6,2017-12-18 15:00:00,12.7,2017-12-18 02:00:00,60,2017-12-18 13:00:00,,,360.0,9.3,2017-12-18 09:00:00,21.5,2017-12-18 15:00:00,12.26,6.3,3.1,0.0
2017-12-19,23.7,21.1,21.6,22.8,20.7,1022.1,16.5,76,12.1,22.5,5.6,1019.9,1023.8,2017-12-19 15:00:00,14.9,2017-12-19 23:59:59,65,2017-12-19 15:00:00,,,22.5,12.8,2017-12-19 23:59:59,19.6,2017-12-19 14:00:00,10.39,4.5,3.2,0.0
2017-12-20,23.6,20.9,21.4,22.7,20.5,1024.8,16.4,73,11.3,22.5,4.2,1023.3,1026.3,2017-12-20 15:00:00,13.7,2017-12-20 23:00:00,55,2017-12-20 14:00:00,,,22.5,13.9,2017-12-20 10:00:00,21.5,2017-12-20 14:00:00,10.81,6.8,2.8,0.5
2017-12-21,23.5,20.7,21.2,22.5,20.3,1024.0,16.8,63,9.5,22.5,2.5,1021.8,1025.9,2017-12-21 16:00:00,12.2,2017-12-21 06:00:00,49,2017-12-21 15:00:00,,,22.5,6.9,2017-12-21 09:00:00,22.9,2017-12-21 14:00:00,16.23,8.8,2.8,0.0
2017-12-22,23.3,20.8,21.2,22.4,20.4,1020.6,16.5,79,12.3,315.0,1.3,1018.2,1022.8,2017-12-22 15:00:00,9.9,2017-12-22 07:00:00,49,2017-12-22 14:00:00,,,292.5,6.5,2017-12-22 01:00:00,24.4,2017-12-22 14:00:00,15.72,9.0,2.4,0.0
2017-12-23,23.3,20.9,21.2,22.3,20.6,1017.5,17.5,87,14.9,292.5,1.5,1015.1,1019.2,2017-12-23 15:00:00,12.5,2017-12-23 05:00:00,63,2017-12-23 13:00:00,,,292.5,5.5,2017-12-23 09:00:00,23.6,2017-12-23 13:00:00,16.34,9.1,2.2,0.0
2017-12-24,23.2,21.1,21.4,22.3,20.9,1017.3,18.8,84,15.8,22.5,3.7,1014.7,1019.4,2017-12-24 16:00:00,13.1,2017-12-24 01:00:00,60,2017-12-24 16:00:00,,,22.5,10.2,2017-12-24 10:00:00,25.3,2017-12-24 14:00:00,14.64,6.9,3.5,0.0
2017-12-25,23.2,21.3,21.6,22.3,21.1,1018.6,18.5,63,11.1,360.0,3.3,1016.8,1020.4,2017-12-25 02:00:00,16.5,2017-12-25 08:00:00,50,2017-12-25 13:00:00,,,22.5,8.3,2017-12-25 22:00:00,22.1,2017-12-25 13:00:00,7.84,2.8,3.5,0.0
2017-12-26,23.1,21.3,21.6,22.4,21.1,1020.4,18.7,72,13.4,360.0,2.1,1018.6,1022.1,2017-12-26 15:00:00,14.9,2017-12-26 23:00:00,57,2017-12-26 13:00:00,,,360.0,7.4,2017-12-26 10:00:00,24.6,2017-12-26 14:00:00,13.52,7.5,2.9,0.0
2017-12-27,23.1,21.3,21.7,22.4,21.1,1020.5,17.6,84,14.5,315.0,1.0,1018.6,1021.9,2017-12-27 15:00:00,12.2,2017-12-27 07:00:00,60,2017-12-27 13:00:00,,,315.0,5.7,2017-12-27 09:00:00,24.7,2017-12-27 12:00:00,14.89,8.7,2.1,0.0
2017-12-28,23.1,21.4,21.7,22.4,21.2,1020.4,19.8,85,16.9,270.0,1.2,1018.7,1021.5,2017-12-28 15:00:00,16.2,2017-12-28 07:00:00,62,2017-12-28 13:00:00,,,292.5,7.0,2017-12-28 10:00:00,25.5,2017-12-28 13:00:00,10.74,4.6,1.9,0.0
2017-12-29,23.1,21.7,21.9,22.4,21.5,1020.9,19.4,86,16.7,360.0,3.2,1018.8,1023.1,2017-12-29 16:00:00,15.7,2017-12-29 23:59:59,63,2017-12-29 13:00:00,,,22.5,9.3,2017-12-29 09:00:00,25.0,2017-12-29 14:00:00,15.25,7.3,3.5,0.0
2017-12-30,23.1,21.7,21.9,22.5,21.5,1021.2,18.8,88,16.5,360.0,2.2,1018.9,1022.6,2017-12-30 15:00:00,14.3,2017-12-30 06:00:00,61,2017-12-30 12:00:00,,,337.5,10.2,2017-12-30 10:00:00,25.4,2017-12-30 12:00:00,15.52,8.1,2.8,0.0
2017-12-31,23.2,21.6,21.9,22.6,21.4,1020.4,17.1,81,13.5,360.0,3.3,1018.6,1022.2,2017-12-31 16:00:00,14.4,2017-12-31 07:00:00,63,2017-12-31 15:00:00,,,337.5,9.3,2017-12-31 10:00:00,22.4,2017-12-31 13:00:00,13.93,8.1,3.1,0.0
